nohup: ignoring input
2026-08-29 09:36:31 [INFO] uvh_test.main: Processing video: /home/users/oauser/mvsa/realrun/test.mp4
2026-08-29 09:36:31 [INFO] uvh_test.detector: Loading YOLO model from /storage/users/oauser/mvsa/models/UVH-26/weights/YOLOv11-S/UVH-26-MV-YOLOv11-S.pt
2026-08-29 09:36:32 [INFO] uvh_test.detector: Loaded 14 classes.
2026-08-29 09:36:32 [INFO] uvh_test.main: goods_crops: save-all mode -- every frame of every Goods Vehicle track will be written to disk
2026-08-29 09:36:47 [DEBUG] uvh_test.counter: track_id: 1, frame: 447, previous_bottom_center: (1274.7138671875, 363.76218), current_bottom_center: (1313.60009765625, 357.17612), previous_side: -2.85, current_side: 28.40, side_transition: True, crossing_result: True, direction: A_TO_B
2026-08-29 09:36:47 [DEBUG] uvh_test.main: frame=447 COUNTED track_id=1 class=Two-wheeler
2026-08-29 09:36:54 [DEBUG] uvh_test.counter: track_id: 4, frame: 651, previous_bottom_center: (1511.919921875, 695.8273), current_bottom_center: (1575.644775390625, 632.2179), previous_side: -85.36, current_side: 4.61, side_transition: True, crossing_result: True, direction: A_TO_B
2026-08-29 09:36:54 [DEBUG] uvh_test.counter: track_id: 5, frame: 651, previous_bottom_center: (1609.713134765625, 693.70685), current_bottom_center: (1641.4854736328125, 662.18506), previous_side: -17.36, current_side: 27.35, side_transition: True, crossing_result: True, direction: A_TO_B
2026-08-29 09:36:54 [INFO] uvh_test.counter: SAFETY NET REJECTION: Rejecting tid=5 as duplicate of class Truck, prev_tid=4, dist=72.3px, thresh=300.0px, bbox_size=458.9x384.3
2026-08-29 09:36:54 [DEBUG] uvh_test.main: frame=651 COUNTED track_id=4 class=Truck
2026-08-29 09:36:54 [DEBUG] uvh_test.counter: track_id: 3, frame: 655, previous_bottom_center: (1560.856689453125, 646.3665), current_bottom_center: (1592.14990234375, 646.5027), previous_side: -15.82, current_side: 5.34, side_transition: True, crossing_result: True, direction: A_TO_B
2026-08-29 09:36:54 [INFO] uvh_test.counter: SAFETY NET REJECTION: Rejecting tid=3 as duplicate of class Truck, prev_tid=4, dist=21.8px, thresh=300.0px, bbox_size=458.9x384.3
2026-08-29 09:36:54 [DEBUG] uvh_test.counter: track_id: 6, frame: 655, previous_bottom_center: (1608.959716796875, 694.17426), current_bottom_center: (1640.8155517578125, 693.7789), previous_side: -18.22, current_side: 3.72, side_transition: True, crossing_result: True, direction: A_TO_B
2026-08-29 09:36:54 [INFO] uvh_test.counter: SAFETY NET REJECTION: Rejecting tid=6 as duplicate of class Truck, prev_tid=4, dist=89.6px, thresh=300.0px, bbox_size=458.9x384.3
2026-08-29 09:37:12 [DEBUG] uvh_test.counter: track_id: 16, frame: 1179, previous_bottom_center: (1461.075439453125, 551.6604), current_bottom_center: (1497.083984375, 551.6635), previous_side: -14.11, current_side: 10.35, side_transition: True, crossing_result: True, direction: A_TO_B
2026-08-29 09:37:12 [DEBUG] uvh_test.main: frame=1179 COUNTED track_id=16 class=SUV
2026-08-29 09:37:12 [DEBUG] uvh_test.counter: track_id: 13, frame: 1180, previous_bottom_center: (1409.891845703125, 510.92874), current_bottom_center: (1446.275146484375, 474.14206), previous_side: -19.00, current_side: 32.71, side_transition: True, crossing_result: True, direction: A_TO_B
2026-08-29 09:37:12 [INFO] uvh_test.counter: SAFETY NET REJECTION: Rejecting tid=13 as duplicate of class SUV, prev_tid=16, dist=92.7px, thresh=150.0px, bbox_size=282.6x216.6
2026-08-29 09:37:37 [DEBUG] uvh_test.counter: track_id: 22, frame: 2011, previous_bottom_center: (1255.587646484375, 377.3717), current_bottom_center: (1289.755126953125, 371.66684), previous_side: -25.83, current_side: 1.57, side_transition: True, crossing_result: True, direction: A_TO_B
2026-08-29 09:37:37 [DEBUG] uvh_test.main: frame=2011 COUNTED track_id=22 class=SUV
2026-08-29 09:37:44 [DEBUG] uvh_test.counter: track_id: 24, frame: 2239, previous_bottom_center: (1281.232666015625, 369.53418), current_bottom_center: (1309.8779296875, 364.0851), previous_side: -2.66, current_side: 20.80, side_transition: True, crossing_result: True, direction: A_TO_B
2026-08-29 09:37:44 [DEBUG] uvh_test.main: frame=2239 COUNTED track_id=24 class=Two-wheeler
2026-08-29 09:38:08 [DEBUG] uvh_test.counter: track_id: 28, frame: 2976, previous_bottom_center: (1276.1124267578125, 361.75323), current_bottom_center: (1283.10546875, 360.5862), previous_side: -0.43, current_side: 5.18, side_transition: True, crossing_result: True, direction: A_TO_B
2026-08-29 09:38:08 [DEBUG] uvh_test.main: frame=2976 COUNTED track_id=28 class=Two-wheeler
2026-08-29 09:38:36 [DEBUG] uvh_test.counter: track_id: 31, frame: 3831, previous_bottom_center: (1429.9296875, 536.5176), current_bottom_center: (1479.280517578125, 522.5226), previous_side: -24.16, current_side: 19.63, side_transition: True, crossing_result: True, direction: A_TO_B
2026-08-29 09:38:36 [DEBUG] uvh_test.main: frame=3831 COUNTED track_id=31 class=Two-wheeler
2026-08-29 09:38:44 [DEBUG] uvh_test.counter: track_id: 34, frame: 4079, previous_bottom_center: (1298.188232421875, 409.00015), current_bottom_center: (1325.35107421875, 402.73306), previous_side: -20.10, current_side: 2.96, side_transition: True, crossing_result: True, direction: A_TO_B
2026-08-29 09:38:44 [DEBUG] uvh_test.main: frame=4079 COUNTED track_id=34 class=Two-wheeler
2026-08-29 09:38:46 [DEBUG] uvh_test.counter: track_id: 32, frame: 4135, previous_bottom_center: (1274.3043212890625, 365.26788), current_bottom_center: (1294.3197021484375, 361.80734), previous_side: -4.23, current_side: 11.90, side_transition: True, crossing_result: True, direction: A_TO_B
2026-08-29 09:38:46 [INFO] uvh_test.counter: SAFETY NET REJECTION: Rejecting tid=32 as duplicate of class Two-wheeler, prev_tid=34, dist=51.4px, thresh=150.0px, bbox_size=150.6x128.4
2026-08-29 09:39:00 [DEBUG] uvh_test.counter: track_id: 35, frame: 4555, previous_bottom_center: (1617.67724609375, 721.06635), current_bottom_center: (1648.890380859375, 698.1055), previous_side: -32.03, current_side: 6.03, side_transition: True, crossing_result: True, direction: A_TO_B
2026-08-29 09:39:00 [DEBUG] uvh_test.main: frame=4555 COUNTED track_id=35 class=Two-wheeler
2026-08-29 09:39:11 [DEBUG] uvh_test.counter: track_id: 39, frame: 4915, previous_bottom_center: (1470.339599609375, 596.0647), current_bottom_center: (1534.5931396484375, 595.3811), previous_side: -40.40, current_side: 3.75, side_transition: True, crossing_result: True, direction: A_TO_B
2026-08-29 09:39:11 [DEBUG] uvh_test.main: frame=4915 COUNTED track_id=39 class=Sedan
2026-08-29 09:39:11 [DEBUG] uvh_test.counter: track_id: 38, frame: 4916, previous_bottom_center: (1496.8251953125, 593.4024), current_bottom_center: (1506.1702880859375, 553.0473), previous_side: -20.46, current_side: 15.50, side_transition: True, crossing_result: True, direction: A_TO_B
2026-08-29 09:39:11 [INFO] uvh_test.counter: SAFETY NET REJECTION: Rejecting tid=38 as duplicate of class Sedan, prev_tid=39, dist=51.0px, thresh=150.0px, bbox_size=320.2x252.4
2026-08-29 09:39:53 [DEBUG] uvh_test.counter: track_id: 46, frame: 6288, previous_bottom_center: (1258.36181640625, 392.64893), current_bottom_center: (1308.2451171875, 381.76352), previous_side: -35.16, current_side: 6.72, side_transition: True, crossing_result: True, direction: A_TO_B
2026-08-29 09:39:53 [DEBUG] uvh_test.main: frame=6288 COUNTED track_id=46 class=Two-wheeler
2026-08-29 09:40:10 [DEBUG] uvh_test.counter: track_id: 48, frame: 6810, previous_bottom_center: (1253.3155517578125, 345.16757), current_bottom_center: (1259.361572265625, 344.12653), previous_side: -3.74, current_side: 1.13, side_transition: True, crossing_result: True, direction: A_TO_B
2026-08-29 09:40:10 [DEBUG] uvh_test.main: frame=6810 COUNTED track_id=48 class=Two-wheeler
2026-08-29 09:40:24 [DEBUG] uvh_test.counter: track_id: 50, frame: 7247, previous_bottom_center: (1549.1199951171875, 656.49994), current_bottom_center: (1625.573974609375, 611.1142), previous_side: -31.23, current_side: 54.02, side_transition: True, crossing_result: True, direction: A_TO_B
2026-08-29 09:40:24 [DEBUG] uvh_test.main: frame=7247 COUNTED track_id=50 class=Two-wheeler
2026-08-29 09:40:25 [DEBUG] uvh_test.counter: track_id: 51, frame: 7280, previous_bottom_center: (1404.573486328125, 494.98737), current_bottom_center: (1416.445068359375, 489.81467), previous_side: -10.92, current_side: 0.95, side_transition: True, crossing_result: True, direction: A_TO_B
2026-08-29 09:40:25 [DEBUG] uvh_test.main: frame=7280 COUNTED track_id=51 class=Two-wheeler
2026-08-29 09:40:29 [DEBUG] uvh_test.counter: track_id: 59, frame: 7395, previous_bottom_center: (1321.0322265625, 407.7939), current_bottom_center: (1352.39990234375, 407.74875), previous_side: -3.69, current_side: 17.65, side_transition: True, crossing_result: True, direction: A_TO_B
2026-08-29 09:40:29 [DEBUG] uvh_test.main: frame=7395 COUNTED track_id=59 class=Bus
2026-08-29 09:40:29 [DEBUG] uvh_test.counter: track_id: 58, frame: 7399, previous_bottom_center: (1269.504150390625, 406.28995), current_bottom_center: (1364.63427734375, 437.54184), previous_side: -37.60, current_side: 4.10, side_transition: True, crossing_result: True, direction: A_TO_B
2026-08-29 09:40:29 [INFO] uvh_test.counter: SAFETY NET REJECTION: Rejecting tid=58 as duplicate of class Bus, prev_tid=59, dist=32.2px, thresh=344.1px, bbox_size=458.8x384.4
2026-08-29 09:40:30 [DEBUG] uvh_test.counter: track_id: 54, frame: 7411, previous_bottom_center: (1415.566650390625, 503.69748), current_bottom_center: (1447.56298828125, 503.67853), previous_side: -9.84, current_side: 11.91, side_transition: True, crossing_result: True, direction: A_TO_B
2026-08-29 09:40:30 [INFO] uvh_test.counter: SAFETY NET REJECTION: Rejecting tid=54 as duplicate of class Bus, prev_tid=59, dist=135.1px, thresh=344.2px, bbox_size=458.9x384.3
2026-08-29 09:40:30 [DEBUG] uvh_test.counter: track_id: 57, frame: 7415, previous_bottom_center: (1367.1865234375, 455.8492), current_bottom_center: (1398.67529296875, 455.8281), previous_side: -7.60, current_side: 13.81, side_transition: True, crossing_result: True, direction: A_TO_B
2026-08-29 09:40:30 [INFO] uvh_test.counter: SAFETY NET REJECTION: Rejecting tid=57 as duplicate of class Bus, prev_tid=59, dist=66.7px, thresh=344.2px, bbox_size=459.0x384.4
2026-08-29 09:40:41 [DEBUG] uvh_test.counter: track_id: 62, frame: 7735, previous_bottom_center: (1525.331298828125, 635.9613), current_bottom_center: (1566.6953125, 611.247), previous_side: -32.32, current_side: 13.92, side_transition: True, crossing_result: True, direction: A_TO_B
2026-08-29 09:40:41 [DEBUG] uvh_test.main: frame=7735 COUNTED track_id=62 class=Two-wheeler
2026-08-29 09:40:47 [DEBUG] uvh_test.counter: track_id: 63, frame: 7940, previous_bottom_center: (1276.8353271484375, 362.80057), current_bottom_center: (1283.70654296875, 361.47012), previous_side: -0.70, current_side: 4.94, side_transition: True, crossing_result: True, direction: A_TO_B
2026-08-29 09:40:47 [DEBUG] uvh_test.main: frame=7940 COUNTED track_id=63 class=Two-wheeler
2026-08-29 09:40:51 [DEBUG] uvh_test.counter: track_id: 66, frame: 8055, previous_bottom_center: (1317.112548828125, 435.91846), current_bottom_center: (1349.4771728515625, 428.18604), previous_side: -26.99, current_side: 0.67, side_transition: True, crossing_result: True, direction: A_TO_B
2026-08-29 09:40:51 [INFO] uvh_test.counter: SAFETY NET REJECTION: Rejecting tid=66 as duplicate of class Two-wheeler, prev_tid=63, dist=93.7px, thresh=150.0px, bbox_size=178.8x172.2
2026-08-29 09:40:58 [DEBUG] uvh_test.counter: track_id: 67, frame: 8236, previous_bottom_center: (1359.6546630859375, 442.57077), current_bottom_center: (1370.298583984375, 439.40002), previous_side: -2.97, current_side: 6.59, side_transition: True, crossing_result: True, direction: A_TO_B
2026-08-29 09:40:58 [DEBUG] uvh_test.main: frame=8236 COUNTED track_id=67 class=Two-wheeler
2026-08-29 09:40:58 [DEBUG] uvh_test.counter: track_id: 73, frame: 8251, previous_bottom_center: (1274.4549560546875, 365.52484), current_bottom_center: (1295.339599609375, 361.9131), previous_side: -4.32, current_side: 12.52, side_transition: True, crossing_result: True, direction: A_TO_B
2026-08-29 09:40:58 [INFO] uvh_test.counter: SAFETY NET REJECTION: Rejecting tid=73 as duplicate of class Two-wheeler, prev_tid=67, dist=107.8px, thresh=150.0px, bbox_size=153.8x127.1
2026-08-29 09:41:12 [DEBUG] uvh_test.counter: track_id: 75, frame: 8655, previous_bottom_center: (1515.271484375, 613.51746), current_bottom_center: (1560.9697265625, 588.5958), previous_side: -22.68, current_side: 26.65, side_transition: True, crossing_result: True, direction: A_TO_B
2026-08-29 09:41:12 [DEBUG] uvh_test.main: frame=8655 COUNTED track_id=75 class=Two-wheeler
2026-08-29 09:41:16 [DEBUG] uvh_test.counter: track_id: 78, frame: 8747, previous_bottom_center: (1272.2811279296875, 410.4256), current_bottom_center: (1328.520263671875, 398.34915), previous_side: -38.74, current_side: 8.33, side_transition: True, crossing_result: True, direction: A_TO_B
2026-08-29 09:41:16 [DEBUG] uvh_test.main: frame=8747 COUNTED track_id=78 class=Two-wheeler
2026-08-29 09:41:29 [DEBUG] uvh_test.counter: track_id: 79, frame: 9131, previous_bottom_center: (1267.4072265625, 363.8651), current_bottom_center: (1290.062744140625, 360.44833), previous_side: -7.89, current_side: 10.01, side_transition: True, crossing_result: True, direction: A_TO_B
2026-08-29 09:41:29 [DEBUG] uvh_test.main: frame=9131 COUNTED track_id=79 class=Two-wheeler
2026-08-29 09:41:45 [INFO] uvh_test.counter: SAFETY NET MERGE: Merging current tid=87 into lost_tid=87, dist=88.6px
2026-08-29 09:41:45 [DEBUG] uvh_test.main: frame=9608 COUNTED track_id=87 class=Two-wheeler
2026-08-29 09:41:45 [DEBUG] uvh_test.counter: track_id: 86, frame: 9615, previous_bottom_center: (1334.185302734375, 419.8813), current_bottom_center: (1366.8555908203125, 411.61487), previous_side: -3.63, current_side: 24.64, side_transition: True, crossing_result: True, direction: A_TO_B
2026-08-29 09:41:45 [DEBUG] uvh_test.main: frame=9615 COUNTED track_id=86 class=Two-wheeler
2026-08-29 09:41:52 [DEBUG] uvh_test.counter: track_id: 89, frame: 9795, previous_bottom_center: (1262.27685546875, 368.31183), current_bottom_center: (1287.434814453125, 363.9391), previous_side: -14.64, current_side: 5.66, side_transition: True, crossing_result: True, direction: A_TO_B
2026-08-29 09:41:52 [DEBUG] uvh_test.main: frame=9795 COUNTED track_id=89 class=Two-wheeler
2026-08-29 09:41:57 [DEBUG] uvh_test.counter: track_id: 91, frame: 9931, previous_bottom_center: (1318.572265625, 402.32004), current_bottom_center: (1345.007080078125, 396.44977), previous_side: -1.35, current_side: 20.92, side_transition: True, crossing_result: True, direction: A_TO_B
2026-08-29 09:41:57 [INFO] uvh_test.counter: SAFETY NET REJECTION: Rejecting tid=91 as duplicate of class Two-wheeler, prev_tid=89, dist=66.1px, thresh=150.0px, bbox_size=175.0x153.2
2026-08-29 09:42:00 [DEBUG] uvh_test.counter: track_id: 94, frame: 10015, previous_bottom_center: (1287.1102294921875, 374.0773), current_bottom_center: (1309.2996826171875, 370.09808), previous_side: -2.00, current_side: 16.00, side_transition: True, crossing_result: True, direction: A_TO_B
2026-08-29 09:42:00 [DEBUG] uvh_test.main: frame=10015 COUNTED track_id=94 class=Two-wheeler
2026-08-29 09:42:03 [DEBUG] uvh_test.counter: track_id: 97, frame: 10091, previous_bottom_center: (1280.6904296875, 393.28052), current_bottom_center: (1306.5548095703125, 387.86816), previous_side: -20.45, current_side: 1.09, side_transition: True, crossing_result: True, direction: A_TO_B
2026-08-29 09:42:03 [INFO] uvh_test.counter: SAFETY NET REJECTION: Rejecting tid=97 as duplicate of class Two-wheeler, prev_tid=94, dist=18.0px, thresh=150.0px, bbox_size=154.5x138.3
2026-08-29 09:42:06 [DEBUG] uvh_test.counter: track_id: 96, frame: 10168, previous_bottom_center: (1271.39013671875, 372.6432), current_bottom_center: (1286.252197265625, 369.63492), previous_side: -11.63, current_side: 0.68, side_transition: True, crossing_result: True, direction: A_TO_B
2026-08-29 09:42:06 [DEBUG] uvh_test.main: frame=10168 COUNTED track_id=96 class=Two-wheeler
2026-08-29 09:42:11 [DEBUG] uvh_test.counter: track_id: 101, frame: 10307, previous_bottom_center: (1327.471435546875, 425.4159), current_bottom_center: (1378.006591796875, 413.5204), previous_side: -12.25, current_side: 30.81, side_transition: True, crossing_result: True, direction: A_TO_B
2026-08-29 09:42:11 [INFO] uvh_test.counter: SAFETY NET REJECTION: Rejecting tid=101 as duplicate of class Two-wheeler, prev_tid=96, dist=101.7px, thresh=150.0px, bbox_size=164.1x154.5
2026-08-29 09:42:12 [DEBUG] uvh_test.counter: track_id: 100, frame: 10340, previous_bottom_center: (1292.7021484375, 386.1781), current_bottom_center: (1301.859130859375, 384.26758), previous_side: -7.08, current_side: 0.54, side_transition: True, crossing_result: True, direction: A_TO_B
2026-08-29 09:42:12 [DEBUG] uvh_test.main: frame=10340 COUNTED track_id=100 class=Two-wheeler
2026-08-29 09:42:27 [DEBUG] uvh_test.counter: track_id: 109, frame: 10735, previous_bottom_center: (1297.8568115234375, 387.64697), current_bottom_center: (1320.45263671875, 383.14548), previous_side: -4.65, current_side: 14.00, side_transition: True, crossing_result: True, direction: A_TO_B
2026-08-29 09:42:27 [DEBUG] uvh_test.main: frame=10735 COUNTED track_id=109 class=Two-wheeler
2026-08-29 09:42:27 [DEBUG] uvh_test.counter: track_id: 107, frame: 10736, previous_bottom_center: (1247.5751953125, 335.64417), current_bottom_center: (1250.726318359375, 334.87033), previous_side: -0.66, current_side: 2.05, side_transition: True, crossing_result: True, direction: A_TO_B
2026-08-29 09:42:27 [INFO] uvh_test.counter: SAFETY NET REJECTION: Rejecting tid=107 as duplicate of class Two-wheeler, prev_tid=109, dist=84.8px, thresh=150.0px, bbox_size=118.8x115.0
2026-08-29 09:42:32 [DEBUG] uvh_test.counter: track_id: 110, frame: 10879, previous_bottom_center: (1251.6112060546875, 344.57657), current_bottom_center: (1263.024658203125, 343.02063), previous_side: -4.47, current_side: 4.43, side_transition: True, crossing_result: True, direction: A_TO_B
2026-08-29 09:42:32 [INFO] uvh_test.counter: SAFETY NET REJECTION: Rejecting tid=110 as duplicate of class Two-wheeler, prev_tid=109, dist=70.1px, thresh=150.0px, bbox_size=132.0x111.4
2026-08-29 09:42:42 [DEBUG] uvh_test.counter: track_id: 112, frame: 11139, previous_bottom_center: (1250.914794921875, 347.08292), current_bottom_center: (1267.1097412109375, 344.80362), previous_side: -6.78, current_side: 5.89, side_transition: True, crossing_result: True, direction: A_TO_B
2026-08-29 09:42:42 [DEBUG] uvh_test.main: frame=11139 COUNTED track_id=112 class=Two-wheeler
2026-08-29 09:42:45 [DEBUG] uvh_test.counter: track_id: 114, frame: 11227, previous_bottom_center: (1273.98681640625, 363.96182), current_bottom_center: (1309.99365234375, 357.96274), previous_side: -3.49, current_side: 25.37, side_transition: True, crossing_result: True, direction: A_TO_B
2026-08-29 09:42:45 [INFO] uvh_test.counter: SAFETY NET REJECTION: Rejecting tid=114 as duplicate of class Two-wheeler, prev_tid=112, dist=44.9px, thresh=150.0px, bbox_size=147.3x124.9
2026-08-29 09:42:47 [DEBUG] uvh_test.counter: track_id: 116, frame: 11296, previous_bottom_center: (1327.809326171875, 409.52023), current_bottom_center: (1338.831787109375, 407.15546), previous_side: -0.35, current_side: 8.87, side_transition: True, crossing_result: True, direction: A_TO_B
2026-08-29 09:42:47 [DEBUG] uvh_test.main: frame=11296 COUNTED track_id=116 class=Two-wheeler
2026-08-29 09:42:53 [DEBUG] uvh_test.counter: track_id: 120, frame: 11427, previous_bottom_center: (1353.7982177734375, 523.4662), current_bottom_center: (1433.420166015625, 496.9143), previous_side: -66.31, current_side: 7.27, side_transition: True, crossing_result: True, direction: A_TO_B
2026-08-29 09:42:53 [INFO] uvh_test.counter: SAFETY NET REJECTION: Rejecting tid=120 as duplicate of class Two-wheeler, prev_tid=116, dist=130.4px, thresh=150.0px, bbox_size=205.1x201.5
2026-08-29 09:43:00 [DEBUG] uvh_test.counter: track_id: 122, frame: 11627, previous_bottom_center: (1247.234130859375, 358.9047), current_bottom_center: (1282.417724609375, 352.68604), previous_side: -17.96, current_side: 10.51, side_transition: True, crossing_result: True, direction: A_TO_B
2026-08-29 09:43:00 [DEBUG] uvh_test.main: frame=11627 COUNTED track_id=122 class=Two-wheeler
2026-08-29 09:43:10 [DEBUG] uvh_test.counter: track_id: 123, frame: 11891, previous_bottom_center: (1355.193115234375, 452.6337), current_bottom_center: (1388.00048828125, 442.54736), previous_side: -13.39, current_side: 16.30, side_transition: True, crossing_result: True, direction: A_TO_B
2026-08-29 09:43:10 [DEBUG] uvh_test.main: frame=11891 COUNTED track_id=123 class=Two-wheeler
2026-08-29 09:43:25 [DEBUG] uvh_test.counter: track_id: 127, frame: 12351, previous_bottom_center: (1412.1470947265625, 489.58844), current_bottom_center: (1431.20458984375, 482.02948), previous_side: -1.81, current_side: 16.69, side_transition: True, crossing_result: True, direction: A_TO_B
2026-08-29 09:43:25 [DEBUG] uvh_test.main: frame=12351 COUNTED track_id=127 class=Two-wheeler
2026-08-29 09:43:26 [DEBUG] uvh_test.counter: track_id: 128, frame: 12367, previous_bottom_center: (1321.4189453125, 419.23175), current_bottom_center: (1357.6141357421875, 411.5186), previous_side: -11.82, current_side: 18.43, side_transition: True, crossing_result: True, direction: A_TO_B
2026-08-29 09:43:26 [INFO] uvh_test.counter: SAFETY NET REJECTION: Rejecting tid=128 as duplicate of class Two-wheeler, prev_tid=127, dist=101.9px, thresh=150.0px, bbox_size=167.1x158.3
2026-08-29 09:43:26 [DEBUG] uvh_test.counter: track_id: 130, frame: 12371, previous_bottom_center: (1277.3143310546875, 373.7889), current_bottom_center: (1297.2783203125, 369.62692), previous_side: -8.44, current_side: 8.18, side_transition: True, crossing_result: True, direction: A_TO_B
2026-08-29 09:43:26 [DEBUG] uvh_test.main: frame=12371 COUNTED track_id=130 class=Two-wheeler
2026-08-29 09:43:34 [DEBUG] uvh_test.counter: track_id: 137, frame: 12587, previous_bottom_center: (1268.0601806640625, 402.43713), current_bottom_center: (1311.645751953125, 392.77383), previous_side: -35.75, current_side: 0.95, side_transition: True, crossing_result: True, direction: A_TO_B
2026-08-29 09:43:34 [DEBUG] uvh_test.main: frame=12587 COUNTED track_id=137 class=Two-wheeler
2026-08-29 09:43:35 [DEBUG] uvh_test.counter: track_id: 135, frame: 12617, previous_bottom_center: (1257.986328125, 345.81577), current_bottom_center: (1259.732666015625, 345.44562), previous_side: -1.05, current_side: 0.41, side_transition: True, crossing_result: True, direction: A_TO_B
2026-08-29 09:43:35 [INFO] uvh_test.counter: SAFETY NET REJECTION: Rejecting tid=135 as duplicate of class Two-wheeler, prev_tid=137, dist=70.2px, thresh=150.0px, bbox_size=137.3x112.6
2026-08-29 09:43:38 [DEBUG] uvh_test.counter: track_id: 140, frame: 12695, previous_bottom_center: (1323.689697265625, 416.32635), current_bottom_center: (1346.1416015625, 410.8115), previous_side: -8.15, current_side: 11.15, side_transition: True, crossing_result: True, direction: A_TO_B
2026-08-29 09:43:38 [INFO] uvh_test.counter: SAFETY NET REJECTION: Rejecting tid=140 as duplicate of class Two-wheeler, prev_tid=137, dist=38.9px, thresh=150.0px, bbox_size=157.5x152.4
2026-08-29 09:43:41 [DEBUG] uvh_test.counter: track_id: 139, frame: 12767, previous_bottom_center: (1278.899169921875, 394.04266), current_bottom_center: (1323.098388671875, 386.2499), previous_side: -22.23, current_side: 13.52, side_transition: True, crossing_result: True, direction: A_TO_B
2026-08-29 09:43:41 [DEBUG] uvh_test.main: frame=12767 COUNTED track_id=139 class=Two-wheeler
2026-08-29 09:43:52 [DEBUG] uvh_test.counter: track_id: 145, frame: 13049, previous_bottom_center: (1307.6759033203125, 391.40125), current_bottom_center: (1314.001953125, 390.0055), previous_side: -0.74, current_side: 4.58, side_transition: True, crossing_result: True, direction: A_TO_B
2026-08-29 09:43:52 [DEBUG] uvh_test.main: frame=13049 COUNTED track_id=145 class=Two-wheeler
2026-08-29 09:43:59 [DEBUG] uvh_test.counter: track_id: 148, frame: 13229, previous_bottom_center: (1275.17919921875, 367.26083), current_bottom_center: (1281.4981689453125, 365.95673), previous_side: -5.10, current_side: 0.15, side_transition: True, crossing_result: True, direction: A_TO_B
2026-08-29 09:43:59 [DEBUG] uvh_test.main: frame=13229 COUNTED track_id=148 class=Two-wheeler
2026-08-29 09:44:02 [DEBUG] uvh_test.counter: track_id: 149, frame: 13307, previous_bottom_center: (1219.430419921875, 345.16693), current_bottom_center: (1253.73583984375, 340.0816), previous_side: -26.77, current_side: 0.27, side_transition: True, crossing_result: True, direction: A_TO_B
2026-08-29 09:44:02 [INFO] uvh_test.counter: SAFETY NET REJECTION: Rejecting tid=149 as duplicate of class Two-wheeler, prev_tid=148, dist=38.0px, thresh=150.0px, bbox_size=139.3x126.0
2026-08-29 09:44:08 [DEBUG] uvh_test.counter: track_id: 150, frame: 13467, previous_bottom_center: (1259.5087890625, 389.23645), current_bottom_center: (1310.90576171875, 379.38184), previous_side: -31.87, current_side: 10.28, side_transition: True, crossing_result: True, direction: A_TO_B
2026-08-29 09:44:08 [DEBUG] uvh_test.main: frame=13467 COUNTED track_id=150 class=Two-wheeler
2026-08-29 09:44:13 [DEBUG] uvh_test.counter: track_id: 154, frame: 13607, previous_bottom_center: (1615.21142578125, 756.4098), current_bottom_center: (1676.8524169921875, 711.18774), previous_side: -59.64, current_side: 15.42, side_transition: True, crossing_result: True, direction: A_TO_B
2026-08-29 09:44:13 [DEBUG] uvh_test.main: frame=13607 COUNTED track_id=154 class=Two-wheeler
2026-08-29 09:44:14 [DEBUG] uvh_test.counter: track_id: 151, frame: 13628, previous_bottom_center: (1516.3944091796875, 593.2861), current_bottom_center: (1536.769775390625, 585.5396), previous_side: -7.08, current_side: 12.45, side_transition: True, crossing_result: True, direction: A_TO_B
2026-08-29 09:44:14 [DEBUG] uvh_test.main: frame=13628 COUNTED track_id=151 class=Two-wheeler
2026-08-29 09:44:14 [INFO] uvh_test.counter: SAFETY NET MERGE: Merging current tid=156 into lost_tid=160, dist=85.5px
2026-08-29 09:44:14 [DEBUG] uvh_test.main: frame=13639 COUNTED track_id=156 class=SUV
2026-08-29 09:44:15 [DEBUG] uvh_test.counter: track_id: 157, frame: 13647, previous_bottom_center: (1416.321044921875, 502.93393), current_bottom_center: (1447.680419921875, 503.0377), previous_side: -8.77, current_side: 12.46, side_transition: True, crossing_result: True, direction: A_TO_B
2026-08-29 09:44:15 [INFO] uvh_test.counter: SAFETY NET REJECTION: Rejecting tid=157 as duplicate of class SUV, prev_tid=156, dist=59.8px, thresh=150.0px, bbox_size=459.0x384.3
2026-08-29 09:44:15 [DEBUG] uvh_test.counter: track_id: 162, frame: 13647, previous_bottom_center: (1461.076171875, 551.6578), current_bottom_center: (1493.93115234375, 551.6618), previous_side: -14.11, current_side: 8.21, side_transition: True, crossing_result: True, direction: A_TO_B
2026-08-29 09:44:15 [INFO] uvh_test.counter: SAFETY NET REJECTION: Rejecting tid=162 as duplicate of class SUV, prev_tid=156, dist=126.3px, thresh=150.0px, bbox_size=458.9x384.3
2026-08-29 09:44:15 [INFO] uvh_test.counter: SAFETY NET MERGE: Merging current tid=159 into lost_tid=159, dist=40.9px
2026-08-29 09:44:15 [INFO] uvh_test.counter: SAFETY NET REJECTION (MERGE PATH): Rejecting tid=159 as duplicate of class SUV, prev_tid=156, dist=136.0px, thresh=150.0px
2026-08-29 09:44:16 [DEBUG] uvh_test.counter: track_id: 161, frame: 13687, previous_bottom_center: (1260.9671630859375, 357.47018), current_bottom_center: (1306.1165771484375, 348.8406), previous_side: -7.57, current_side: 29.43, side_transition: True, crossing_result: True, direction: A_TO_B
2026-08-29 09:44:16 [DEBUG] uvh_test.main: frame=13687 COUNTED track_id=161 class=Two-wheeler
2026-08-29 09:44:22 [DEBUG] uvh_test.counter: track_id: 166, frame: 13847, previous_bottom_center: (1233.125, 345.1516), current_bottom_center: (1271.61328125, 339.43863), previous_side: -17.45, current_side: 12.89, side_transition: True, crossing_result: True, direction: A_TO_B
2026-08-29 09:44:22 [DEBUG] uvh_test.main: frame=13847 COUNTED track_id=166 class=Two-wheeler
2026-08-29 09:44:27 [DEBUG] uvh_test.counter: track_id: 169, frame: 13996, previous_bottom_center: (1388.6884765625, 478.72928), current_bottom_center: (1402.6572265625, 474.4716), previous_side: -9.78, current_side: 2.84, side_transition: True, crossing_result: True, direction: A_TO_B
2026-08-29 09:44:27 [DEBUG] uvh_test.main: frame=13996 COUNTED track_id=169 class=Two-wheeler
2026-08-29 09:44:33 [DEBUG] uvh_test.counter: track_id: 175, frame: 14167, previous_bottom_center: (1544.7001953125, 671.10126), current_bottom_center: (1602.865234375, 632.691), previous_side: -44.94, current_side: 22.76, side_transition: True, crossing_result: True, direction: A_TO_B
2026-08-29 09:44:33 [DEBUG] uvh_test.main: frame=14167 COUNTED track_id=175 class=Two-wheeler
2026-08-29 09:44:33 [DEBUG] uvh_test.counter: track_id: 176, frame: 14168, previous_bottom_center: (1453.3720703125, 525.4127), current_bottom_center: (1467.775146484375, 474.00543), previous_side: -0.09, current_side: 47.42, side_transition: True, crossing_result: True, direction: A_TO_B
2026-08-29 09:44:33 [DEBUG] uvh_test.counter: track_id: 178, frame: 14168, previous_bottom_center: (1495.36376953125, 567.6124), current_bottom_center: (1507.04638671875, 555.6529), previous_side: -2.52, current_side: 14.19, side_transition: True, crossing_result: True, direction: A_TO_B
2026-08-29 09:44:33 [INFO] uvh_test.counter: SAFETY NET REJECTION: Rejecting tid=178 as duplicate of class Sedan, prev_tid=176, dist=90.6px, thresh=150.0px, bbox_size=459.0x384.3
2026-08-29 09:44:33 [DEBUG] uvh_test.main: frame=14168 COUNTED track_id=176 class=Sedan
2026-08-29 09:44:35 [DEBUG] uvh_test.counter: track_id: 172, frame: 14207, previous_bottom_center: (1253.17333984375, 342.8472), current_bottom_center: (1281.86181640625, 338.48553), previous_side: -2.14, current_side: 20.55, side_transition: True, crossing_result: True, direction: A_TO_B
2026-08-29 09:44:35 [DEBUG] uvh_test.main: frame=14207 COUNTED track_id=172 class=Two-wheeler
2026-08-29 09:44:51 [DEBUG] uvh_test.counter: track_id: 181, frame: 14688, previous_bottom_center: (1470.2806396484375, 570.74396), current_bottom_center: (1502.52587890625, 557.3268), previous_side: -21.86, current_side: 9.89, side_transition: True, crossing_result: True, direction: A_TO_B
2026-08-29 09:44:51 [DEBUG] uvh_test.main: frame=14688 COUNTED track_id=181 class=Two-wheeler
2026-08-29 09:44:54 [DEBUG] uvh_test.counter: track_id: 183, frame: 14771, previous_bottom_center: (1554.56396484375, 627.2046), current_bottom_center: (1579.0911865234375, 610.4716), previous_side: -6.03, current_side: 22.91, side_transition: True, crossing_result: True, direction: A_TO_B
2026-08-29 09:44:54 [INFO] uvh_test.counter: SAFETY NET REJECTION: Rejecting tid=183 as duplicate of class Two-wheeler, prev_tid=181, dist=93.2px, thresh=150.0px, bbox_size=253.4x256.3
2026-08-29 09:44:56 [DEBUG] uvh_test.counter: track_id: 187, frame: 14815, previous_bottom_center: (1284.969482421875, 386.1719), current_bottom_center: (1312.615234375, 381.32056), previous_side: -12.33, current_side: 10.01, side_transition: True, crossing_result: True, direction: A_TO_B
2026-08-29 09:44:56 [DEBUG] uvh_test.main: frame=14815 COUNTED track_id=187 class=Two-wheeler
2026-08-29 09:45:00 [DEBUG] uvh_test.counter: track_id: 196, frame: 14916, previous_bottom_center: (1388.817138671875, 471.30173), current_bottom_center: (1401.8792724609375, 466.97162), previous_side: -4.24, current_side: 7.81, side_transition: True, crossing_result: True, direction: A_TO_B
2026-08-29 09:45:00 [DEBUG] uvh_test.main: frame=14916 COUNTED track_id=196 class=MUV
2026-08-29 09:45:02 [DEBUG] uvh_test.counter: track_id: 191, frame: 14987, previous_bottom_center: (1224.732177734375, 342.85712), current_bottom_center: (1259.34228515625, 338.07596), previous_side: -21.47, current_side: 5.55, side_transition: True, crossing_result: True, direction: A_TO_B
2026-08-29 09:45:02 [DEBUG] uvh_test.main: frame=14987 COUNTED track_id=191 class=Two-wheeler
2026-08-29 09:45:09 [DEBUG] uvh_test.counter: track_id: 203, frame: 15167, previous_bottom_center: (1551.7652587890625, 638.14624), current_bottom_center: (1611.9658203125, 600.6782), previous_side: -15.96, current_side: 52.43, side_transition: True, crossing_result: True, direction: A_TO_B
2026-08-29 09:45:09 [DEBUG] uvh_test.main: frame=15167 COUNTED track_id=203 class=Two-wheeler
2026-08-29 09:45:10 [DEBUG] uvh_test.counter: track_id: 207, frame: 15208, previous_bottom_center: (1322.007080078125, 429.3846), current_bottom_center: (1350.380615234375, 422.74905), previous_side: -18.87, current_side: 5.27, side_transition: True, crossing_result: True, direction: A_TO_B
2026-08-29 09:45:10 [DEBUG] uvh_test.main: frame=15208 COUNTED track_id=207 class=Two-wheeler
2026-08-29 09:45:12 [DEBUG] uvh_test.counter: track_id: 206, frame: 15250, previous_bottom_center: (1275.166748046875, 360.62833), current_bottom_center: (1277.062255859375, 360.3491), previous_side: -0.24, current_side: 1.25, side_transition: True, crossing_result: True, direction: A_TO_B
2026-08-29 09:45:12 [INFO] uvh_test.counter: SAFETY NET REJECTION: Rejecting tid=206 as duplicate of class Two-wheeler, prev_tid=207, dist=96.3px, thresh=150.0px, bbox_size=157.2x130.3
2026-08-29 09:45:13 [DEBUG] uvh_test.counter: track_id: 204, frame: 15279, previous_bottom_center: (1509.432861328125, 632.3695), current_bottom_center: (1552.735595703125, 611.6809), previous_side: -40.48, current_side: 4.12, side_transition: True, crossing_result: True, direction: A_TO_B
2026-08-29 09:45:13 [INFO] uvh_test.counter: SAFETY NET REJECTION: Rejecting tid=204 as duplicate of class Two-wheeler, prev_tid=203, dist=60.2px, thresh=150.0px, bbox_size=223.4x251.3
2026-08-29 09:45:22 [DEBUG] uvh_test.counter: track_id: 217, frame: 15507, previous_bottom_center: (1557.0772705078125, 647.66626), current_bottom_center: (1589.937255859375, 647.67944), previous_side: -19.34, current_side: 2.98, side_transition: True, crossing_result: True, direction: A_TO_B
2026-08-29 09:45:22 [DEBUG] uvh_test.main: frame=15507 COUNTED track_id=217 class=SUV
2026-08-29 09:45:22 [DEBUG] uvh_test.counter: track_id: 218, frame: 15508, previous_bottom_center: (1526.8245849609375, 599.7249), current_bottom_center: (1550.789306640625, 599.72314), previous_side: -4.71, current_side: 11.57, side_transition: True, crossing_result: True, direction: A_TO_B
2026-08-29 09:45:22 [INFO] uvh_test.counter: SAFETY NET REJECTION: Rejecting tid=218 as duplicate of class SUV, prev_tid=217, dist=61.9px, thresh=150.0px, bbox_size=459.0x384.3
2026-08-29 09:45:33 [DEBUG] uvh_test.counter: track_id: 225, frame: 15728, previous_bottom_center: (1272.530517578125, 366.66013), current_bottom_center: (1284.3585205078125, 364.5131), previous_side: -6.46, current_side: 3.15, side_transition: True, crossing_result: True, direction: A_TO_B
2026-08-29 09:45:33 [DEBUG] uvh_test.main: frame=15728 COUNTED track_id=225 class=Two-wheeler
2026-08-29 09:45:34 [DEBUG] uvh_test.counter: track_id: 226, frame: 15741, previous_bottom_center: (1252.193359375, 339.35834), current_bottom_center: (1253.94482421875, 339.0856), previous_side: -0.24, current_side: 1.15, side_transition: True, crossing_result: True, direction: A_TO_B
2026-08-29 09:45:34 [INFO] uvh_test.counter: SAFETY NET REJECTION: Rejecting tid=226 as duplicate of class Two-wheeler, prev_tid=225, dist=39.6px, thresh=150.0px, bbox_size=141.4x113.9
2026-08-29 09:45:43 [DEBUG] uvh_test.counter: track_id: 233, frame: 15927, previous_bottom_center: (1299.9609375, 391.49377), current_bottom_center: (1336.35546875, 384.31442), previous_side: -6.05, current_side: 23.95, side_transition: True, crossing_result: True, direction: A_TO_B
2026-08-29 09:45:43 [DEBUG] uvh_test.main: frame=15927 COUNTED track_id=233 class=Two-wheeler
2026-08-29 09:45:43 [DEBUG] uvh_test.counter: track_id: 235, frame: 15928, previous_bottom_center: (1268.655029296875, 362.2951), current_bottom_center: (1279.23583984375, 359.7915), previous_side: -5.89, current_side: 3.13, side_transition: True, crossing_result: True, direction: A_TO_B
2026-08-29 09:45:43 [INFO] uvh_test.counter: SAFETY NET REJECTION: Rejecting tid=235 as duplicate of class Two-wheeler, prev_tid=233, dist=62.2px, thresh=150.0px, bbox_size=139.1x130.3
2026-08-29 09:45:48 [DEBUG] uvh_test.counter: track_id: 229, frame: 16027, previous_bottom_center: (1227.972900390625, 343.01068), current_bottom_center: (1255.6453857421875, 338.5701), previous_side: -19.38, current_side: 2.68, side_transition: True, crossing_result: True, direction: A_TO_B
2026-08-29 09:45:48 [INFO] uvh_test.counter: SAFETY NET REJECTION: Rejecting tid=229 as duplicate of class Two-wheeler, prev_tid=233, dist=92.8px, thresh=150.0px, bbox_size=127.2x118.5
2026-08-29 09:45:49 [DEBUG] uvh_test.counter: track_id: 236, frame: 16051, previous_bottom_center: (1314.46142578125, 401.51785), current_bottom_center: (1340.204345703125, 395.7456), previous_side: -3.55, current_side: 18.17, side_transition: True, crossing_result: True, direction: A_TO_B
2026-08-29 09:45:49 [INFO] uvh_test.counter: SAFETY NET REJECTION: Rejecting tid=236 as duplicate of class Two-wheeler, prev_tid=233, dist=12.1px, thresh=150.0px, bbox_size=152.2x144.8
2026-08-29 09:46:02 [DEBUG] uvh_test.counter: track_id: 241, frame: 16427, previous_bottom_center: (1311.399658203125, 406.6283), current_bottom_center: (1360.62646484375, 395.93127), previous_side: -9.38, current_side: 31.91, side_transition: True, crossing_result: True, direction: A_TO_B
2026-08-29 09:46:02 [DEBUG] uvh_test.main: frame=16427 COUNTED track_id=241 class=Two-wheeler
2026-08-29 09:46:17 [DEBUG] uvh_test.counter: track_id: 246, frame: 16807, previous_bottom_center: (1296.39111328125, 387.36606), current_bottom_center: (1338.2200927734375, 379.55646), previous_side: -5.44, current_side: 28.70, side_transition: True, crossing_result: True, direction: A_TO_B
2026-08-29 09:46:17 [DEBUG] uvh_test.main: frame=16807 COUNTED track_id=246 class=Two-wheeler
2026-08-29 09:46:20 [DEBUG] uvh_test.counter: track_id: 249, frame: 16891, previous_bottom_center: (1298.14892578125, 397.79956), current_bottom_center: (1323.4378662109375, 393.89877), previous_side: -11.91, current_side: 8.14, side_transition: True, crossing_result: True, direction: A_TO_B
2026-08-29 09:46:20 [INFO] uvh_test.counter: SAFETY NET REJECTION: Rejecting tid=249 as duplicate of class Two-wheeler, prev_tid=246, dist=20.6px, thresh=150.0px, bbox_size=168.4x150.9
2026-08-29 09:46:30 [DEBUG] uvh_test.counter: track_id: 255, frame: 17171, previous_bottom_center: (1295.080078125, 384.30115), current_bottom_center: (1312.19287109375, 381.5782), previous_side: -4.09, current_side: 9.54, side_transition: True, crossing_result: True, direction: A_TO_B
2026-08-29 09:46:30 [DEBUG] uvh_test.main: frame=17171 COUNTED track_id=255 class=Two-wheeler
2026-08-29 09:46:31 [DEBUG] uvh_test.counter: track_id: 254, frame: 17187, previous_bottom_center: (1249.068603515625, 344.1569), current_bottom_center: (1276.904296875, 340.88205), previous_side: -5.89, current_side: 15.43, side_transition: True, crossing_result: True, direction: A_TO_B
2026-08-29 09:46:31 [INFO] uvh_test.counter: SAFETY NET REJECTION: Rejecting tid=254 as duplicate of class Two-wheeler, prev_tid=255, dist=53.9px, thresh=150.0px, bbox_size=126.8x115.8
2026-08-29 09:46:33 [DEBUG] uvh_test.counter: track_id: 252, frame: 17229, previous_bottom_center: (1269.188232421875, 355.4615), current_bottom_center: (1272.7933349609375, 354.9319), previous_side: -0.51, current_side: 2.32, side_transition: True, crossing_result: True, direction: A_TO_B
2026-08-29 09:46:33 [INFO] uvh_test.counter: SAFETY NET REJECTION: Rejecting tid=252 as duplicate of class Two-wheeler, prev_tid=255, dist=47.6px, thresh=150.0px, bbox_size=136.1x127.7
2026-08-29 09:46:36 [DEBUG] uvh_test.counter: track_id: 256, frame: 17307, previous_bottom_center: (1247.260009765625, 362.11475), current_bottom_center: (1274.5916748046875, 357.95395), previous_side: -20.29, current_side: 1.33, side_transition: True, crossing_result: True, direction: A_TO_B
2026-08-29 09:46:36 [INFO] uvh_test.counter: SAFETY NET REJECTION: Rejecting tid=256 as duplicate of class Two-wheeler, prev_tid=255, dist=44.4px, thresh=150.0px, bbox_size=143.8x131.0
2026-08-29 09:46:41 [DEBUG] uvh_test.counter: track_id: 259, frame: 17439, previous_bottom_center: (1455.3424072265625, 570.46423), current_bottom_center: (1502.5028076171875, 547.05304), previous_side: -31.81, current_side: 17.41, side_transition: True, crossing_result: True, direction: A_TO_B
2026-08-29 09:46:41 [DEBUG] uvh_test.main: frame=17439 COUNTED track_id=259 class=Two-wheeler
2026-08-29 09:46:47 [DEBUG] uvh_test.counter: track_id: 262, frame: 17595, previous_bottom_center: (1269.523681640625, 365.5952), current_bottom_center: (1282.775634765625, 363.08505), previous_side: -7.72, current_side: 3.12, side_transition: True, crossing_result: True, direction: A_TO_B
2026-08-29 09:46:47 [DEBUG] uvh_test.main: frame=17595 COUNTED track_id=262 class=Two-wheeler
2026-08-29 09:46:47 [DEBUG] uvh_test.counter: track_id: 264, frame: 17607, previous_bottom_center: (1238.95654296875, 364.77905), current_bottom_center: (1344.2347412109375, 351.65027), previous_side: -27.89, current_side: 53.27, side_transition: True, crossing_result: True, direction: A_TO_B
2026-08-29 09:46:47 [INFO] uvh_test.counter: SAFETY NET REJECTION: Rejecting tid=264 as duplicate of class Two-wheeler, prev_tid=262, dist=62.5px, thresh=150.0px, bbox_size=150.1x119.5
2026-08-29 09:46:58 [DEBUG] uvh_test.counter: track_id: 270, frame: 17887, previous_bottom_center: (1315.3834228515625, 434.74536), current_bottom_center: (1358.2850341796875, 423.3484), previous_side: -27.31, current_side: 10.20, side_transition: True, crossing_result: True, direction: A_TO_B
2026-08-29 09:46:58 [DEBUG] uvh_test.main: frame=17887 COUNTED track_id=270 class=Two-wheeler
2026-08-29 09:47:00 [DEBUG] uvh_test.counter: track_id: 267, frame: 17927, previous_bottom_center: (1276.6973876953125, 365.75726), current_bottom_center: (1302.9580078125, 360.98233), previous_side: -2.97, current_side: 18.38, side_transition: True, crossing_result: True, direction: A_TO_B
2026-08-29 09:47:00 [INFO] uvh_test.counter: SAFETY NET REJECTION: Rejecting tid=267 as duplicate of class Two-wheeler, prev_tid=270, dist=83.4px, thresh=150.0px, bbox_size=135.1x124.2
2026-08-29 09:47:13 [DEBUG] uvh_test.counter: track_id: 273, frame: 18279, previous_bottom_center: (1287.5880126953125, 390.54626), current_bottom_center: (1310.4439697265625, 386.0401), previous_side: -13.76, current_side: 5.08, side_transition: True, crossing_result: True, direction: A_TO_B
2026-08-29 09:47:13 [DEBUG] uvh_test.main: frame=18279 COUNTED track_id=273 class=Two-wheeler
2026-08-29 09:47:56 [DEBUG] uvh_test.counter: track_id: 275, frame: 19611, previous_bottom_center: (1248.8408203125, 346.32773), current_bottom_center: (1265.3582763671875, 343.79666), previous_side: -7.64, current_side: 5.44, side_transition: True, crossing_result: True, direction: A_TO_B
2026-08-29 09:47:56 [DEBUG] uvh_test.main: frame=19611 COUNTED track_id=275 class=Two-wheeler
2026-08-29 09:47:57 [DEBUG] uvh_test.counter: track_id: 276, frame: 19637, previous_bottom_center: (1348.5732421875, 433.12936), current_bottom_center: (1352.91796875, 431.98816), previous_side: -3.57, current_side: 0.22, side_transition: True, crossing_result: True, direction: A_TO_B
2026-08-29 09:47:57 [INFO] uvh_test.counter: SAFETY NET REJECTION: Rejecting tid=276 as duplicate of class Two-wheeler, prev_tid=275, dist=124.3px, thresh=150.0px, bbox_size=175.4x148.0
2026-08-29 09:48:25 [DEBUG] uvh_test.counter: track_id: 283, frame: 20288, previous_bottom_center: (1300.196044921875, 413.04977), current_bottom_center: (1344.67578125, 400.6845), previous_side: -21.70, current_side: 17.59, side_transition: True, crossing_result: True, direction: A_TO_B
2026-08-29 09:48:25 [DEBUG] uvh_test.main: frame=20288 COUNTED track_id=283 class=Sedan
2026-08-29 09:48:48 [DEBUG] uvh_test.counter: track_id: 285, frame: 20688, previous_bottom_center: (1347.2503662109375, 471.79233), current_bottom_center: (1390.2742919921875, 456.26123), previous_side: -32.84, current_side: 7.79, side_transition: True, crossing_result: True, direction: A_TO_B
2026-08-29 09:48:48 [DEBUG] uvh_test.main: frame=20688 COUNTED track_id=285 class=SUV
2026-08-29 09:48:48 [DEBUG] uvh_test.counter: track_id: 289, frame: 20689, previous_bottom_center: (1399.990478515625, 499.79285), current_bottom_center: (1412.942626953125, 457.8189), previous_side: -17.56, current_side: 22.04, side_transition: True, crossing_result: True, direction: A_TO_B
2026-08-29 09:48:48 [INFO] uvh_test.counter: SAFETY NET REJECTION: Rejecting tid=289 as duplicate of class SUV, prev_tid=285, dist=22.7px, thresh=150.0px, bbox_size=257.9x194.5
2026-08-29 09:48:54 [DEBUG] uvh_test.counter: track_id: 294, frame: 20828, previous_bottom_center: (1605.072021484375, 695.68976), current_bottom_center: (1637.634521484375, 695.67474), previous_side: -21.97, current_side: 0.16, side_transition: True, crossing_result: True, direction: A_TO_B
2026-08-29 09:48:54 [DEBUG] uvh_test.main: frame=20828 COUNTED track_id=294 class=SUV
2026-08-29 09:48:54 [DEBUG] uvh_test.counter: track_id: 293, frame: 20831, previous_bottom_center: (1509.516845703125, 695.8233), current_bottom_center: (1610.777587890625, 591.2692), previous_side: -86.99, current_side: 58.53, side_transition: True, crossing_result: True, direction: A_TO_B
2026-08-29 09:48:54 [INFO] uvh_test.counter: SAFETY NET REJECTION: Rejecting tid=293 as duplicate of class SUV, prev_tid=294, dist=107.8px, thresh=150.0px, bbox_size=348.0x282.5
2026-08-29 09:48:55 [DEBUG] uvh_test.counter: track_id: 295, frame: 20836, previous_bottom_center: (1557.1290283203125, 647.85364), current_bottom_center: (1588.944091796875, 647.8021), previous_side: -19.44, current_side: 2.21, side_transition: True, crossing_result: True, direction: A_TO_B
2026-08-29 09:48:55 [INFO] uvh_test.counter: SAFETY NET REJECTION: Rejecting tid=295 as duplicate of class SUV, prev_tid=294, dist=68.3px, thresh=150.0px, bbox_size=459.1x384.4
2026-08-29 09:49:06 [DEBUG] uvh_test.counter: track_id: 300, frame: 21176, previous_bottom_center: (1315.636474609375, 404.37326), current_bottom_center: (1346.8809814453125, 396.44318), previous_side: -4.85, current_side: 22.20, side_transition: True, crossing_result: True, direction: A_TO_B
2026-08-29 09:49:06 [DEBUG] uvh_test.main: frame=21176 COUNTED track_id=300 class=Two-wheeler
2026-08-29 09:49:09 [DEBUG] uvh_test.counter: track_id: 298, frame: 21271, previous_bottom_center: (1237.26611328125, 339.84555), current_bottom_center: (1252.857421875, 337.3967), previous_side: -10.74, current_side: 1.65, side_transition: True, crossing_result: True, direction: A_TO_B
2026-08-29 09:49:09 [INFO] uvh_test.counter: SAFETY NET REJECTION: Rejecting tid=298 as duplicate of class Two-wheeler, prev_tid=300, dist=111.0px, thresh=150.0px, bbox_size=142.5x115.0
2026-08-29 09:49:09 [DEBUG] uvh_test.counter: track_id: 301, frame: 21271, previous_bottom_center: (1347.607177734375, 478.21643), current_bottom_center: (1398.53564453125, 461.80014), previous_side: -37.31, current_side: 9.33, side_transition: True, crossing_result: True, direction: A_TO_B
2026-08-29 09:49:09 [INFO] uvh_test.counter: SAFETY NET REJECTION: Rejecting tid=301 as duplicate of class Two-wheeler, prev_tid=300, dist=83.3px, thresh=150.0px, bbox_size=174.5x187.3
2026-08-29 09:49:33 [DEBUG] uvh_test.counter: track_id: 307, frame: 22019, previous_bottom_center: (1336.9755859375, 442.56982), current_bottom_center: (1367.59765625, 434.2639), previous_side: -18.38, current_side: 8.52, side_transition: True, crossing_result: True, direction: A_TO_B
2026-08-29 09:49:33 [DEBUG] uvh_test.main: frame=22019 COUNTED track_id=307 class=Two-wheeler
2026-08-29 09:49:33 [DEBUG] uvh_test.counter: track_id: 302, frame: 22028, previous_bottom_center: (1159.482666015625, 397.95798), current_bottom_center: (1383.181396484375, 365.2823), previous_side: -106.23, current_side: 69.73, side_transition: True, crossing_result: True, direction: A_TO_B
2026-08-29 09:49:33 [INFO] uvh_test.counter: SAFETY NET REJECTION: Rejecting tid=302 as duplicate of class Two-wheeler, prev_tid=307, dist=70.7px, thresh=150.0px, bbox_size=147.7x128.1
2026-08-29 09:49:46 [DEBUG] uvh_test.counter: track_id: 310, frame: 22412, previous_bottom_center: (1510.93896484375, 582.8118), current_bottom_center: (1524.798828125, 577.1562), previous_side: -3.10, current_side: 10.47, side_transition: True, crossing_result: True, direction: A_TO_B
2026-08-29 09:49:46 [DEBUG] uvh_test.main: frame=22412 COUNTED track_id=310 class=Two-wheeler
2026-08-29 09:50:03 [DEBUG] uvh_test.counter: track_id: 311, frame: 22940, previous_bottom_center: (1293.543701171875, 384.73178), current_bottom_center: (1302.0103759765625, 383.09732), previous_side: -5.45, current_side: 1.51, side_transition: True, crossing_result: True, direction: A_TO_B
2026-08-29 09:50:03 [DEBUG] uvh_test.main: frame=22940 COUNTED track_id=311 class=Two-wheeler
2026-08-29 09:50:05 [DEBUG] uvh_test.counter: track_id: 313, frame: 23007, previous_bottom_center: (1320.52197265625, 406.50247), current_bottom_center: (1364.2235107421875, 396.60733), previous_side: -3.09, current_side: 33.86, side_transition: True, crossing_result: True, direction: A_TO_B
2026-08-29 09:50:05 [INFO] uvh_test.counter: SAFETY NET REJECTION: Rejecting tid=313 as duplicate of class Two-wheeler, prev_tid=311, dist=63.7px, thresh=150.0px, bbox_size=150.3x147.1
2026-08-29 09:50:09 [DEBUG] uvh_test.counter: track_id: 320, frame: 23127, previous_bottom_center: (1341.633544921875, 458.93686), current_bottom_center: (1398.5545654296875, 443.39096), previous_side: -27.22, current_side: 22.86, side_transition: True, crossing_result: True, direction: A_TO_B
2026-08-29 09:50:09 [DEBUG] uvh_test.main: frame=23127 COUNTED track_id=320 class=Three-wheeler
2026-08-29 09:50:12 [DEBUG] uvh_test.counter: track_id: 314, frame: 23187, previous_bottom_center: (1239.243408203125, 335.27118), current_bottom_center: (1264.6627197265625, 331.41983), previous_side: -6.04, current_side: 14.05, side_transition: True, crossing_result: True, direction: A_TO_B
2026-08-29 09:50:12 [DEBUG] uvh_test.main: frame=23187 COUNTED track_id=314 class=Two-wheeler
2026-08-29 09:50:22 [DEBUG] uvh_test.counter: track_id: 324, frame: 23467, previous_bottom_center: (1254.8238525390625, 344.82993), current_bottom_center: (1283.4703369140625, 340.76492), previous_side: -2.47, current_side: 19.97, side_transition: True, crossing_result: True, direction: A_TO_B
2026-08-29 09:50:22 [DEBUG] uvh_test.main: frame=23467 COUNTED track_id=324 class=Two-wheeler
2026-08-29 09:50:35 [DEBUG] uvh_test.counter: track_id: 328, frame: 23873, previous_bottom_center: (1278.7060546875, 366.27527), current_bottom_center: (1281.85498046875, 365.73047), previous_side: -1.98, current_side: 0.56, side_transition: True, crossing_result: True, direction: A_TO_B
2026-08-29 09:50:35 [DEBUG] uvh_test.main: frame=23873 COUNTED track_id=328 class=Two-wheeler
2026-08-29 09:50:45 [DEBUG] uvh_test.counter: track_id: 331, frame: 24159, previous_bottom_center: (1270.513916015625, 370.67554), current_bottom_center: (1290.4024658203125, 367.0996), previous_side: -10.78, current_side: 5.36, side_transition: True, crossing_result: True, direction: A_TO_B
2026-08-29 09:50:45 [DEBUG] uvh_test.main: frame=24159 COUNTED track_id=331 class=Two-wheeler
2026-08-29 09:50:46 [DEBUG] uvh_test.counter: track_id: 330, frame: 24180, previous_bottom_center: (1349.1510009765625, 432.50186), current_bottom_center: (1360.0484619140625, 429.49683), previous_side: -2.72, current_side: 6.89, side_transition: True, crossing_result: True, direction: A_TO_B
2026-08-29 09:50:46 [INFO] uvh_test.counter: SAFETY NET REJECTION: Rejecting tid=330 as duplicate of class Two-wheeler, prev_tid=331, dist=93.5px, thresh=150.0px, bbox_size=181.5x171.2
2026-08-29 09:51:02 [DEBUG] uvh_test.counter: track_id: 339, frame: 24639, previous_bottom_center: (1269.201171875, 369.27417), current_bottom_center: (1291.3974609375, 365.27188), previous_side: -10.64, current_side: 7.38, side_transition: True, crossing_result: True, direction: A_TO_B
2026-08-29 09:51:02 [DEBUG] uvh_test.main: frame=24639 COUNTED track_id=339 class=Two-wheeler
2026-08-29 09:51:12 [DEBUG] uvh_test.counter: track_id: 340, frame: 24895, previous_bottom_center: (1259.524658203125, 365.81458), current_bottom_center: (1280.216796875, 361.9352), previous_side: -14.68, current_side: 2.23, side_transition: True, crossing_result: True, direction: A_TO_B
2026-08-29 09:51:12 [DEBUG] uvh_test.main: frame=24895 COUNTED track_id=340 class=Two-wheeler
2026-08-29 09:51:24 [INFO] uvh_test.counter: SAFETY NET MERGE: Merging current tid=341 into lost_tid=341, dist=61.4px
2026-08-29 09:51:24 [DEBUG] uvh_test.main: frame=25231 COUNTED track_id=341 class=Truck
2026-08-29 09:51:31 [DEBUG] uvh_test.counter: track_id: 351, frame: 25407, previous_bottom_center: (1515.208984375, 643.21094), current_bottom_center: (1586.89111328125, 600.33295), previous_side: -44.51, current_side: 35.65, side_transition: True, crossing_result: True, direction: A_TO_B
2026-08-29 09:51:31 [DEBUG] uvh_test.main: frame=25407 COUNTED track_id=351 class=Two-wheeler
2026-08-29 09:51:31 [DEBUG] uvh_test.counter: track_id: 347, frame: 25408, previous_bottom_center: (1374.384521484375, 463.8519), current_bottom_center: (1394.7666015625, 457.3971), previous_side: -8.58, current_side: 10.00, side_transition: True, crossing_result: True, direction: A_TO_B
2026-08-29 09:51:31 [DEBUG] uvh_test.main: frame=25408 COUNTED track_id=347 class=Two-wheeler
2026-08-29 09:51:41 [DEBUG] uvh_test.counter: track_id: 359, frame: 25571, previous_bottom_center: (1475.334228515625, 553.3655), current_bottom_center: (1523.2490234375, 534.43396), previous_side: -5.68, current_side: 40.77, side_transition: True, crossing_result: True, direction: A_TO_B
2026-08-29 09:51:41 [DEBUG] uvh_test.main: frame=25571 COUNTED track_id=359 class=Two-wheeler
2026-08-29 09:51:42 [DEBUG] uvh_test.counter: track_id: 353, frame: 25587, previous_bottom_center: (1317.1759033203125, 407.86984), current_bottom_center: (1348.900146484375, 407.80722), previous_side: -6.37, current_side: 15.23, side_transition: True, crossing_result: True, direction: A_TO_B
2026-08-29 09:51:42 [DEBUG] uvh_test.main: frame=25587 COUNTED track_id=353 class=Bus
2026-08-29 09:51:43 [DEBUG] uvh_test.counter: track_id: 350, frame: 25599, previous_bottom_center: (1366.232177734375, 455.802), current_bottom_center: (1460.8265380859375, 407.95395), previous_side: -8.21, current_side: 91.16, side_transition: True, crossing_result: True, direction: A_TO_B
2026-08-29 09:51:43 [INFO] uvh_test.counter: SAFETY NET REJECTION: Rejecting tid=350 as duplicate of class Bus, prev_tid=353, dist=111.9px, thresh=344.2px, bbox_size=458.9x384.3
2026-08-29 09:51:44 [INFO] uvh_test.counter: SAFETY NET MERGE: Merging current tid=360 into lost_tid=350, dist=94.9px
2026-08-29 09:51:44 [INFO] uvh_test.counter: SAFETY NET REJECTION (MERGE PATH): Rejecting tid=360 as duplicate of class Bus, prev_tid=353, dist=122.0px, thresh=344.2px
2026-08-29 09:52:08 [DEBUG] uvh_test.counter: track_id: 365, frame: 25931, previous_bottom_center: (1560.410888671875, 647.24225), current_bottom_center: (1592.314453125, 615.5708), previous_side: -16.76, current_side: 28.15, side_transition: True, crossing_result: True, direction: A_TO_B
2026-08-29 09:52:08 [DEBUG] uvh_test.main: frame=25931 COUNTED track_id=365 class=Bus
2026-08-29 09:52:18 [DEBUG] uvh_test.counter: track_id: 370, frame: 26107, previous_bottom_center: (1272.12255859375, 503.65433), current_bottom_center: (1398.7001953125, 471.75235), previous_side: -107.26, current_side: 2.14, side_transition: True, crossing_result: True, direction: A_TO_B
2026-08-29 09:52:18 [DEBUG] uvh_test.main: frame=26107 COUNTED track_id=370 class=LCV
2026-08-29 09:52:18 [DEBUG] uvh_test.counter: track_id: 373, frame: 26108, previous_bottom_center: (1445.9410400390625, 519.9242), current_bottom_center: (1493.501953125, 507.94733), previous_side: -1.11, current_side: 39.99, side_transition: True, crossing_result: True, direction: A_TO_B
2026-08-29 09:52:18 [INFO] uvh_test.counter: SAFETY NET REJECTION: Rejecting tid=373 as duplicate of class LCV, prev_tid=370, dist=101.5px, thresh=150.0px, bbox_size=458.9x384.3
2026-08-29 09:52:18 [DEBUG] uvh_test.counter: track_id: 374, frame: 26115, previous_bottom_center: (1463.960205078125, 551.0132), current_bottom_center: (1495.365966796875, 551.0919), previous_side: -11.68, current_side: 9.60, side_transition: True, crossing_result: True, direction: A_TO_B
2026-08-29 09:52:18 [INFO] uvh_test.counter: SAFETY NET REJECTION: Rejecting tid=374 as duplicate of class LCV, prev_tid=370, dist=125.1px, thresh=150.0px, bbox_size=459.0x384.3
2026-08-29 09:52:19 [INFO] uvh_test.counter: SAFETY NET MERGE: Merging current tid=371 into lost_tid=371, dist=43.1px
2026-08-29 09:52:19 [INFO] uvh_test.counter: SAFETY NET REJECTION (MERGE PATH): Rejecting tid=371 as duplicate of class LCV, prev_tid=370, dist=68.4px, thresh=150.0px
2026-08-29 09:52:29 [DEBUG] uvh_test.counter: track_id: 378, frame: 26407, previous_bottom_center: (1420.3189697265625, 502.48804), current_bottom_center: (1457.970703125, 447.43185), previous_side: -5.72, current_side: 60.26, side_transition: True, crossing_result: True, direction: A_TO_B
2026-08-29 09:52:29 [DEBUG] uvh_test.counter: track_id: 380, frame: 26407, previous_bottom_center: (1416.822509765625, 599.6839), current_bottom_center: (1442.8192138671875, 481.25854), previous_side: -79.42, current_side: 25.14, side_transition: True, crossing_result: True, direction: A_TO_B
2026-08-29 09:52:29 [INFO] uvh_test.counter: SAFETY NET REJECTION: Rejecting tid=380 as duplicate of class Sedan, prev_tid=378, dist=37.1px, thresh=150.0px, bbox_size=322.8x250.6
2026-08-29 09:52:29 [DEBUG] uvh_test.main: frame=26407 COUNTED track_id=378 class=Sedan
2026-08-29 09:52:31 [DEBUG] uvh_test.counter: track_id: 381, frame: 26471, previous_bottom_center: (1511.482421875, 599.9379), current_bottom_center: (1543.7926025390625, 599.88214), previous_side: -15.29, current_side: 6.70, side_transition: True, crossing_result: True, direction: A_TO_B
2026-08-29 09:52:31 [DEBUG] uvh_test.main: frame=26471 COUNTED track_id=381 class=Bus
2026-08-29 09:52:42 [DEBUG] uvh_test.counter: track_id: 394, frame: 26755, previous_bottom_center: (1422.394287109375, 551.64496), current_bottom_center: (1453.650390625, 519.887), previous_side: -40.38, current_side: 4.16, side_transition: True, crossing_result: True, direction: A_TO_B
2026-08-29 09:52:42 [DEBUG] uvh_test.main: frame=26755 COUNTED track_id=394 class=LCV
2026-08-29 09:52:43 [DEBUG] uvh_test.counter: track_id: 393, frame: 26767, previous_bottom_center: (1415.9271240234375, 599.656), current_bottom_center: (1510.720947265625, 567.9231), previous_side: -80.01, current_side: 7.68, side_transition: True, crossing_result: True, direction: A_TO_B
2026-08-29 09:52:43 [INFO] uvh_test.counter: SAFETY NET REJECTION: Rejecting tid=393 as duplicate of class LCV, prev_tid=394, dist=74.6px, thresh=150.0px, bbox_size=459.0x384.3
2026-08-29 09:52:43 [DEBUG] uvh_test.counter: track_id: 395, frame: 26767, previous_bottom_center: (1416.5592041015625, 503.7186), current_bottom_center: (1447.8902587890625, 472.0078), previous_side: -9.18, current_side: 35.37, side_transition: True, crossing_result: True, direction: A_TO_B
2026-08-29 09:52:43 [INFO] uvh_test.counter: SAFETY NET REJECTION: Rejecting tid=395 as duplicate of class LCV, prev_tid=394, dist=48.2px, thresh=150.0px, bbox_size=459.1x384.3
2026-08-29 09:52:43 [INFO] uvh_test.counter: SAFETY NET MERGE: Merging current tid=392 into lost_tid=392, dist=97.4px
2026-08-29 09:52:43 [INFO] uvh_test.counter: SAFETY NET REJECTION (MERGE PATH): Rejecting tid=392 as duplicate of class LCV, prev_tid=394, dist=13.0px, thresh=150.0px
2026-08-29 09:52:43 [DEBUG] uvh_test.counter: track_id: 398, frame: 26772, previous_bottom_center: (1270.390869140625, 363.4723), current_bottom_center: (1278.884033203125, 362.2736), previous_side: -5.58, current_side: 1.07, side_transition: True, crossing_result: True, direction: A_TO_B
2026-08-29 09:52:43 [DEBUG] uvh_test.main: frame=26772 COUNTED track_id=398 class=Two-wheeler
2026-08-29 09:52:57 [DEBUG] uvh_test.counter: track_id: 406, frame: 27148, previous_bottom_center: (1316.896728515625, 419.4701), current_bottom_center: (1337.01318359375, 414.637), previous_side: -15.07, current_side: 2.14, side_transition: True, crossing_result: True, direction: A_TO_B
2026-08-29 09:52:57 [DEBUG] uvh_test.main: frame=27148 COUNTED track_id=406 class=Two-wheeler
2026-08-29 09:52:58 [DEBUG] uvh_test.counter: track_id: 407, frame: 27167, previous_bottom_center: (1231.626220703125, 351.2452), current_bottom_center: (1264.83837890625, 345.3805), previous_side: -22.94, current_side: 3.93, side_transition: True, crossing_result: True, direction: A_TO_B
2026-08-29 09:52:58 [INFO] uvh_test.counter: SAFETY NET REJECTION: Rejecting tid=407 as duplicate of class Two-wheeler, prev_tid=406, dist=100.0px, thresh=150.0px, bbox_size=139.2x124.0
2026-08-29 09:53:06 [DEBUG] uvh_test.counter: track_id: 413, frame: 27371, previous_bottom_center: (1319.6678466796875, 411.1432), current_bottom_center: (1348.66748046875, 406.33716), previous_side: -7.08, current_side: 16.15, side_transition: True, crossing_result: True, direction: A_TO_B
2026-08-29 09:53:06 [DEBUG] uvh_test.main: frame=27371 COUNTED track_id=413 class=Two-wheeler
2026-08-29 09:53:12 [DEBUG] uvh_test.counter: track_id: 415, frame: 27547, previous_bottom_center: (1282.238037109375, 406.86078), current_bottom_center: (1329.3990478515625, 396.8352), previous_side: -29.36, current_side: 10.03, side_transition: True, crossing_result: True, direction: A_TO_B
2026-08-29 09:53:12 [DEBUG] uvh_test.main: frame=27547 COUNTED track_id=415 class=Two-wheeler
2026-08-29 09:53:34 [DEBUG] uvh_test.counter: track_id: 418, frame: 28187, previous_bottom_center: (1288.32763671875, 398.09778), current_bottom_center: (1351.55712890625, 385.8432), previous_side: -18.80, current_side: 33.15, side_transition: True, crossing_result: True, direction: A_TO_B
2026-08-29 09:53:34 [DEBUG] uvh_test.main: frame=28187 COUNTED track_id=418 class=Two-wheeler
2026-08-29 09:53:36 [DEBUG] uvh_test.counter: track_id: 420, frame: 28219, previous_bottom_center: (1466.4559326171875, 597.1637), current_bottom_center: (1529.27978515625, 565.5174), previous_side: -43.85, current_side: 22.05, side_transition: True, crossing_result: True, direction: A_TO_B
2026-08-29 09:53:36 [DEBUG] uvh_test.main: frame=28219 COUNTED track_id=420 class=Truck
2026-08-29 09:53:48 [DEBUG] uvh_test.counter: track_id: 425, frame: 28561, previous_bottom_center: (1284.804931640625, 370.4247), current_bottom_center: (1286.9620361328125, 370.05347), previous_side: -0.88, current_side: 0.85, side_transition: True, crossing_result: True, direction: A_TO_B
2026-08-29 09:53:48 [DEBUG] uvh_test.main: frame=28561 COUNTED track_id=425 class=Two-wheeler
2026-08-29 09:53:50 [DEBUG] uvh_test.counter: track_id: 430, frame: 28615, previous_bottom_center: (1309.9051513671875, 422.12912), current_bottom_center: (1343.180908203125, 413.92578), previous_side: -21.77, current_side: 6.86, side_transition: True, crossing_result: True, direction: A_TO_B
2026-08-29 09:53:50 [INFO] uvh_test.counter: SAFETY NET REJECTION: Rejecting tid=430 as duplicate of class Two-wheeler, prev_tid=425, dist=71.3px, thresh=150.0px, bbox_size=185.4x157.9
2026-08-29 09:53:59 [DEBUG] uvh_test.counter: track_id: 432, frame: 28857, previous_bottom_center: (1555.63671875, 623.9199), current_bottom_center: (1560.312744140625, 621.42303), previous_side: -2.89, current_side: 2.12, side_transition: True, crossing_result: True, direction: A_TO_B
2026-08-29 09:53:59 [DEBUG] uvh_test.main: frame=28857 COUNTED track_id=432 class=Two-wheeler
2026-08-29 09:54:06 [DEBUG] uvh_test.counter: track_id: 437, frame: 29051, previous_bottom_center: (1293.0247802734375, 396.22986), current_bottom_center: (1317.6187744140625, 391.03015), previous_side: -14.23, current_side: 6.29, side_transition: True, crossing_result: True, direction: A_TO_B
2026-08-29 09:54:06 [DEBUG] uvh_test.main: frame=29051 COUNTED track_id=437 class=Two-wheeler
2026-08-29 09:54:22 [DEBUG] uvh_test.counter: track_id: 442, frame: 29481, previous_bottom_center: (1295.4337158203125, 380.5603), current_bottom_center: (1297.1920166015625, 380.23633), previous_side: -1.10, current_side: 0.33, side_transition: True, crossing_result: True, direction: A_TO_B
2026-08-29 09:54:22 [DEBUG] uvh_test.main: frame=29481 COUNTED track_id=442 class=Two-wheeler
2026-08-29 09:54:23 [INFO] uvh_test.counter: SAFETY NET MERGE: Merging current tid=441 into lost_tid=441, dist=41.1px
2026-08-29 09:54:23 [INFO] uvh_test.counter: SAFETY NET REJECTION (MERGE PATH): Rejecting tid=441 as duplicate of class Two-wheeler, prev_tid=442, dist=11.5px, thresh=150.0px
2026-08-29 09:54:29 [DEBUG] uvh_test.counter: track_id: 446, frame: 29649, previous_bottom_center: (1333.0050048828125, 417.20972), current_bottom_center: (1342.2666015625, 415.19742), previous_side: -2.47, current_side: 5.30, side_transition: True, crossing_result: True, direction: A_TO_B
2026-08-29 09:54:29 [DEBUG] uvh_test.main: frame=29649 COUNTED track_id=446 class=Two-wheeler
2026-08-29 09:54:32 [DEBUG] uvh_test.counter: track_id: 447, frame: 29732, previous_bottom_center: (1307.80810546875, 390.86124), current_bottom_center: (1316.82666015625, 389.3009), previous_side: -0.25, current_side: 7.02, side_transition: True, crossing_result: True, direction: A_TO_B
2026-08-29 09:54:32 [INFO] uvh_test.counter: SAFETY NET REJECTION: Rejecting tid=447 as duplicate of class Two-wheeler, prev_tid=446, dist=36.3px, thresh=150.0px, bbox_size=164.2x139.6
2026-08-29 09:54:33 [DEBUG] uvh_test.counter: track_id: 448, frame: 29769, previous_bottom_center: (1262.989990234375, 352.54266), current_bottom_center: (1266.954345703125, 351.87744), previous_side: -2.58, current_side: 0.60, side_transition: True, crossing_result: True, direction: A_TO_B
2026-08-29 09:54:33 [INFO] uvh_test.counter: SAFETY NET REJECTION: Rejecting tid=448 as duplicate of class Two-wheeler, prev_tid=446, dist=98.4px, thresh=150.0px, bbox_size=134.4x121.8
2026-08-29 09:54:55 [DEBUG] uvh_test.counter: track_id: 449, frame: 30396, previous_bottom_center: (1299.8447265625, 390.2081), current_bottom_center: (1309.7152099609375, 388.49316), previous_side: -5.18, current_side: 2.78, side_transition: True, crossing_result: True, direction: A_TO_B
2026-08-29 09:54:55 [DEBUG] uvh_test.main: frame=30396 COUNTED track_id=449 class=Two-wheeler
2026-08-29 09:55:00 [DEBUG] uvh_test.counter: track_id: 450, frame: 30527, previous_bottom_center: (1240.342529296875, 366.28732), current_bottom_center: (1283.537353515625, 359.2536), previous_side: -28.06, current_side: 6.45, side_transition: True, crossing_result: True, direction: A_TO_B
2026-08-29 09:55:00 [INFO] uvh_test.counter: SAFETY NET REJECTION: Rejecting tid=450 as duplicate of class Two-wheeler, prev_tid=449, dist=39.2px, thresh=150.0px, bbox_size=137.5x125.3
2026-08-29 09:55:09 [DEBUG] uvh_test.counter: track_id: 453, frame: 30755, previous_bottom_center: (1274.82568359375, 375.58044), current_bottom_center: (1293.2938232421875, 371.75644), previous_side: -11.45, current_side: 3.91, side_transition: True, crossing_result: True, direction: A_TO_B
2026-08-29 09:55:09 [DEBUG] uvh_test.main: frame=30755 COUNTED track_id=453 class=Two-wheeler
2026-08-29 09:55:13 [DEBUG] uvh_test.counter: track_id: 459, frame: 30871, previous_bottom_center: (1335.21435546875, 419.48233), current_bottom_center: (1360.7987060546875, 411.9416), previous_side: -2.63, current_side: 20.28, side_transition: True, crossing_result: True, direction: A_TO_B
2026-08-29 09:55:13 [INFO] uvh_test.counter: SAFETY NET REJECTION: Rejecting tid=459 as duplicate of class Two-wheeler, prev_tid=453, dist=78.6px, thresh=150.0px, bbox_size=179.1x156.1
2026-08-29 09:55:16 [DEBUG] uvh_test.counter: track_id: 455, frame: 30961, previous_bottom_center: (1260.570068359375, 347.77957), current_bottom_center: (1262.208251953125, 347.5276), previous_side: -0.73, current_side: 0.57, side_transition: True, crossing_result: True, direction: A_TO_B
2026-08-29 09:55:16 [DEBUG] uvh_test.main: frame=30961 COUNTED track_id=455 class=Two-wheeler
2026-08-29 09:55:26 [DEBUG] uvh_test.counter: track_id: 461, frame: 31219, previous_bottom_center: (1284.80712890625, 371.8067), current_bottom_center: (1304.4437255859375, 369.37552), previous_side: -1.90, current_side: 13.23, side_transition: True, crossing_result: True, direction: A_TO_B
2026-08-29 09:55:26 [DEBUG] uvh_test.main: frame=31219 COUNTED track_id=461 class=Two-wheeler
2026-08-29 09:55:27 [DEBUG] uvh_test.counter: track_id: 463, frame: 31239, previous_bottom_center: (1553.7794189453125, 649.8151), current_bottom_center: (1591.402587890625, 631.35846), previous_side: -23.16, current_side: 15.95, side_transition: True, crossing_result: True, direction: A_TO_B
2026-08-29 09:55:27 [DEBUG] uvh_test.main: frame=31239 COUNTED track_id=463 class=Two-wheeler
2026-08-29 09:55:37 [DEBUG] uvh_test.counter: track_id: 464, frame: 31511, previous_bottom_center: (1281.26123046875, 374.707), current_bottom_center: (1301.950439453125, 369.7341), previous_side: -6.43, current_side: 11.27, side_transition: True, crossing_result: True, direction: A_TO_B
2026-08-29 09:55:37 [DEBUG] uvh_test.main: frame=31511 COUNTED track_id=464 class=Two-wheeler
2026-08-29 09:55:39 [DEBUG] uvh_test.counter: track_id: 467, frame: 31559, previous_bottom_center: (1344.8701171875, 432.7211), current_bottom_center: (1373.2706298828125, 425.0187), previous_side: -5.79, current_side: 19.16, side_transition: True, crossing_result: True, direction: A_TO_B
2026-08-29 09:55:39 [INFO] uvh_test.counter: SAFETY NET REJECTION: Rejecting tid=467 as duplicate of class Two-wheeler, prev_tid=464, dist=90.2px, thresh=150.0px, bbox_size=195.3x160.5
2026-08-29 09:55:52 [DEBUG] uvh_test.counter: track_id: 470, frame: 31931, previous_bottom_center: (1233.7811279296875, 344.35052), current_bottom_center: (1269.996337890625, 338.6104), previous_side: -16.42, current_side: 12.40, side_transition: True, crossing_result: True, direction: A_TO_B
2026-08-29 09:55:52 [DEBUG] uvh_test.main: frame=31931 COUNTED track_id=470 class=Two-wheeler
2026-08-29 09:56:02 [DEBUG] uvh_test.counter: track_id: 472, frame: 32215, previous_bottom_center: (1561.13623046875, 743.8463), current_bottom_center: (1604.1884765625, 648.4419), previous_side: -87.16, current_side: 12.10, side_transition: True, crossing_result: True, direction: A_TO_B
2026-08-29 09:56:02 [DEBUG] uvh_test.counter: track_id: 473, frame: 32215, previous_bottom_center: (1561.116455078125, 647.8055), current_bottom_center: (1593.763427734375, 647.7776), previous_side: -16.70, current_side: 5.50, side_transition: True, crossing_result: True, direction: A_TO_B
2026-08-29 09:56:02 [INFO] uvh_test.counter: SAFETY NET REJECTION: Rejecting tid=473 as duplicate of class SUV, prev_tid=472, dist=10.4px, thresh=150.0px, bbox_size=459.1x384.4
2026-08-29 09:56:02 [DEBUG] uvh_test.counter: track_id: 474, frame: 32215, previous_bottom_center: (1605.09423828125, 695.6913), current_bottom_center: (1641.10693359375, 695.7031), previous_side: -21.96, current_side: 2.50, side_transition: True, crossing_result: True, direction: A_TO_B
2026-08-29 09:56:02 [INFO] uvh_test.counter: SAFETY NET REJECTION: Rejecting tid=474 as duplicate of class SUV, prev_tid=472, dist=60.0px, thresh=150.0px, bbox_size=459.0x384.3
2026-08-29 09:56:02 [DEBUG] uvh_test.main: frame=32215 COUNTED track_id=472 class=SUV
2026-08-29 09:56:02 [DEBUG] uvh_test.counter: track_id: 471, frame: 32219, previous_bottom_center: (1562.8328857421875, 693.59283), current_bottom_center: (1626.2078857421875, 630.2077), previous_side: -49.13, current_side: 40.44, side_transition: True, crossing_result: True, direction: A_TO_B
2026-08-29 09:56:02 [INFO] uvh_test.counter: SAFETY NET REJECTION: Rejecting tid=471 as duplicate of class SUV, prev_tid=472, dist=28.6px, thresh=150.0px, bbox_size=458.9x384.4
2026-08-29 09:56:22 [DEBUG] uvh_test.counter: track_id: 477, frame: 32828, previous_bottom_center: (1291.7532958984375, 384.41373), current_bottom_center: (1314.111083984375, 380.51093), previous_side: -6.43, current_side: 11.63, side_transition: True, crossing_result: True, direction: A_TO_B
2026-08-29 09:56:22 [DEBUG] uvh_test.main: frame=32828 COUNTED track_id=477 class=Two-wheeler
2026-08-29 09:56:26 [DEBUG] uvh_test.counter: track_id: 481, frame: 32947, previous_bottom_center: (1293.21533203125, 394.50388), current_bottom_center: (1351.565673828125, 381.15134), previous_side: -12.84, current_side: 36.60, side_transition: True, crossing_result: True, direction: A_TO_B
2026-08-29 09:56:26 [INFO] uvh_test.counter: SAFETY NET REJECTION: Rejecting tid=481 as duplicate of class Two-wheeler, prev_tid=477, dist=37.5px, thresh=150.0px, bbox_size=158.9x143.1
2026-08-29 09:56:29 [DEBUG] uvh_test.counter: track_id: 480, frame: 33019, previous_bottom_center: (1277.514892578125, 370.65), current_bottom_center: (1301.889892578125, 366.18915), previous_side: -6.00, current_side: 13.83, side_transition: True, crossing_result: True, direction: A_TO_B
2026-08-29 09:56:29 [DEBUG] uvh_test.main: frame=33019 COUNTED track_id=480 class=Two-wheeler
2026-08-29 09:56:40 [DEBUG] uvh_test.counter: track_id: 482, frame: 33355, previous_bottom_center: (1239.422607421875, 335.35593), current_bottom_center: (1253.530029296875, 333.71362), previous_side: -5.98, current_side: 4.81, side_transition: True, crossing_result: True, direction: A_TO_B
2026-08-29 09:56:40 [DEBUG] uvh_test.main: frame=33355 COUNTED track_id=482 class=Two-wheeler
2026-08-29 09:57:09 [DEBUG] uvh_test.counter: track_id: 483, frame: 33895, previous_bottom_center: (1299.2470703125, 392.29706), current_bottom_center: (1317.166748046875, 387.9308), previous_side: -7.12, current_side: 8.26, side_transition: True, crossing_result: True, direction: A_TO_B
2026-08-29 09:57:09 [DEBUG] uvh_test.main: frame=33895 COUNTED track_id=483 class=Two-wheeler
2026-08-29 09:57:10 [DEBUG] uvh_test.counter: track_id: 485, frame: 33907, previous_bottom_center: (1261.154541015625, 364.29163), current_bottom_center: (1299.391845703125, 359.60693), previous_side: -12.45, current_side: 16.96, side_transition: True, crossing_result: True, direction: A_TO_B
2026-08-29 09:57:10 [INFO] uvh_test.counter: SAFETY NET REJECTION: Rejecting tid=485 as duplicate of class Two-wheeler, prev_tid=483, dist=33.4px, thresh=150.0px, bbox_size=122.7x130.6
2026-08-29 09:57:25 [DEBUG] uvh_test.counter: track_id: 487, frame: 34127, previous_bottom_center: (1280.817138671875, 385.23178), current_bottom_center: (1322.21337890625, 376.87222), previous_side: -14.46, current_side: 19.80, side_transition: True, crossing_result: True, direction: A_TO_B
2026-08-29 09:57:25 [DEBUG] uvh_test.main: frame=34127 COUNTED track_id=487 class=Two-wheeler
2026-08-29 09:57:32 [DEBUG] uvh_test.counter: track_id: 488, frame: 34210, previous_bottom_center: (1253.7630615234375, 344.78534), current_bottom_center: (1270.048828125, 342.79288), previous_side: -3.16, current_side: 9.37, side_transition: True, crossing_result: True, direction: A_TO_B
2026-08-29 09:57:32 [INFO] uvh_test.counter: SAFETY NET REJECTION: Rejecting tid=488 as duplicate of class Two-wheeler, prev_tid=487, dist=62.3px, thresh=150.0px, bbox_size=139.7x122.6
2026-08-29 09:57:51 [DEBUG] uvh_test.counter: track_id: 489, frame: 34479, previous_bottom_center: (1554.6300048828125, 659.4776), current_bottom_center: (1602.523681640625, 647.48285), previous_side: -29.67, current_side: 11.67, side_transition: True, crossing_result: True, direction: A_TO_B
2026-08-29 09:57:51 [DEBUG] uvh_test.main: frame=34479 COUNTED track_id=489 class=tempo-traveller
2026-08-29 09:57:57 [DEBUG] uvh_test.counter: track_id: 497, frame: 34663, previous_bottom_center: (1316.1971435546875, 412.14355), current_bottom_center: (1329.40185546875, 409.35754), previous_side: -10.17, current_side: 0.85, side_transition: True, crossing_result: True, direction: A_TO_B
2026-08-29 09:57:57 [DEBUG] uvh_test.main: frame=34663 COUNTED track_id=497 class=Two-wheeler
2026-08-29 09:58:11 [DEBUG] uvh_test.counter: track_id: 498, frame: 35112, previous_bottom_center: (1258.25048828125, 344.95346), current_bottom_center: (1260.543701171875, 344.49173), previous_side: -0.23, current_side: 1.66, side_transition: True, crossing_result: True, direction: A_TO_B
2026-08-29 09:58:11 [DEBUG] uvh_test.main: frame=35112 COUNTED track_id=498 class=Two-wheeler
2026-08-29 09:58:29 [DEBUG] uvh_test.counter: track_id: 504, frame: 35679, previous_bottom_center: (1231.18896484375, 338.03204), current_bottom_center: (1261.124267578125, 332.79364), previous_side: -13.54, current_side: 10.64, side_transition: True, crossing_result: True, direction: A_TO_B
2026-08-29 09:58:29 [DEBUG] uvh_test.main: frame=35679 COUNTED track_id=504 class=Two-wheeler
2026-08-29 09:58:34 [DEBUG] uvh_test.counter: track_id: 512, frame: 35819, previous_bottom_center: (1275.9140625, 384.47058), current_bottom_center: (1313.339111328125, 376.13535), previous_side: -17.23, current_side: 14.31, side_transition: True, crossing_result: True, direction: A_TO_B
2026-08-29 09:58:34 [INFO] uvh_test.counter: SAFETY NET REJECTION: Rejecting tid=512 as duplicate of class Two-wheeler, prev_tid=504, dist=67.9px, thresh=150.0px, bbox_size=151.4x137.9
2026-08-29 09:58:35 [DEBUG] uvh_test.counter: track_id: 516, frame: 35859, previous_bottom_center: (1559.912353515625, 695.6665), current_bottom_center: (1606.3785400390625, 615.33545), previous_side: -52.63, current_side: 37.88, side_transition: True, crossing_result: True, direction: A_TO_B
2026-08-29 09:58:35 [DEBUG] uvh_test.main: frame=35859 COUNTED track_id=516 class=Sedan
2026-08-29 09:58:35 [DEBUG] uvh_test.counter: track_id: 515, frame: 35862, previous_bottom_center: (1606.97509765625, 695.4043), current_bottom_center: (1638.62255859375, 662.0883), previous_side: -20.47, current_side: 25.48, side_transition: True, crossing_result: True, direction: A_TO_B
2026-08-29 09:58:35 [INFO] uvh_test.counter: SAFETY NET REJECTION: Rejecting tid=515 as duplicate of class Sedan, prev_tid=516, dist=56.8px, thresh=150.0px, bbox_size=459.0x384.4
2026-08-29 09:58:47 [DEBUG] uvh_test.counter: track_id: 519, frame: 36223, previous_bottom_center: (1588.106201171875, 676.5929), current_bottom_center: (1619.7177734375, 656.14856), previous_side: -19.48, current_side: 16.99, side_transition: True, crossing_result: True, direction: A_TO_B
2026-08-29 09:58:47 [DEBUG] uvh_test.main: frame=36223 COUNTED track_id=519 class=Two-wheeler
2026-08-29 09:59:05 [DEBUG] uvh_test.counter: track_id: 525, frame: 36840, previous_bottom_center: (1282.750732421875, 388.20807), current_bottom_center: (1301.24462890625, 383.9637), previous_side: -15.33, current_side: 0.35, side_transition: True, crossing_result: True, direction: A_TO_B
2026-08-29 09:59:05 [DEBUG] uvh_test.main: frame=36840 COUNTED track_id=525 class=Two-wheeler
2026-08-29 09:59:06 [DEBUG] uvh_test.counter: track_id: 527, frame: 36851, previous_bottom_center: (1252.7701416015625, 357.39368), current_bottom_center: (1275.8861083984375, 353.13525), previous_side: -13.09, current_side: 5.74, side_transition: True, crossing_result: True, direction: A_TO_B
2026-08-29 09:59:06 [INFO] uvh_test.counter: SAFETY NET REJECTION: Rejecting tid=527 as duplicate of class Two-wheeler, prev_tid=525, dist=39.9px, thresh=150.0px, bbox_size=159.9x135.8
2026-08-29 09:59:11 [DEBUG] uvh_test.counter: track_id: 528, frame: 37019, previous_bottom_center: (1263.571044921875, 378.7733), current_bottom_center: (1308.92431640625, 369.24377), previous_side: -21.44, current_side: 16.37, side_transition: True, crossing_result: True, direction: A_TO_B
2026-08-29 09:59:11 [DEBUG] uvh_test.main: frame=37019 COUNTED track_id=528 class=Two-wheeler
2026-08-29 09:59:13 [DEBUG] uvh_test.counter: track_id: 531, frame: 37079, previous_bottom_center: (1281.271484375, 414.47137), current_bottom_center: (1324.84228515625, 403.80188), previous_side: -35.61, current_side: 1.83, side_transition: True, crossing_result: True, direction: A_TO_B
2026-08-29 09:59:13 [DEBUG] uvh_test.main: frame=37079 COUNTED track_id=531 class=Truck
2026-08-29 09:59:20 [INFO] uvh_test.counter: SAFETY NET MERGE: Merging current tid=537 into lost_tid=537, dist=62.4px
2026-08-29 09:59:20 [DEBUG] uvh_test.main: frame=37271 COUNTED track_id=537 class=Sedan
2026-08-29 09:59:23 [DEBUG] uvh_test.counter: track_id: 546, frame: 37387, previous_bottom_center: (1513.011962890625, 647.6869), current_bottom_center: (1545.6947021484375, 581.967), previous_side: -49.29, current_side: 21.14, side_transition: True, crossing_result: True, direction: A_TO_B
2026-08-29 09:59:23 [DEBUG] uvh_test.main: frame=37387 COUNTED track_id=546 class=SUV
2026-08-29 09:59:23 [DEBUG] uvh_test.counter: track_id: 545, frame: 37388, previous_bottom_center: (1461.10400390625, 545.3274), current_bottom_center: (1478.3365478515625, 504.23972), previous_side: -9.45, current_side: 32.41, side_transition: True, crossing_result: True, direction: A_TO_B
2026-08-29 09:59:23 [INFO] uvh_test.counter: SAFETY NET REJECTION: Rejecting tid=545 as duplicate of class SUV, prev_tid=546, dist=102.9px, thresh=150.0px, bbox_size=308.3x238.2
2026-08-29 09:59:24 [DEBUG] uvh_test.counter: track_id: 535, frame: 37391, previous_bottom_center: (1514.34814453125, 598.0477), current_bottom_center: (1546.0263671875, 598.25165), previous_side: -11.96, current_side: 9.41, side_transition: True, crossing_result: True, direction: A_TO_B
2026-08-29 09:59:24 [INFO] uvh_test.counter: SAFETY NET REJECTION: Rejecting tid=535 as duplicate of class SUV, prev_tid=546, dist=16.3px, thresh=150.0px, bbox_size=459.0x384.3
2026-08-29 09:59:24 [DEBUG] uvh_test.counter: track_id: 547, frame: 37391, previous_bottom_center: (1465.963134765625, 551.71204), current_bottom_center: (1497.93994140625, 551.71594), previous_side: -10.83, current_side: 10.89, side_transition: True, crossing_result: True, direction: A_TO_B
2026-08-29 09:59:24 [INFO] uvh_test.counter: SAFETY NET REJECTION: Rejecting tid=547 as duplicate of class SUV, prev_tid=546, dist=56.5px, thresh=150.0px, bbox_size=459.0x384.3
2026-08-29 09:59:29 [DEBUG] uvh_test.counter: track_id: 550, frame: 37559, previous_bottom_center: (1610.28955078125, 695.67694), current_bottom_center: (1641.5028076171875, 663.81793), previous_side: -18.42, current_side: 26.17, side_transition: True, crossing_result: True, direction: A_TO_B
2026-08-29 09:59:29 [DEBUG] uvh_test.counter: track_id: 552, frame: 37559, previous_bottom_center: (1461.25, 648.03973), current_bottom_center: (1557.39599609375, 615.74255), previous_side: -84.72, current_side: 4.30, side_transition: True, crossing_result: True, direction: A_TO_B
2026-08-29 09:59:29 [INFO] uvh_test.counter: SAFETY NET REJECTION: Rejecting tid=552 as duplicate of class SUV, prev_tid=550, dist=96.9px, thresh=150.0px, bbox_size=459.1x384.4
2026-08-29 09:59:29 [DEBUG] uvh_test.main: frame=37559 COUNTED track_id=550 class=SUV
2026-08-29 09:59:29 [DEBUG] uvh_test.counter: track_id: 549, frame: 37563, previous_bottom_center: (1611.5367431640625, 695.71063), current_bottom_center: (1626.658447265625, 592.51624), previous_side: -17.59, current_side: 68.40, side_transition: True, crossing_result: True, direction: A_TO_B
2026-08-29 09:59:29 [INFO] uvh_test.counter: SAFETY NET REJECTION: Rejecting tid=549 as duplicate of class SUV, prev_tid=550, dist=72.8px, thresh=150.0px, bbox_size=360.3x293.2
2026-08-29 09:59:29 [DEBUG] uvh_test.counter: track_id: 553, frame: 37563, previous_bottom_center: (1557.152099609375, 647.8169), current_bottom_center: (1588.986572265625, 647.7959), previous_side: -19.40, current_side: 2.24, side_transition: True, crossing_result: True, direction: A_TO_B
2026-08-29 09:59:29 [INFO] uvh_test.counter: SAFETY NET REJECTION: Rejecting tid=553 as duplicate of class SUV, prev_tid=550, dist=54.9px, thresh=150.0px, bbox_size=459.1x384.4
2026-08-29 09:59:40 [DEBUG] uvh_test.counter: track_id: 557, frame: 37931, previous_bottom_center: (1289.20068359375, 395.2684), current_bottom_center: (1318.8211669921875, 388.91956), previous_side: -16.13, current_side: 8.66, side_transition: True, crossing_result: True, direction: A_TO_B
2026-08-29 09:59:40 [DEBUG] uvh_test.main: frame=37931 COUNTED track_id=557 class=Two-wheeler
2026-08-29 09:59:54 [DEBUG] uvh_test.counter: track_id: 558, frame: 38388, previous_bottom_center: (1290.2508544921875, 384.6541), current_bottom_center: (1300.211669921875, 382.37735), previous_side: -7.63, current_side: 0.81, side_transition: True, crossing_result: True, direction: A_TO_B
2026-08-29 09:59:54 [DEBUG] uvh_test.main: frame=38388 COUNTED track_id=558 class=Two-wheeler
2026-08-29 09:59:59 [DEBUG] uvh_test.counter: track_id: 562, frame: 38527, previous_bottom_center: (1301.218505859375, 391.69907), current_bottom_center: (1320.279052734375, 386.9204), previous_side: -5.34, current_side: 11.11, side_transition: True, crossing_result: True, direction: A_TO_B
2026-08-29 09:59:59 [DEBUG] uvh_test.main: frame=38527 COUNTED track_id=562 class=Hatchback
2026-08-29 10:00:24 [DEBUG] uvh_test.counter: track_id: 565, frame: 39399, previous_bottom_center: (1236.395751953125, 366.58035), current_bottom_center: (1282.654052734375, 358.80566), previous_side: -30.95, current_side: 6.18, side_transition: True, crossing_result: True, direction: A_TO_B
2026-08-29 10:00:24 [DEBUG] uvh_test.main: frame=39399 COUNTED track_id=565 class=Two-wheeler
2026-08-29 10:00:58 [DEBUG] uvh_test.counter: track_id: 566, frame: 40571, previous_bottom_center: (1275.107666015625, 384.10138), current_bottom_center: (1297.540771484375, 379.86432), previous_side: -17.51, current_side: 0.84, side_transition: True, crossing_result: True, direction: A_TO_B
2026-08-29 10:00:58 [DEBUG] uvh_test.main: frame=40571 COUNTED track_id=566 class=Two-wheeler
2026-08-29 10:01:18 [DEBUG] uvh_test.counter: track_id: 569, frame: 41231, previous_bottom_center: (1513.19140625, 599.8196), current_bottom_center: (1544.47265625, 599.7868), previous_side: -14.05, current_side: 7.23, side_transition: True, crossing_result: True, direction: A_TO_B
2026-08-29 10:01:18 [DEBUG] uvh_test.main: frame=41231 COUNTED track_id=569 class=Bus
2026-08-29 10:01:18 [DEBUG] uvh_test.counter: track_id: 570, frame: 41239, previous_bottom_center: (1461.1640625, 552.0487), current_bottom_center: (1493.2518310546875, 552.0244), previous_side: -14.34, current_side: 7.48, side_transition: True, crossing_result: True, direction: A_TO_B
2026-08-29 10:01:18 [INFO] uvh_test.counter: SAFETY NET REJECTION: Rejecting tid=570 as duplicate of class Bus, prev_tid=569, dist=70.0px, thresh=344.3px, bbox_size=459.0x384.7
2026-08-29 10:01:20 [DEBUG] uvh_test.counter: track_id: 571, frame: 41300, previous_bottom_center: (1244.437255859375, 338.6029), current_bottom_center: (1253.444091796875, 337.08765), previous_side: -4.96, current_side: 2.27, side_transition: True, crossing_result: True, direction: A_TO_B
2026-08-29 10:01:20 [DEBUG] uvh_test.main: frame=41300 COUNTED track_id=571 class=Two-wheeler
2026-08-29 10:01:26 [DEBUG] uvh_test.counter: track_id: 578, frame: 41467, previous_bottom_center: (1296.207763671875, 399.8703), current_bottom_center: (1325.9188232421875, 394.4745), previous_side: -14.74, current_side: 9.40, side_transition: True, crossing_result: True, direction: A_TO_B
2026-08-29 10:01:26 [DEBUG] uvh_test.main: frame=41467 COUNTED track_id=578 class=Two-wheeler
2026-08-29 10:01:34 [DEBUG] uvh_test.counter: track_id: 585, frame: 41731, previous_bottom_center: (1252.034423828125, 365.9045), current_bottom_center: (1278.541015625, 361.85446), previous_side: -19.83, current_side: 1.15, side_transition: True, crossing_result: True, direction: A_TO_B
2026-08-29 10:01:34 [DEBUG] uvh_test.main: frame=41731 COUNTED track_id=585 class=Two-wheeler
2026-08-29 10:01:50 [DEBUG] uvh_test.counter: track_id: 588, frame: 42223, previous_bottom_center: (1254.2314453125, 368.9247), current_bottom_center: (1280.381103515625, 363.9924), previous_side: -20.55, current_side: 0.83, side_transition: True, crossing_result: True, direction: A_TO_B
2026-08-29 10:01:50 [DEBUG] uvh_test.main: frame=42223 COUNTED track_id=588 class=Two-wheeler
2026-08-29 10:01:56 [DEBUG] uvh_test.counter: track_id: 591, frame: 42430, previous_bottom_center: (1456.191650390625, 528.4784), current_bottom_center: (1456.7109375, 528.2254), previous_side: -0.42, current_side: 0.12, side_transition: True, crossing_result: True, direction: A_TO_B
2026-08-29 10:01:56 [DEBUG] uvh_test.main: frame=42430 COUNTED track_id=591 class=Two-wheeler
2026-08-29 10:01:59 [DEBUG] uvh_test.counter: track_id: 594, frame: 42527, previous_bottom_center: (1273.60693359375, 395.89117), current_bottom_center: (1310.6868896484375, 388.53165), previous_side: -27.18, current_side: 3.41, side_transition: True, crossing_result: True, direction: A_TO_B
2026-08-29 10:01:59 [DEBUG] uvh_test.main: frame=42527 COUNTED track_id=594 class=Two-wheeler
2026-08-29 10:02:04 [DEBUG] uvh_test.counter: track_id: 592, frame: 42679, previous_bottom_center: (1270.10009765625, 363.27335), current_bottom_center: (1312.0921630859375, 357.26202), previous_side: -5.63, current_side: 27.31, side_transition: True, crossing_result: True, direction: A_TO_B
2026-08-29 10:02:04 [DEBUG] uvh_test.main: frame=42679 COUNTED track_id=592 class=Two-wheeler
2026-08-29 10:02:38 [DEBUG] uvh_test.counter: track_id: 596, frame: 43788, previous_bottom_center: (1453.083740234375, 537.05896), current_bottom_center: (1474.202392578125, 528.8519), previous_side: -8.83, current_side: 11.54, side_transition: True, crossing_result: True, direction: A_TO_B
2026-08-29 10:02:38 [DEBUG] uvh_test.main: frame=43788 COUNTED track_id=596 class=Two-wheeler
2026-08-29 10:03:02 [DEBUG] uvh_test.counter: track_id: 604, frame: 44588, previous_bottom_center: (1545.691162109375, 614.81445), current_bottom_center: (1557.2703857421875, 602.83093), previous_side: -2.97, current_side: 13.69, side_transition: True, crossing_result: True, direction: A_TO_B
2026-08-29 10:03:02 [DEBUG] uvh_test.main: frame=44588 COUNTED track_id=604 class=Sedan
2026-08-29 10:03:03 [DEBUG] uvh_test.counter: track_id: 602, frame: 44591, previous_bottom_center: (1471.276611328125, 647.2842), current_bottom_center: (1513.235107421875, 552.69684), previous_side: -77.35, current_side: 20.56, side_transition: True, crossing_result: True, direction: A_TO_B
2026-08-29 10:03:03 [DEBUG] uvh_test.main: frame=44591 COUNTED track_id=602 class=MUV
2026-08-29 10:03:03 [DEBUG] uvh_test.counter: track_id: 599, frame: 44599, previous_bottom_center: (1264.6539306640625, 359.852), current_bottom_center: (1303.09375, 353.54132), previous_side: -6.82, current_side: 23.93, side_transition: True, crossing_result: True, direction: A_TO_B
2026-08-29 10:03:03 [DEBUG] uvh_test.main: frame=44599 COUNTED track_id=599 class=Two-wheeler
2026-08-29 10:03:04 [DEBUG] uvh_test.counter: track_id: 598, frame: 44648, previous_bottom_center: (1309.25732421875, 391.9066), current_bottom_center: (1319.5341796875, 389.89005), previous_side: -0.03, current_side: 8.43, side_transition: True, crossing_result: True, direction: A_TO_B
2026-08-29 10:03:04 [INFO] uvh_test.counter: SAFETY NET REJECTION: Rejecting tid=598 as duplicate of class Two-wheeler, prev_tid=599, dist=39.9px, thresh=150.0px, bbox_size=162.8x139.0
2026-08-29 10:03:34 [DEBUG] uvh_test.counter: track_id: 610, frame: 45619, previous_bottom_center: (1232.69873046875, 343.7303), current_bottom_center: (1264.564453125, 338.5702), previous_side: -16.70, current_side: 8.74, side_transition: True, crossing_result: True, direction: A_TO_B
2026-08-29 10:03:34 [DEBUG] uvh_test.main: frame=45619 COUNTED track_id=610 class=Two-wheeler
2026-08-29 10:03:51 [DEBUG] uvh_test.counter: track_id: 619, frame: 46199, previous_bottom_center: (1294.7939453125, 391.70193), current_bottom_center: (1339.119873046875, 382.07004), previous_side: -9.71, current_side: 27.47, side_transition: True, crossing_result: True, direction: A_TO_B
2026-08-29 10:03:51 [DEBUG] uvh_test.main: frame=46199 COUNTED track_id=619 class=Three-wheeler
2026-08-29 10:04:06 [DEBUG] uvh_test.counter: track_id: 626, frame: 46659, previous_bottom_center: (1305.619140625, 405.06387), current_bottom_center: (1355.216064453125, 394.4735), previous_side: -12.16, current_side: 29.31, side_transition: True, crossing_result: True, direction: A_TO_B
2026-08-29 10:04:06 [DEBUG] uvh_test.main: frame=46659 COUNTED track_id=626 class=Two-wheeler
2026-08-29 10:04:27 [DEBUG] uvh_test.counter: track_id: 629, frame: 47347, previous_bottom_center: (1421.553955078125, 500.4701), current_bottom_center: (1452.320556640625, 500.81992), previous_side: -3.40, current_side: 17.24, side_transition: True, crossing_result: True, direction: A_TO_B
2026-08-29 10:04:27 [DEBUG] uvh_test.main: frame=47347 COUNTED track_id=629 class=LCV
2026-08-29 10:04:27 [DEBUG] uvh_test.counter: track_id: 632, frame: 47351, previous_bottom_center: (1367.9031982421875, 503.73416), current_bottom_center: (1431.638671875, 471.92645), previous_side: -42.25, current_side: 24.39, side_transition: True, crossing_result: True, direction: A_TO_B
2026-08-29 10:04:27 [INFO] uvh_test.counter: SAFETY NET REJECTION: Rejecting tid=632 as duplicate of class LCV, prev_tid=629, dist=35.5px, thresh=150.0px, bbox_size=459.0x384.3
2026-08-29 10:04:36 [DEBUG] uvh_test.counter: track_id: 640, frame: 47611, previous_bottom_center: (1461.1368408203125, 551.729), current_bottom_center: (1461.1688232421875, 486.10306), previous_side: -14.12, current_side: 34.05, side_transition: True, crossing_result: True, direction: A_TO_B
2026-08-29 10:04:36 [DEBUG] uvh_test.main: frame=47611 COUNTED track_id=640 class=tempo-traveller
2026-08-29 10:04:37 [DEBUG] uvh_test.counter: track_id: 639, frame: 47619, previous_bottom_center: (1415.7589111328125, 503.7294), current_bottom_center: (1478.8865966796875, 503.61835), previous_side: -9.73, current_side: 33.24, side_transition: True, crossing_result: True, direction: A_TO_B
2026-08-29 10:04:37 [INFO] uvh_test.counter: SAFETY NET REJECTION: Rejecting tid=639 as duplicate of class tempo-traveller, prev_tid=640, dist=24.9px, thresh=300.0px, bbox_size=459.0x384.5
2026-08-29 10:04:54 [DEBUG] uvh_test.counter: track_id: 644, frame: 48159, previous_bottom_center: (1237.639892578125, 344.1207), current_bottom_center: (1281.879150390625, 338.16132), previous_side: -13.63, current_side: 20.80, side_transition: True, crossing_result: True, direction: A_TO_B
2026-08-29 10:04:54 [DEBUG] uvh_test.main: frame=48159 COUNTED track_id=644 class=Two-wheeler
2026-08-29 10:05:12 [DEBUG] uvh_test.counter: track_id: 648, frame: 48742, previous_bottom_center: (1558.6817626953125, 647.7475), current_bottom_center: (1601.0, 539.9502), previous_side: -18.31, current_side: 89.54, side_transition: True, crossing_result: True, direction: A_TO_B
2026-08-29 10:05:12 [DEBUG] uvh_test.main: frame=48742 COUNTED track_id=648 class=SUV
2026-08-29 10:05:28 [DEBUG] uvh_test.counter: track_id: 657, frame: 49222, previous_bottom_center: (1414.610107421875, 503.52527), current_bottom_center: (1450.621826171875, 502.05356), previous_side: -10.36, current_side: 15.18, side_transition: True, crossing_result: True, direction: A_TO_B
2026-08-29 10:05:28 [DEBUG] uvh_test.counter: track_id: 660, frame: 49222, previous_bottom_center: (1365.1156005859375, 455.7089), current_bottom_center: (1397.1903076171875, 455.693), previous_side: -8.90, current_side: 12.90, side_transition: True, crossing_result: True, direction: A_TO_B
2026-08-29 10:05:28 [INFO] uvh_test.counter: SAFETY NET REJECTION: Rejecting tid=660 as duplicate of class LCV, prev_tid=657, dist=70.7px, thresh=150.0px, bbox_size=459.0x384.3
2026-08-29 10:05:28 [DEBUG] uvh_test.main: frame=49222 COUNTED track_id=657 class=LCV
2026-08-29 10:05:28 [DEBUG] uvh_test.counter: track_id: 658, frame: 49230, previous_bottom_center: (1463.3388671875, 551.6942), current_bottom_center: (1496.2943115234375, 519.9348), previous_side: -12.60, current_side: 33.09, side_transition: True, crossing_result: True, direction: A_TO_B
2026-08-29 10:05:28 [INFO] uvh_test.counter: SAFETY NET REJECTION: Rejecting tid=658 as duplicate of class LCV, prev_tid=657, dist=49.0px, thresh=150.0px, bbox_size=458.9x384.3
2026-08-29 10:05:29 [DEBUG] uvh_test.counter: track_id: 654, frame: 49239, previous_bottom_center: (1415.0595703125, 503.8182), current_bottom_center: (1494.98876953125, 425.62057), previous_side: -10.27, current_side: 101.41, side_transition: True, crossing_result: True, direction: A_TO_B
2026-08-29 10:05:29 [INFO] uvh_test.counter: SAFETY NET REJECTION: Rejecting tid=654 as duplicate of class LCV, prev_tid=657, dist=88.4px, thresh=150.0px, bbox_size=362.0x298.8
2026-08-29 10:05:37 [DEBUG] uvh_test.counter: track_id: 662, frame: 49487, previous_bottom_center: (1557.171875, 648.0974), current_bottom_center: (1590.001708984375, 647.95526), previous_side: -19.59, current_side: 2.82, side_transition: True, crossing_result: True, direction: A_TO_B
2026-08-29 10:05:37 [DEBUG] uvh_test.counter: track_id: 663, frame: 49487, previous_bottom_center: (1605.194091796875, 695.8238), current_bottom_center: (1638.0074462890625, 695.7893), previous_side: -21.99, current_side: 0.33, side_transition: True, crossing_result: True, direction: A_TO_B
2026-08-29 10:05:37 [INFO] uvh_test.counter: SAFETY NET REJECTION: Rejecting tid=663 as duplicate of class SUV, prev_tid=662, dist=67.8px, thresh=150.0px, bbox_size=459.1x384.4
2026-08-29 10:05:37 [DEBUG] uvh_test.main: frame=49487 COUNTED track_id=662 class=SUV
2026-08-29 10:05:53 [DEBUG] uvh_test.counter: track_id: 669, frame: 50039, previous_bottom_center: (1559.393310546875, 693.4549), current_bottom_center: (1651.7713623046875, 661.64355), previous_side: -51.36, current_side: 34.74, side_transition: True, crossing_result: True, direction: A_TO_B
2026-08-29 10:05:53 [DEBUG] uvh_test.main: frame=50039 COUNTED track_id=669 class=SUV
2026-08-29 10:05:53 [DEBUG] uvh_test.counter: track_id: 668, frame: 50040, previous_bottom_center: (1575.280029296875, 645.85626), current_bottom_center: (1598.926025390625, 646.0557), previous_side: -5.64, current_side: 10.27, side_transition: True, crossing_result: True, direction: A_TO_B
2026-08-29 10:05:53 [INFO] uvh_test.counter: SAFETY NET REJECTION: Rejecting tid=668 as duplicate of class SUV, prev_tid=669, dist=55.1px, thresh=150.0px, bbox_size=459.1x384.4
2026-08-29 10:05:57 [DEBUG] uvh_test.counter: track_id: 670, frame: 50152, previous_bottom_center: (1260.292724609375, 347.51822), current_bottom_center: (1262.3201904296875, 347.1964), previous_side: -0.73, current_side: 0.88, side_transition: True, crossing_result: True, direction: A_TO_B
2026-08-29 10:05:57 [DEBUG] uvh_test.main: frame=50152 COUNTED track_id=670 class=Two-wheeler
2026-08-29 10:06:12 [DEBUG] uvh_test.counter: track_id: 671, frame: 50643, previous_bottom_center: (1284.1982421875, 388.13846), current_bottom_center: (1306.578125, 384.00906), previous_side: -14.29, current_side: 3.94, side_transition: True, crossing_result: True, direction: A_TO_B
2026-08-29 10:06:12 [DEBUG] uvh_test.main: frame=50643 COUNTED track_id=671 class=Two-wheeler
2026-08-29 10:06:21 [DEBUG] uvh_test.counter: track_id: 677, frame: 50908, previous_bottom_center: (1276.82958984375, 366.50034), current_bottom_center: (1282.2469482421875, 365.45325), previous_side: -3.42, current_side: 1.03, side_transition: True, crossing_result: True, direction: A_TO_B
2026-08-29 10:06:21 [DEBUG] uvh_test.main: frame=50908 COUNTED track_id=677 class=Truck
2026-08-29 10:06:25 [DEBUG] uvh_test.counter: track_id: 680, frame: 51003, previous_bottom_center: (1317.022705078125, 408.06674), current_bottom_center: (1332.98779296875, 402.64847), previous_side: -6.62, current_side: 8.21, side_transition: True, crossing_result: True, direction: A_TO_B
2026-08-29 10:06:25 [DEBUG] uvh_test.main: frame=51003 COUNTED track_id=680 class=SUV
2026-08-29 10:06:35 [DEBUG] uvh_test.counter: track_id: 686, frame: 51320, previous_bottom_center: (1275.270751953125, 362.3591), current_bottom_center: (1290.586181640625, 359.9392), previous_side: -1.44, current_side: 10.74, side_transition: True, crossing_result: True, direction: A_TO_B
2026-08-29 10:06:35 [DEBUG] uvh_test.main: frame=51320 COUNTED track_id=686 class=Two-wheeler
2026-08-29 10:07:11 [DEBUG] uvh_test.counter: track_id: 693, frame: 52523, previous_bottom_center: (1520.289794921875, 597.17194), current_bottom_center: (1552.407470703125, 596.90155), previous_side: -7.28, current_side: 14.74, side_transition: True, crossing_result: True, direction: A_TO_B
2026-08-29 10:07:11 [DEBUG] uvh_test.main: frame=52523 COUNTED track_id=693 class=SUV
2026-08-29 10:07:11 [DEBUG] uvh_test.counter: track_id: 692, frame: 52527, previous_bottom_center: (1515.930908203125, 645.3699), current_bottom_center: (1531.975830078125, 553.22284), previous_side: -45.61, current_side: 32.91, side_transition: True, crossing_result: True, direction: A_TO_B
2026-08-29 10:07:11 [INFO] uvh_test.counter: SAFETY NET REJECTION: Rejecting tid=692 as duplicate of class SUV, prev_tid=693, dist=48.2px, thresh=150.0px, bbox_size=353.7x283.6
2026-08-29 10:07:13 [DEBUG] uvh_test.counter: track_id: 700, frame: 52599, previous_bottom_center: (1261.3115234375, 360.83447), current_bottom_center: (1306.2578125, 353.80753), previous_side: -9.81, current_side: 25.88, side_transition: True, crossing_result: True, direction: A_TO_B
2026-08-29 10:07:13 [DEBUG] uvh_test.main: frame=52599 COUNTED track_id=700 class=Two-wheeler
2026-08-29 10:07:22 [DEBUG] uvh_test.counter: track_id: 702, frame: 52880, previous_bottom_center: (1254.102294921875, 345.0106), current_bottom_center: (1270.7760009765625, 342.4542), previous_side: -3.09, current_side: 10.11, side_transition: True, crossing_result: True, direction: A_TO_B
2026-08-29 10:07:22 [DEBUG] uvh_test.main: frame=52880 COUNTED track_id=702 class=Two-wheeler
2026-08-29 10:07:35 [DEBUG] uvh_test.counter: track_id: 705, frame: 53261, previous_bottom_center: (1544.5296630859375, 611.106), current_bottom_center: (1554.425537109375, 605.6328), previous_side: -1.04, current_side: 9.70, side_transition: True, crossing_result: True, direction: A_TO_B
2026-08-29 10:07:35 [DEBUG] uvh_test.main: frame=53261 COUNTED track_id=705 class=Two-wheeler
2026-08-29 10:08:25 [DEBUG] uvh_test.counter: track_id: 706, frame: 54803, previous_bottom_center: (1278.2723388671875, 364.88013), current_bottom_center: (1302.0933837890625, 360.58072), previous_side: -1.25, current_side: 18.08, side_transition: True, crossing_result: True, direction: A_TO_B
2026-08-29 10:08:25 [DEBUG] uvh_test.main: frame=54803 COUNTED track_id=706 class=Two-wheeler
2026-08-29 10:08:34 [DEBUG] uvh_test.counter: track_id: 707, frame: 55087, previous_bottom_center: (1279.664306640625, 377.74673), current_bottom_center: (1300.273681640625, 373.08636), previous_side: -9.75, current_side: 7.67, side_transition: True, crossing_result: True, direction: A_TO_B
2026-08-29 10:08:34 [DEBUG] uvh_test.main: frame=55087 COUNTED track_id=707 class=Two-wheeler
2026-08-29 10:08:39 [DEBUG] uvh_test.counter: track_id: 709, frame: 55247, previous_bottom_center: (1267.0478515625, 361.57095), current_bottom_center: (1286.7930908203125, 358.69882), previous_side: -6.45, current_side: 9.07, side_transition: True, crossing_result: True, direction: A_TO_B
2026-08-29 10:08:39 [DEBUG] uvh_test.main: frame=55247 COUNTED track_id=709 class=Two-wheeler
2026-08-29 10:08:50 [DEBUG] uvh_test.counter: track_id: 711, frame: 55571, previous_bottom_center: (1614.654296875, 694.1908), current_bottom_center: (1614.6861572265625, 662.06866), previous_side: -14.36, current_side: 9.23, side_transition: True, crossing_result: True, direction: A_TO_B
2026-08-29 10:08:50 [DEBUG] uvh_test.main: frame=55571 COUNTED track_id=711 class=Truck
2026-08-29 10:08:51 [DEBUG] uvh_test.counter: track_id: 713, frame: 55583, previous_bottom_center: (1653.086181640625, 695.6795), current_bottom_center: (1617.2020263671875, 695.85), previous_side: 10.66, current_side: -13.85, side_transition: True, crossing_result: True, direction: B_TO_A
2026-08-29 10:08:51 [DEBUG] uvh_test.main: frame=55583 COUNTED track_id=713 class=tempo-traveller
2026-08-29 10:08:56 [DEBUG] uvh_test.counter: track_id: 716, frame: 55732, previous_bottom_center: (1610.451171875, 678.0341), current_bottom_center: (1622.09423828125, 668.70233), previous_side: -5.36, current_side: 9.40, side_transition: True, crossing_result: True, direction: A_TO_B
2026-08-29 10:08:56 [DEBUG] uvh_test.main: frame=55732 COUNTED track_id=716 class=Two-wheeler
2026-08-29 10:09:26 [DEBUG] uvh_test.counter: track_id: 732, frame: 56440, previous_bottom_center: (1559.609130859375, 678.75226), current_bottom_center: (1595.09375, 655.0096), previous_side: -40.43, current_side: 1.10, side_transition: True, crossing_result: True, direction: A_TO_B
2026-08-29 10:09:26 [DEBUG] uvh_test.main: frame=56440 COUNTED track_id=732 class=Three-wheeler
2026-08-29 10:09:26 [DEBUG] uvh_test.counter: track_id: 731, frame: 56442, previous_bottom_center: (1528.6334228515625, 595.815), current_bottom_center: (1531.2613525390625, 593.37555), previous_side: -0.62, current_side: 2.96, side_transition: True, crossing_result: True, direction: A_TO_B
2026-08-29 10:09:26 [INFO] uvh_test.counter: SAFETY NET REJECTION: Rejecting tid=731 as duplicate of class Three-wheeler, prev_tid=732, dist=88.7px, thresh=150.0px, bbox_size=343.9x286.9
2026-08-29 10:09:27 [DEBUG] uvh_test.counter: track_id: 718, frame: 56447, previous_bottom_center: (1347.898681640625, 429.25876), current_bottom_center: (1368.330078125, 422.76373), previous_side: -1.19, current_side: 17.46, side_transition: True, crossing_result: True, direction: A_TO_B
2026-08-29 10:09:27 [DEBUG] uvh_test.main: frame=56447 COUNTED track_id=718 class=SUV
2026-08-29 10:09:40 [DEBUG] uvh_test.counter: track_id: 735, frame: 56611, previous_bottom_center: (1283.7056884765625, 379.92966), current_bottom_center: (1302.161865234375, 375.1641), previous_side: -8.61, current_side: 7.43, side_transition: True, crossing_result: True, direction: A_TO_B
2026-08-29 10:09:40 [DEBUG] uvh_test.main: frame=56611 COUNTED track_id=735 class=Two-wheeler
2026-08-29 10:09:58 [DEBUG] uvh_test.counter: track_id: 738, frame: 56872, previous_bottom_center: (1550.177001953125, 615.11566), current_bottom_center: (1566.060791015625, 607.41034), previous_side: -0.14, current_side: 16.30, side_transition: True, crossing_result: True, direction: A_TO_B
2026-08-29 10:09:58 [DEBUG] uvh_test.main: frame=56872 COUNTED track_id=738 class=Two-wheeler
2026-08-29 10:10:01 [DEBUG] uvh_test.counter: track_id: 737, frame: 56903, previous_bottom_center: (1286.3184814453125, 378.59814), current_bottom_center: (1308.8536376953125, 372.86566), previous_side: -5.85, current_side: 13.66, side_transition: True, crossing_result: True, direction: A_TO_B
2026-08-29 10:10:01 [DEBUG] uvh_test.main: frame=56903 COUNTED track_id=737 class=Two-wheeler
2026-08-29 10:10:11 [DEBUG] uvh_test.counter: track_id: 741, frame: 57039, previous_bottom_center: (1463.02490234375, 552.0047), current_bottom_center: (1494.5257568359375, 551.9837), previous_side: -13.04, current_side: 8.37, side_transition: True, crossing_result: True, direction: A_TO_B
2026-08-29 10:10:11 [DEBUG] uvh_test.main: frame=57039 COUNTED track_id=741 class=Bus
2026-08-29 10:10:13 [DEBUG] uvh_test.counter: track_id: 742, frame: 57067, previous_bottom_center: (1509.1497802734375, 600.0159), current_bottom_center: (1542.009521484375, 599.95197), previous_side: -16.94, current_side: 5.44, side_transition: True, crossing_result: True, direction: A_TO_B
2026-08-29 10:10:13 [INFO] uvh_test.counter: SAFETY NET REJECTION: Rejecting tid=742 as duplicate of class Bus, prev_tid=741, dist=67.5px, thresh=344.2px, bbox_size=458.9x384.6
2026-08-29 10:10:28 [DEBUG] uvh_test.counter: track_id: 748, frame: 57332, previous_bottom_center: (1303.062744140625, 389.94235), current_bottom_center: (1314.35986328125, 387.7697), previous_side: -2.80, current_side: 6.47, side_transition: True, crossing_result: True, direction: A_TO_B
2026-08-29 10:10:28 [DEBUG] uvh_test.main: frame=57332 COUNTED track_id=748 class=Two-wheeler
2026-08-29 10:10:50 [DEBUG] uvh_test.counter: track_id: 751, frame: 57652, previous_bottom_center: (1270.07666015625, 360.65765), current_bottom_center: (1278.0330810546875, 359.47305), previous_side: -3.72, current_side: 2.55, side_transition: True, crossing_result: True, direction: A_TO_B
2026-08-29 10:10:50 [DEBUG] uvh_test.main: frame=57652 COUNTED track_id=751 class=Two-wheeler
2026-08-29 10:11:53 [DEBUG] uvh_test.counter: track_id: 756, frame: 59044, previous_bottom_center: (1289.156494140625, 375.7673), current_bottom_center: (1295.5340576171875, 374.15256), previous_side: -1.85, current_side: 3.67, side_transition: True, crossing_result: True, direction: A_TO_B
2026-08-29 10:11:53 [DEBUG] uvh_test.main: frame=59044 COUNTED track_id=756 class=tempo-traveller
2026-08-29 10:12:14 [DEBUG] uvh_test.counter: track_id: 759, frame: 59427, previous_bottom_center: (1299.42529296875, 385.62332), current_bottom_center: (1320.158203125, 381.7321), previous_side: -2.10, current_side: 14.84, side_transition: True, crossing_result: True, direction: A_TO_B
2026-08-29 10:12:14 [DEBUG] uvh_test.main: frame=59427 COUNTED track_id=759 class=Two-wheeler
2026-08-29 10:12:41 [DEBUG] uvh_test.counter: track_id: 761, frame: 59888, previous_bottom_center: (1289.56884765625, 380.49725), current_bottom_center: (1296.1290283203125, 379.32993), previous_side: -5.04, current_side: 0.27, side_transition: True, crossing_result: True, direction: A_TO_B
2026-08-29 10:12:41 [DEBUG] uvh_test.main: frame=59888 COUNTED track_id=761 class=Two-wheeler
2026-08-29 10:13:02 [DEBUG] uvh_test.counter: track_id: 762, frame: 60491, previous_bottom_center: (1561.046630859375, 642.6833), current_bottom_center: (1593.443115234375, 626.03986), previous_side: -12.99, current_side: 21.24, side_transition: True, crossing_result: True, direction: A_TO_B
2026-08-29 10:13:02 [DEBUG] uvh_test.main: frame=60491 COUNTED track_id=762 class=Two-wheeler
2026-08-29 10:13:10 [DEBUG] uvh_test.counter: track_id: 769, frame: 60723, previous_bottom_center: (1323.918212890625, 407.8153), current_bottom_center: (1350.03662109375, 400.8683), previous_side: -1.75, current_side: 21.09, side_transition: True, crossing_result: True, direction: A_TO_B
2026-08-29 10:13:10 [DEBUG] uvh_test.main: frame=60723 COUNTED track_id=769 class=Two-wheeler
2026-08-29 10:13:11 [DEBUG] uvh_test.counter: track_id: 770, frame: 60759, previous_bottom_center: (1237.64208984375, 347.69803), current_bottom_center: (1267.35009765625, 343.424), previous_side: -16.25, current_side: 7.07, side_transition: True, crossing_result: True, direction: A_TO_B
2026-08-29 10:13:11 [INFO] uvh_test.counter: SAFETY NET REJECTION: Rejecting tid=770 as duplicate of class Two-wheeler, prev_tid=769, dist=100.7px, thresh=150.0px, bbox_size=149.6x115.3
2026-08-29 10:13:12 [DEBUG] uvh_test.counter: track_id: 772, frame: 60791, previous_bottom_center: (1297.9432373046875, 396.13428), current_bottom_center: (1324.20751953125, 391.1144), previous_side: -10.82, current_side: 10.70, side_transition: True, crossing_result: True, direction: A_TO_B
2026-08-29 10:13:12 [INFO] uvh_test.counter: SAFETY NET REJECTION: Rejecting tid=772 as duplicate of class Two-wheeler, prev_tid=769, dist=27.6px, thresh=150.0px, bbox_size=170.0x145.2
2026-08-29 10:13:16 [DEBUG] uvh_test.counter: track_id: 777, frame: 60912, previous_bottom_center: (1392.3538818359375, 482.263), current_bottom_center: (1404.4754638671875, 478.23358), previous_side: -9.88, current_side: 1.31, side_transition: True, crossing_result: True, direction: A_TO_B
2026-08-29 10:13:16 [DEBUG] uvh_test.main: frame=60912 COUNTED track_id=777 class=Two-wheeler
2026-08-29 10:13:17 [DEBUG] uvh_test.counter: track_id: 775, frame: 60920, previous_bottom_center: (1286.0755615234375, 386.73834), current_bottom_center: (1304.355712890625, 383.31458), previous_side: -11.99, current_side: 2.94, side_transition: True, crossing_result: True, direction: A_TO_B
2026-08-29 10:13:17 [INFO] uvh_test.counter: SAFETY NET REJECTION: Rejecting tid=775 as duplicate of class Two-wheeler, prev_tid=777, dist=138.0px, thresh=150.0px, bbox_size=161.2x142.0
2026-08-29 10:13:23 [DEBUG] uvh_test.counter: track_id: 779, frame: 61120, previous_bottom_center: (1316.2890625, 418.726), current_bottom_center: (1334.3345947265625, 412.72827), previous_side: -14.94, current_side: 1.72, side_transition: True, crossing_result: True, direction: A_TO_B
2026-08-29 10:13:23 [DEBUG] uvh_test.counter: track_id: 783, frame: 61120, previous_bottom_center: (1435.185302734375, 534.01044), current_bottom_center: (1466.739013671875, 521.1507), previous_side: -18.75, current_side: 12.12, side_transition: True, crossing_result: True, direction: A_TO_B
2026-08-29 10:13:23 [DEBUG] uvh_test.main: frame=61120 COUNTED track_id=779 class=Two-wheeler
2026-08-29 10:13:23 [DEBUG] uvh_test.main: frame=61120 COUNTED track_id=783 class=Two-wheeler
2026-08-29 10:13:27 [DEBUG] uvh_test.counter: track_id: 778, frame: 61212, previous_bottom_center: (1253.5511474609375, 345.16025), current_bottom_center: (1257.9013671875, 343.51883), previous_side: -3.58, current_side: 0.58, side_transition: True, crossing_result: True, direction: A_TO_B
2026-08-29 10:13:27 [INFO] uvh_test.counter: SAFETY NET REJECTION: Rejecting tid=778 as duplicate of class Two-wheeler, prev_tid=779, dist=103.1px, thresh=150.0px, bbox_size=126.5x117.8
2026-08-29 10:13:27 [DEBUG] uvh_test.counter: track_id: 781, frame: 61231, previous_bottom_center: (1295.4140625, 392.79855), current_bottom_center: (1317.1746826171875, 388.10016), previous_side: -10.09, current_side: 8.14, side_transition: True, crossing_result: True, direction: A_TO_B
2026-08-29 10:13:27 [INFO] uvh_test.counter: SAFETY NET REJECTION: Rejecting tid=781 as duplicate of class Two-wheeler, prev_tid=779, dist=30.0px, thresh=150.0px, bbox_size=174.5x145.6
2026-08-29 10:13:41 [DEBUG] uvh_test.counter: track_id: 786, frame: 61663, previous_bottom_center: (1267.4124755859375, 363.56998), current_bottom_center: (1294.21923828125, 359.63477), previous_side: -7.67, current_side: 13.43, side_transition: True, crossing_result: True, direction: A_TO_B
2026-08-29 10:13:41 [DEBUG] uvh_test.main: frame=61663 COUNTED track_id=786 class=Two-wheeler
2026-08-29 10:13:49 [DEBUG] uvh_test.counter: track_id: 790, frame: 61883, previous_bottom_center: (1275.0438232421875, 392.17477), current_bottom_center: (1306.5340576171875, 385.56418), previous_side: -23.48, current_side: 2.77, side_transition: True, crossing_result: True, direction: A_TO_B
2026-08-29 10:13:49 [DEBUG] uvh_test.main: frame=61883 COUNTED track_id=790 class=Two-wheeler
2026-08-29 10:13:56 [DEBUG] uvh_test.counter: track_id: 798, frame: 62103, previous_bottom_center: (1283.6748046875, 394.97165), current_bottom_center: (1315.8985595703125, 387.94623), previous_side: -19.66, current_side: 7.38, side_transition: True, crossing_result: True, direction: A_TO_B
2026-08-29 10:13:56 [DEBUG] uvh_test.main: frame=62103 COUNTED track_id=798 class=Two-wheeler
2026-08-29 10:14:14 [DEBUG] uvh_test.counter: track_id: 799, frame: 62719, previous_bottom_center: (1249.4403076171875, 380.69656), current_bottom_center: (1296.057373046875, 372.09967), previous_side: -32.45, current_side: 5.53, side_transition: True, crossing_result: True, direction: A_TO_B
2026-08-29 10:14:14 [DEBUG] uvh_test.counter: track_id: 800, frame: 62719, previous_bottom_center: (1248.8875732421875, 381.3809), current_bottom_center: (1296.2755126953125, 372.3531), previous_side: -33.33, current_side: 5.49, side_transition: True, crossing_result: True, direction: A_TO_B
2026-08-29 10:14:14 [DEBUG] uvh_test.main: frame=62719 COUNTED track_id=799 class=Three-wheeler
2026-08-29 10:14:14 [DEBUG] uvh_test.main: frame=62719 COUNTED track_id=800 class=Truck
2026-08-29 10:14:17 [DEBUG] uvh_test.counter: track_id: 802, frame: 62811, previous_bottom_center: (1575.97119140625, 713.8356), current_bottom_center: (1621.21484375, 680.37976), previous_side: -55.06, current_side: 0.23, side_transition: True, crossing_result: True, direction: A_TO_B
2026-08-29 10:14:17 [DEBUG] uvh_test.main: frame=62811 COUNTED track_id=802 class=Two-wheeler
2026-08-29 10:14:25 [DEBUG] uvh_test.counter: track_id: 806, frame: 63071, previous_bottom_center: (1299.965087890625, 391.1806), current_bottom_center: (1311.672119140625, 388.9572), previous_side: -5.81, current_side: 3.77, side_transition: True, crossing_result: True, direction: A_TO_B
2026-08-29 10:14:25 [DEBUG] uvh_test.main: frame=63071 COUNTED track_id=806 class=Two-wheeler
2026-08-29 10:14:37 [DEBUG] uvh_test.counter: track_id: 809, frame: 63459, previous_bottom_center: (1366.599365234375, 454.23535), current_bottom_center: (1398.15673828125, 454.43765), previous_side: -6.81, current_side: 14.48, side_transition: True, crossing_result: True, direction: A_TO_B
2026-08-29 10:14:37 [DEBUG] uvh_test.counter: track_id: 807, frame: 63459, previous_bottom_center: (938.601318359375, 599.8311), current_bottom_center: (1461.171142578125, 503.95303), previous_side: -404.42, current_side: 20.96, side_transition: True, crossing_result: True, direction: A_TO_B
2026-08-29 10:14:37 [INFO] uvh_test.counter: SAFETY NET REJECTION: Rejecting tid=807 as duplicate of class Bus, prev_tid=809, dist=80.1px, thresh=343.6px, bbox_size=458.2x384.5
2026-08-29 10:14:37 [DEBUG] uvh_test.main: frame=63459 COUNTED track_id=809 class=Bus
2026-08-29 10:14:37 [DEBUG] uvh_test.counter: track_id: 810, frame: 63462, previous_bottom_center: (1365.173583984375, 504.1752), current_bottom_center: (1477.18359375, 466.52396), previous_side: -44.43, current_side: 59.30, side_transition: True, crossing_result: True, direction: A_TO_B
2026-08-29 10:14:37 [INFO] uvh_test.counter: SAFETY NET REJECTION: Rejecting tid=810 as duplicate of class Bus, prev_tid=809, dist=79.9px, thresh=343.9px, bbox_size=458.6x384.5
2026-08-29 10:14:44 [DEBUG] uvh_test.counter: track_id: 815, frame: 63670, previous_bottom_center: (1302.60791015625, 398.89075), current_bottom_center: (1328.266845703125, 393.41827), previous_side: -9.68, current_side: 11.77, side_transition: True, crossing_result: True, direction: A_TO_B
2026-08-29 10:14:44 [DEBUG] uvh_test.main: frame=63670 COUNTED track_id=815 class=Two-wheeler
2026-08-29 10:15:09 [DEBUG] uvh_test.counter: track_id: 816, frame: 64502, previous_bottom_center: (1255.434814453125, 352.35364), current_bottom_center: (1274.372802734375, 349.6068), previous_side: -7.58, current_side: 7.30, side_transition: True, crossing_result: True, direction: A_TO_B
2026-08-29 10:15:09 [DEBUG] uvh_test.main: frame=64502 COUNTED track_id=816 class=Two-wheeler
2026-08-29 10:15:23 [DEBUG] uvh_test.counter: track_id: 820, frame: 64947, previous_bottom_center: (1553.2236328125, 743.75806), current_bottom_center: (1619.05078125, 677.99335), previous_side: -92.47, current_side: 0.51, side_transition: True, crossing_result: True, direction: A_TO_B
2026-08-29 10:15:23 [DEBUG] uvh_test.counter: track_id: 818, frame: 64947, previous_bottom_center: (1461.174560546875, 696.03503), current_bottom_center: (1594.9739990234375, 598.319), previous_side: -119.99, current_side: 42.62, side_transition: True, crossing_result: True, direction: A_TO_B
2026-08-29 10:15:23 [INFO] uvh_test.counter: SAFETY NET REJECTION: Rejecting tid=818 as duplicate of class SUV, prev_tid=820, dist=83.2px, thresh=150.0px, bbox_size=336.2x277.2
2026-08-29 10:15:23 [DEBUG] uvh_test.main: frame=64947 COUNTED track_id=820 class=SUV
2026-08-29 10:15:56 [DEBUG] uvh_test.counter: track_id: 833, frame: 66067, previous_bottom_center: (1533.112060546875, 607.4402), current_bottom_center: (1569.2608642578125, 585.08417), previous_side: -6.10, current_side: 34.86, side_transition: True, crossing_result: True, direction: A_TO_B
2026-08-29 10:15:56 [DEBUG] uvh_test.main: frame=66067 COUNTED track_id=833 class=Two-wheeler
2026-08-29 10:16:09 [DEBUG] uvh_test.counter: track_id: 836, frame: 66528, previous_bottom_center: (1581.126708984375, 671.69257), current_bottom_center: (1604.5673828125, 648.2271), previous_side: -20.63, current_side: 12.51, side_transition: True, crossing_result: True, direction: A_TO_B
2026-08-29 10:16:09 [DEBUG] uvh_test.main: frame=66528 COUNTED track_id=836 class=SUV
2026-08-29 10:16:09 [DEBUG] uvh_test.counter: track_id: 835, frame: 66532, previous_bottom_center: (1589.990234375, 662.8936), current_bottom_center: (1601.9554443359375, 650.88727), previous_side: -8.15, current_side: 8.79, side_transition: True, crossing_result: True, direction: A_TO_B
2026-08-29 10:16:09 [INFO] uvh_test.counter: SAFETY NET REJECTION: Rejecting tid=835 as duplicate of class SUV, prev_tid=836, dist=3.7px, thresh=150.0px, bbox_size=459.0x384.3
2026-08-29 10:16:09 [DEBUG] uvh_test.counter: track_id: 837, frame: 66532, previous_bottom_center: (1637.95458984375, 710.8381), current_bottom_center: (1649.93603515625, 698.84985), previous_side: -10.75, current_side: 6.19, side_transition: True, crossing_result: True, direction: A_TO_B
2026-08-29 10:16:09 [INFO] uvh_test.counter: SAFETY NET REJECTION: Rejecting tid=837 as duplicate of class SUV, prev_tid=836, dist=68.0px, thresh=150.0px, bbox_size=458.9x384.3
2026-08-29 10:16:28 [DEBUG] uvh_test.counter: track_id: 841, frame: 67167, previous_bottom_center: (1271.532470703125, 365.32568), current_bottom_center: (1291.739990234375, 362.13312), previous_side: -6.16, current_side: 9.91, side_transition: True, crossing_result: True, direction: A_TO_B
2026-08-29 10:16:28 [DEBUG] uvh_test.main: frame=67167 COUNTED track_id=841 class=Two-wheeler
2026-08-29 10:16:59 [DEBUG] uvh_test.counter: track_id: 844, frame: 68228, previous_bottom_center: (1282.0986328125, 366.9572), current_bottom_center: (1292.293212890625, 365.37125), previous_side: -0.18, current_side: 7.91, side_transition: True, crossing_result: True, direction: A_TO_B
2026-08-29 10:16:59 [DEBUG] uvh_test.main: frame=68228 COUNTED track_id=844 class=Two-wheeler
2026-08-29 10:17:10 [DEBUG] uvh_test.counter: track_id: 846, frame: 68589, previous_bottom_center: (1286.864013671875, 373.02463), current_bottom_center: (1289.424072265625, 372.37396), previous_side: -1.39, current_side: 0.82, side_transition: True, crossing_result: True, direction: A_TO_B
2026-08-29 10:17:10 [DEBUG] uvh_test.main: frame=68589 COUNTED track_id=846 class=Two-wheeler
2026-08-29 10:17:17 [DEBUG] uvh_test.counter: track_id: 855, frame: 68827, previous_bottom_center: (1416.8472900390625, 503.72574), current_bottom_center: (1448.7886962890625, 503.70758), previous_side: -8.99, current_side: 12.72, side_transition: True, crossing_result: True, direction: A_TO_B
2026-08-29 10:17:17 [DEBUG] uvh_test.main: frame=68827 COUNTED track_id=855 class=Bus
2026-08-29 10:17:18 [DEBUG] uvh_test.counter: track_id: 853, frame: 68839, previous_bottom_center: (1366.1519775390625, 455.7494), current_bottom_center: (1397.7406005859375, 455.67722), previous_side: -8.23, current_side: 13.29, side_transition: True, crossing_result: True, direction: A_TO_B
2026-08-29 10:17:18 [INFO] uvh_test.counter: SAFETY NET REJECTION: Rejecting tid=853 as duplicate of class Bus, prev_tid=855, dist=70.1px, thresh=344.2px, bbox_size=458.9x384.4
2026-08-29 10:17:18 [DEBUG] uvh_test.counter: track_id: 856, frame: 68839, previous_bottom_center: (1317.0843505859375, 407.84116), current_bottom_center: (1412.6197509765625, 407.7463), previous_side: -6.41, current_side: 58.57, side_transition: True, crossing_result: True, direction: A_TO_B
2026-08-29 10:17:18 [INFO] uvh_test.counter: SAFETY NET REJECTION: Rejecting tid=856 as duplicate of class Bus, prev_tid=855, dist=102.6px, thresh=344.1px, bbox_size=458.8x384.4
2026-08-29 10:17:18 [DEBUG] uvh_test.counter: track_id: 849, frame: 68840, previous_bottom_center: (1349.72509765625, 440.37085), current_bottom_center: (1361.5704345703125, 416.45554), previous_side: -8.10, current_side: 17.49, side_transition: True, crossing_result: True, direction: A_TO_B
2026-08-29 10:17:18 [INFO] uvh_test.counter: SAFETY NET REJECTION: Rejecting tid=849 as duplicate of class Bus, prev_tid=855, dist=123.4px, thresh=344.1px, bbox_size=458.8x384.4
2026-08-29 10:17:18 [DEBUG] uvh_test.counter: track_id: 857, frame: 68847, previous_bottom_center: (1413.1170654296875, 503.7506), current_bottom_center: (1449.11767578125, 503.72098), previous_side: -11.54, current_side: 12.94, side_transition: True, crossing_result: True, direction: A_TO_B
2026-08-29 10:17:18 [INFO] uvh_test.counter: SAFETY NET REJECTION: Rejecting tid=857 as duplicate of class Bus, prev_tid=855, dist=0.3px, thresh=344.2px, bbox_size=458.9x384.3
2026-08-29 10:17:49 [DEBUG] uvh_test.counter: track_id: 865, frame: 69912, previous_bottom_center: (1301.45556640625, 386.29608), current_bottom_center: (1306.260986328125, 384.69006), previous_side: -1.22, current_side: 3.23, side_transition: True, crossing_result: True, direction: A_TO_B
2026-08-29 10:17:49 [DEBUG] uvh_test.main: frame=69912 COUNTED track_id=865 class=LCV
2026-08-29 10:17:56 [DEBUG] uvh_test.counter: track_id: 868, frame: 70107, previous_bottom_center: (1516.94189453125, 643.7919), current_bottom_center: (1582.3067626953125, 643.9478), previous_side: -43.76, current_side: 0.53, side_transition: True, crossing_result: True, direction: A_TO_B
2026-08-29 10:17:56 [DEBUG] uvh_test.main: frame=70107 COUNTED track_id=868 class=tempo-traveller
2026-08-29 10:18:03 [DEBUG] uvh_test.counter: track_id: 871, frame: 70359, previous_bottom_center: (1245.725341796875, 409.04028), current_bottom_center: (1317.1685791015625, 393.9006), previous_side: -55.77, current_side: 3.88, side_transition: True, crossing_result: True, direction: A_TO_B
2026-08-29 10:18:03 [DEBUG] uvh_test.main: frame=70359 COUNTED track_id=871 class=Two-wheeler
2026-08-29 10:18:08 [DEBUG] uvh_test.counter: track_id: 874, frame: 70483, previous_bottom_center: (1264.14208984375, 363.48633), current_bottom_center: (1288.07470703125, 359.6989), previous_side: -9.83, current_side: 9.21, side_transition: True, crossing_result: True, direction: A_TO_B
2026-08-29 10:18:08 [INFO] uvh_test.counter: SAFETY NET REJECTION: Rejecting tid=874 as duplicate of class Two-wheeler, prev_tid=871, dist=44.9px, thresh=150.0px, bbox_size=157.2x138.4
2026-08-29 10:18:27 [DEBUG] uvh_test.counter: track_id: 880, frame: 71123, previous_bottom_center: (1326.9169921875, 426.09683), current_bottom_center: (1350.420166015625, 419.70508), previous_side: -13.12, current_side: 7.53, side_transition: True, crossing_result: True, direction: A_TO_B
2026-08-29 10:18:27 [DEBUG] uvh_test.main: frame=71123 COUNTED track_id=880 class=tempo-traveller
2026-08-29 10:18:48 [DEBUG] uvh_test.counter: track_id: 887, frame: 71831, previous_bottom_center: (1363.1597900390625, 460.90463), current_bottom_center: (1393.744873046875, 452.42343), previous_side: -14.04, current_side: 12.96, side_transition: True, crossing_result: True, direction: A_TO_B
2026-08-29 10:18:48 [DEBUG] uvh_test.main: frame=71831 COUNTED track_id=887 class=SUV
2026-08-29 10:19:11 [DEBUG] uvh_test.counter: track_id: 892, frame: 72631, previous_bottom_center: (1261.643798828125, 349.0735), current_bottom_center: (1275.84326171875, 347.43796), previous_side: -0.95, current_side: 9.89, side_transition: True, crossing_result: True, direction: A_TO_B
2026-08-29 10:19:11 [DEBUG] uvh_test.main: frame=72631 COUNTED track_id=892 class=Two-wheeler
2026-08-29 10:19:17 [DEBUG] uvh_test.counter: track_id: 893, frame: 72801, previous_bottom_center: (1292.009521484375, 381.72464), current_bottom_center: (1297.598388671875, 380.71024), previous_side: -4.28, current_side: 0.26, side_transition: True, crossing_result: True, direction: A_TO_B
2026-08-29 10:19:17 [DEBUG] uvh_test.main: frame=72801 COUNTED track_id=893 class=tempo-traveller
2026-08-29 10:19:19 [DEBUG] uvh_test.counter: track_id: 895, frame: 72879, previous_bottom_center: (1378.302978515625, 491.97263), current_bottom_center: (1439.9810791015625, 472.2034), previous_side: -26.55, current_side: 29.86, side_transition: True, crossing_result: True, direction: A_TO_B
2026-08-29 10:19:19 [DEBUG] uvh_test.main: frame=72879 COUNTED track_id=895 class=Two-wheeler
2026-08-29 10:19:30 [DEBUG] uvh_test.counter: track_id: 897, frame: 73209, previous_bottom_center: (1580.055419921875, 645.2245), current_bottom_center: (1584.3968505859375, 642.82715), previous_side: -1.94, current_side: 2.77, side_transition: True, crossing_result: True, direction: A_TO_B
2026-08-29 10:19:30 [DEBUG] uvh_test.main: frame=73209 COUNTED track_id=897 class=Two-wheeler
2026-08-29 10:19:44 [DEBUG] uvh_test.counter: track_id: 901, frame: 73694, previous_bottom_center: (1312.182373046875, 395.03888), current_bottom_center: (1312.9892578125, 394.86578), previous_side: -0.35, current_side: 0.33, side_transition: True, crossing_result: True, direction: A_TO_B
2026-08-29 10:19:44 [DEBUG] uvh_test.main: frame=73694 COUNTED track_id=901 class=Two-wheeler
2026-08-29 10:19:59 [DEBUG] uvh_test.counter: track_id: 908, frame: 74211, previous_bottom_center: (1351.4052734375, 470.4128), current_bottom_center: (1389.861572265625, 457.26694), previous_side: -29.01, current_side: 6.77, side_transition: True, crossing_result: True, direction: A_TO_B
2026-08-29 10:19:59 [DEBUG] uvh_test.main: frame=74211 COUNTED track_id=908 class=Sedan
2026-08-29 10:20:37 [DEBUG] uvh_test.counter: track_id: 914, frame: 75543, previous_bottom_center: (1354.064697265625, 442.64908), current_bottom_center: (1379.23583984375, 433.76154), previous_side: -6.83, current_side: 16.80, side_transition: True, crossing_result: True, direction: A_TO_B
2026-08-29 10:20:37 [DEBUG] uvh_test.main: frame=75543 COUNTED track_id=914 class=Sedan
2026-08-29 10:20:41 [DEBUG] uvh_test.counter: track_id: 917, frame: 75660, previous_bottom_center: (1289.5458984375, 388.9917), current_bottom_center: (1307.1943359375, 385.381), previous_side: -11.29, current_side: 3.35, side_transition: True, crossing_result: True, direction: A_TO_B
2026-08-29 10:20:41 [DEBUG] uvh_test.main: frame=75660 COUNTED track_id=917 class=Two-wheeler
2026-08-29 10:20:44 [DEBUG] uvh_test.counter: track_id: 920, frame: 75752, previous_bottom_center: (1253.44873046875, 346.50623), current_bottom_center: (1259.30419921875, 345.47244), previous_side: -4.64, current_side: 0.10, side_transition: True, crossing_result: True, direction: A_TO_B
2026-08-29 10:20:44 [INFO] uvh_test.counter: SAFETY NET REJECTION: Rejecting tid=920 as duplicate of class Two-wheeler, prev_tid=917, dist=62.3px, thresh=150.0px, bbox_size=149.5x116.8
2026-08-29 10:21:07 [DEBUG] uvh_test.counter: track_id: 924, frame: 76500, previous_bottom_center: (1272.072998046875, 361.92963), current_bottom_center: (1283.482421875, 360.0894), previous_side: -3.30, current_side: 5.80, side_transition: True, crossing_result: True, direction: A_TO_B
2026-08-29 10:21:07 [DEBUG] uvh_test.main: frame=76500 COUNTED track_id=924 class=Two-wheeler
2026-08-29 10:21:19 [DEBUG] uvh_test.counter: track_id: 927, frame: 76871, previous_bottom_center: (1270.314697265625, 364.35153), current_bottom_center: (1294.163330078125, 360.54938), previous_side: -6.27, current_side: 12.72, side_transition: True, crossing_result: True, direction: A_TO_B
2026-08-29 10:21:19 [DEBUG] uvh_test.main: frame=76871 COUNTED track_id=927 class=Two-wheeler
2026-08-29 10:21:28 [DEBUG] uvh_test.counter: track_id: 933, frame: 77147, previous_bottom_center: (1355.70703125, 456.07996), current_bottom_center: (1376.729736328125, 450.5076), previous_side: -15.57, current_side: 2.81, side_transition: True, crossing_result: True, direction: A_TO_B
2026-08-29 10:21:28 [DEBUG] uvh_test.main: frame=77147 COUNTED track_id=933 class=Sedan
2026-08-29 10:21:52 [DEBUG] uvh_test.counter: track_id: 938, frame: 77902, previous_bottom_center: (1246.597412109375, 368.3489), current_bottom_center: (1283.46484375, 361.91083), previous_side: -25.32, current_side: 4.45, side_transition: True, crossing_result: True, direction: A_TO_B
2026-08-29 10:21:52 [DEBUG] uvh_test.main: frame=77902 COUNTED track_id=938 class=Two-wheeler
2026-08-29 10:22:28 [DEBUG] uvh_test.counter: track_id: 942, frame: 79060, previous_bottom_center: (1528.2779541015625, 613.5415), current_bottom_center: (1551.7122802734375, 601.8699), previous_side: -13.86, current_side: 10.62, side_transition: True, crossing_result: True, direction: A_TO_B
2026-08-29 10:22:28 [DEBUG] uvh_test.counter: track_id: 944, frame: 79060, previous_bottom_center: (1593.9326171875, 663.5676), current_bottom_center: (1605.275390625, 651.65955), previous_side: -5.97, current_side: 10.48, side_transition: True, crossing_result: True, direction: A_TO_B
2026-08-29 10:22:28 [INFO] uvh_test.counter: SAFETY NET REJECTION: Rejecting tid=944 as duplicate of class tempo-traveller, prev_tid=942, dist=73.1px, thresh=300.0px, bbox_size=458.9x384.3
2026-08-29 10:22:28 [DEBUG] uvh_test.main: frame=79060 COUNTED track_id=942 class=tempo-traveller
2026-08-29 10:22:28 [DEBUG] uvh_test.counter: track_id: 945, frame: 79063, previous_bottom_center: (1575.220458984375, 647.74817), current_bottom_center: (1599.9327392578125, 647.71545), previous_side: -7.07, current_side: 9.74, side_transition: True, crossing_result: True, direction: A_TO_B
2026-08-29 10:22:28 [DEBUG] uvh_test.main: frame=79063 COUNTED track_id=945 class=SUV
2026-08-29 10:22:32 [DEBUG] uvh_test.counter: track_id: 948, frame: 79186, previous_bottom_center: (1211.84716796875, 394.7571), current_bottom_center: (1370.343505859375, 363.23502), previous_side: -68.31, current_side: 62.51, side_transition: True, crossing_result: True, direction: A_TO_B
2026-08-29 10:22:32 [DEBUG] uvh_test.main: frame=79186 COUNTED track_id=948 class=LCV
2026-08-29 10:22:45 [DEBUG] uvh_test.counter: track_id: 954, frame: 79623, previous_bottom_center: (1299.5423583984375, 397.0694), current_bottom_center: (1318.718505859375, 392.75504), previous_side: -10.42, current_side: 5.77, side_transition: True, crossing_result: True, direction: A_TO_B
2026-08-29 10:22:45 [DEBUG] uvh_test.main: frame=79623 COUNTED track_id=954 class=Three-wheeler
2026-08-29 10:22:56 [DEBUG] uvh_test.counter: track_id: 956, frame: 79971, previous_bottom_center: (1265.543701171875, 367.2559), current_bottom_center: (1283.57958984375, 364.07965), previous_side: -11.64, current_side: 2.94, side_transition: True, crossing_result: True, direction: A_TO_B
2026-08-29 10:22:56 [DEBUG] uvh_test.main: frame=79971 COUNTED track_id=956 class=Two-wheeler
2026-08-29 10:23:01 [DEBUG] uvh_test.counter: track_id: 964, frame: 80100, previous_bottom_center: (1387.534912109375, 476.04407), current_bottom_center: (1410.93212890625, 469.02692), previous_side: -8.59, current_side: 12.45, side_transition: True, crossing_result: True, direction: A_TO_B
2026-08-29 10:23:01 [DEBUG] uvh_test.main: frame=80100 COUNTED track_id=964 class=Two-wheeler
2026-08-29 10:23:04 [DEBUG] uvh_test.counter: track_id: 966, frame: 80159, previous_bottom_center: (1304.703125, 392.4042), current_bottom_center: (1344.60009765625, 384.57858), previous_side: -3.49, current_side: 29.35, side_transition: True, crossing_result: True, direction: A_TO_B
2026-08-29 10:23:04 [DEBUG] uvh_test.main: frame=80159 COUNTED track_id=966 class=LCV
2026-08-29 10:23:06 [DEBUG] uvh_test.counter: track_id: 972, frame: 80212, previous_bottom_center: (1641.08154296875, 707.6665), current_bottom_center: (1652.8055419921875, 695.9367), previous_side: -6.29, current_side: 10.28, side_transition: True, crossing_result: True, direction: A_TO_B
2026-08-29 10:23:06 [DEBUG] uvh_test.main: frame=80212 COUNTED track_id=972 class=MUV
2026-08-29 10:23:42 [DEBUG] uvh_test.counter: track_id: 975, frame: 81425, previous_bottom_center: (1243.6680908203125, 331.94455), current_bottom_center: (1245.11767578125, 331.61578), previous_side: -0.60, current_side: 0.63, side_transition: True, crossing_result: True, direction: A_TO_B
2026-08-29 10:23:42 [DEBUG] uvh_test.main: frame=81425 COUNTED track_id=975 class=Two-wheeler
2026-08-29 10:23:45 [DEBUG] uvh_test.counter: track_id: 976, frame: 81519, previous_bottom_center: (1557.08447265625, 743.70056), current_bottom_center: (1622.791015625, 677.97095), previous_side: -89.80, current_side: 3.07, side_transition: True, crossing_result: True, direction: A_TO_B
2026-08-29 10:23:45 [DEBUG] uvh_test.main: frame=81519 COUNTED track_id=976 class=Sedan
2026-08-29 10:23:45 [DEBUG] uvh_test.counter: track_id: 977, frame: 81520, previous_bottom_center: (1667.175048828125, 725.96326), current_bottom_center: (1689.8271484375, 701.9879), previous_side: -1.99, current_side: 30.99, side_transition: True, crossing_result: True, direction: A_TO_B
2026-08-29 10:23:45 [INFO] uvh_test.counter: SAFETY NET REJECTION: Rejecting tid=977 as duplicate of class Sedan, prev_tid=976, dist=71.2px, thresh=150.0px, bbox_size=457.5x384.3
2026-08-29 10:23:49 [DEBUG] uvh_test.counter: track_id: 982, frame: 81607, previous_bottom_center: (1419.5848388671875, 550.4263), current_bottom_center: (1451.1529541015625, 518.7894), previous_side: -41.40, current_side: 3.26, side_transition: True, crossing_result: True, direction: A_TO_B
2026-08-29 10:23:49 [DEBUG] uvh_test.counter: track_id: 983, frame: 81607, previous_bottom_center: (1317.158935546875, 455.7753), current_bottom_center: (1389.115966796875, 455.69058), previous_side: -41.53, current_side: 7.42, side_transition: True, crossing_result: True, direction: A_TO_B
2026-08-29 10:23:49 [INFO] uvh_test.counter: SAFETY NET REJECTION: Rejecting tid=983 as duplicate of class LCV, prev_tid=982, dist=88.5px, thresh=150.0px, bbox_size=459.0x384.3
2026-08-29 10:23:49 [DEBUG] uvh_test.main: frame=81607 COUNTED track_id=982 class=LCV
2026-08-29 10:23:50 [DEBUG] uvh_test.counter: track_id: 980, frame: 81623, previous_bottom_center: (1415.64794921875, 503.79526), current_bottom_center: (1447.6292724609375, 503.764), previous_side: -9.86, current_side: 11.90, side_transition: True, crossing_result: True, direction: A_TO_B
2026-08-29 10:23:50 [INFO] uvh_test.counter: SAFETY NET REJECTION: Rejecting tid=980 as duplicate of class LCV, prev_tid=982, dist=15.4px, thresh=150.0px, bbox_size=459.1x384.4
2026-08-29 10:23:50 [DEBUG] uvh_test.counter: track_id: 981, frame: 81623, previous_bottom_center: (1464.35107421875, 551.6859), current_bottom_center: (1496.250732421875, 551.6873), previous_side: -11.91, current_side: 9.76, side_transition: True, crossing_result: True, direction: A_TO_B
2026-08-29 10:23:50 [INFO] uvh_test.counter: SAFETY NET REJECTION: Rejecting tid=981 as duplicate of class LCV, prev_tid=982, dist=55.8px, thresh=150.0px, bbox_size=459.0x384.3
2026-08-29 10:23:50 [DEBUG] uvh_test.counter: track_id: 979, frame: 81627, previous_bottom_center: (1273.724853515625, 502.08655), current_bottom_center: (1461.128173828125, 455.6447), previous_side: -105.02, current_side: 56.38, side_transition: True, crossing_result: True, direction: A_TO_B
2026-08-29 10:23:50 [INFO] uvh_test.counter: SAFETY NET REJECTION: Rejecting tid=979 as duplicate of class LCV, prev_tid=982, dist=63.9px, thresh=150.0px, bbox_size=459.0x384.4
2026-08-29 10:23:54 [DEBUG] uvh_test.counter: track_id: 987, frame: 81739, previous_bottom_center: (1443.1441650390625, 603.04626), current_bottom_center: (1526.09228515625, 569.6113), previous_side: -64.00, current_side: 16.89, side_transition: True, crossing_result: True, direction: A_TO_B
2026-08-29 10:23:54 [DEBUG] uvh_test.main: frame=81739 COUNTED track_id=987 class=Two-wheeler
2026-08-29 10:24:21 [DEBUG] uvh_test.counter: track_id: 992, frame: 82631, previous_bottom_center: (1256.32080078125, 344.2261), current_bottom_center: (1263.40185546875, 342.88745), previous_side: -1.01, current_side: 4.78, side_transition: True, crossing_result: True, direction: A_TO_B
2026-08-29 10:24:21 [DEBUG] uvh_test.main: frame=82631 COUNTED track_id=992 class=Truck
2026-08-29 10:24:39 [DEBUG] uvh_test.counter: track_id: 996, frame: 83199, previous_bottom_center: (1268.157958984375, 399.62494), current_bottom_center: (1324.6593017578125, 388.91135), previous_side: -33.62, current_side: 12.63, side_transition: True, crossing_result: True, direction: A_TO_B
2026-08-29 10:24:39 [DEBUG] uvh_test.main: frame=83199 COUNTED track_id=996 class=Two-wheeler
2026-08-29 10:24:42 [DEBUG] uvh_test.counter: track_id: 999, frame: 83299, previous_bottom_center: (1440.162353515625, 539.71857), current_bottom_center: (1522.05078125, 507.0813), previous_side: -19.56, current_side: 60.02, side_transition: True, crossing_result: True, direction: A_TO_B
2026-08-29 10:24:42 [DEBUG] uvh_test.main: frame=83299 COUNTED track_id=999 class=Two-wheeler
2026-08-29 10:24:50 [DEBUG] uvh_test.counter: track_id: 1001, frame: 83547, previous_bottom_center: (1340.63330078125, 458.87033), current_bottom_center: (1377.065673828125, 448.59338), previous_side: -27.85, current_side: 4.44, side_transition: True, crossing_result: True, direction: A_TO_B
2026-08-29 10:24:50 [DEBUG] uvh_test.main: frame=83547 COUNTED track_id=1001 class=Two-wheeler
2026-08-29 10:24:51 [DEBUG] uvh_test.counter: track_id: 1005, frame: 83579, previous_bottom_center: (1508.919189453125, 669.2845), current_bottom_center: (1574.9400634765625, 627.65063), previous_side: -67.92, current_side: 7.48, side_transition: True, crossing_result: True, direction: A_TO_B
2026-08-29 10:24:51 [DEBUG] uvh_test.main: frame=83579 COUNTED track_id=1005 class=Two-wheeler
2026-08-29 10:24:53 [DEBUG] uvh_test.counter: track_id: 1000, frame: 83644, previous_bottom_center: (1252.697021484375, 349.42032), current_bottom_center: (1263.024658203125, 347.57642), previous_side: -7.29, current_side: 1.08, side_transition: True, crossing_result: True, direction: A_TO_B
2026-08-29 10:24:53 [DEBUG] uvh_test.main: frame=83644 COUNTED track_id=1000 class=Two-wheeler
2026-08-29 10:24:56 [DEBUG] uvh_test.counter: track_id: 1015, frame: 83731, previous_bottom_center: (1346.768798828125, 439.69788), current_bottom_center: (1371.752685546875, 433.31015), previous_side: -9.62, current_side: 12.04, side_transition: True, crossing_result: True, direction: A_TO_B
2026-08-29 10:24:56 [DEBUG] uvh_test.main: frame=83731 COUNTED track_id=1015 class=MUV
2026-08-29 10:25:43 [DEBUG] uvh_test.counter: track_id: 1019, frame: 85363, previous_bottom_center: (1304.75732421875, 392.9333), current_bottom_center: (1335.8880615234375, 386.72742), previous_side: -3.84, current_side: 21.86, side_transition: True, crossing_result: True, direction: A_TO_B
2026-08-29 10:25:43 [DEBUG] uvh_test.main: frame=85363 COUNTED track_id=1019 class=Two-wheeler
2026-08-29 10:25:49 [DEBUG] uvh_test.counter: track_id: 1026, frame: 85551, previous_bottom_center: (1255.9368896484375, 343.9005), current_bottom_center: (1269.96484375, 342.42407), previous_side: -1.03, current_side: 9.58, side_transition: True, crossing_result: True, direction: A_TO_B
2026-08-29 10:25:49 [DEBUG] uvh_test.main: frame=85551 COUNTED track_id=1026 class=Two-wheeler
2026-08-29 10:26:10 [DEBUG] uvh_test.counter: track_id: 1038, frame: 86179, previous_bottom_center: (1388.563720703125, 514.3869), current_bottom_center: (1440.658203125, 493.91766), previous_side: -36.03, current_side: 14.38, side_transition: True, crossing_result: True, direction: A_TO_B
2026-08-29 10:26:10 [DEBUG] uvh_test.main: frame=86179 COUNTED track_id=1038 class=Truck
2026-08-29 10:26:28 [DEBUG] uvh_test.counter: track_id: 1042, frame: 86763, previous_bottom_center: (1267.62158203125, 358.1533), current_bottom_center: (1285.377197265625, 355.28043), previous_side: -3.55, current_side: 10.62, side_transition: True, crossing_result: True, direction: A_TO_B
2026-08-29 10:26:28 [DEBUG] uvh_test.main: frame=86763 COUNTED track_id=1042 class=Two-wheeler
2026-08-29 10:26:33 [DEBUG] uvh_test.counter: track_id: 1046, frame: 86928, previous_bottom_center: (1303.37109375, 395.5141), current_bottom_center: (1314.3497314453125, 392.95178), previous_side: -6.68, current_side: 2.66, side_transition: True, crossing_result: True, direction: A_TO_B
2026-08-29 10:26:33 [DEBUG] uvh_test.main: frame=86928 COUNTED track_id=1046 class=Two-wheeler
2026-08-29 10:26:44 [DEBUG] uvh_test.counter: track_id: 1049, frame: 87271, previous_bottom_center: (1269.963623046875, 366.19897), current_bottom_center: (1286.8201904296875, 362.9777), previous_side: -7.87, current_side: 5.95, side_transition: True, crossing_result: True, direction: A_TO_B
2026-08-29 10:26:44 [DEBUG] uvh_test.main: frame=87271 COUNTED track_id=1049 class=LCV
2026-08-29 10:26:45 [DEBUG] uvh_test.counter: track_id: 1052, frame: 87311, previous_bottom_center: (1657.716064453125, 743.68866), current_bottom_center: (1686.74560546875, 711.60724), previous_side: -21.43, current_side: 21.84, side_transition: True, crossing_result: True, direction: A_TO_B
2026-08-29 10:26:45 [DEBUG] uvh_test.main: frame=87311 COUNTED track_id=1052 class=SUV
2026-08-29 10:26:51 [DEBUG] uvh_test.counter: track_id: 1057, frame: 87483, previous_bottom_center: (1269.9412841796875, 359.31708), current_bottom_center: (1286.768310546875, 356.7789), previous_side: -2.83, current_side: 10.46, side_transition: True, crossing_result: True, direction: A_TO_B
2026-08-29 10:26:51 [DEBUG] uvh_test.main: frame=87483 COUNTED track_id=1057 class=Two-wheeler
2026-08-29 10:26:56 [DEBUG] uvh_test.counter: track_id: 1058, frame: 87641, previous_bottom_center: (1269.644287109375, 359.2099), current_bottom_center: (1274.3280029296875, 358.4715), previous_side: -2.95, current_side: 0.77, side_transition: True, crossing_result: True, direction: A_TO_B
2026-08-29 10:26:56 [DEBUG] uvh_test.main: frame=87641 COUNTED track_id=1058 class=Two-wheeler
2026-08-29 10:27:30 [DEBUG] uvh_test.counter: track_id: 1064, frame: 88759, previous_bottom_center: (1415.6566162109375, 502.86783), current_bottom_center: (1447.076416015625, 502.94254), previous_side: -9.17, current_side: 12.12, side_transition: True, crossing_result: True, direction: A_TO_B
2026-08-29 10:27:30 [DEBUG] uvh_test.main: frame=88759 COUNTED track_id=1064 class=Bus
2026-08-29 10:27:30 [DEBUG] uvh_test.counter: track_id: 1063, frame: 88771, previous_bottom_center: (1414.4736328125, 502.50104), current_bottom_center: (1509.4927978515625, 470.20108), previous_side: -9.70, current_side: 78.55, side_transition: True, crossing_result: True, direction: A_TO_B
2026-08-29 10:27:30 [INFO] uvh_test.counter: SAFETY NET REJECTION: Rejecting tid=1063 as duplicate of class Bus, prev_tid=1064, dist=70.5px, thresh=344.0px, bbox_size=458.7x384.5
2026-08-29 10:27:35 [DEBUG] uvh_test.counter: track_id: 1074, frame: 88899, previous_bottom_center: (1273.50927734375, 368.1447), current_bottom_center: (1326.605224609375, 358.53357), previous_side: -6.89, current_side: 36.24, side_transition: True, crossing_result: True, direction: A_TO_B
2026-08-29 10:27:35 [DEBUG] uvh_test.main: frame=88899 COUNTED track_id=1074 class=Two-wheeler
2026-08-29 10:27:36 [DEBUG] uvh_test.counter: track_id: 1076, frame: 88939, previous_bottom_center: (1510.35986328125, 649.6682), current_bottom_center: (1557.043212890625, 618.54987), previous_side: -52.55, current_side: 2.00, side_transition: True, crossing_result: True, direction: A_TO_B
2026-08-29 10:27:36 [DEBUG] uvh_test.main: frame=88939 COUNTED track_id=1076 class=Two-wheeler
2026-08-29 10:27:42 [DEBUG] uvh_test.counter: track_id: 1075, frame: 89099, previous_bottom_center: (1244.321533203125, 338.362), current_bottom_center: (1269.35888671875, 334.88467), previous_side: -4.86, current_side: 14.70, side_transition: True, crossing_result: True, direction: A_TO_B
2026-08-29 10:27:42 [DEBUG] uvh_test.main: frame=89099 COUNTED track_id=1075 class=Two-wheeler
2026-08-29 10:27:44 [DEBUG] uvh_test.counter: track_id: 1079, frame: 89163, previous_bottom_center: (1506.260498046875, 690.6609), current_bottom_center: (1625.5361328125, 615.12964), previous_side: -85.41, current_side: 51.05, side_transition: True, crossing_result: True, direction: A_TO_B
2026-08-29 10:27:44 [DEBUG] uvh_test.main: frame=89163 COUNTED track_id=1079 class=Two-wheeler
2026-08-29 10:27:45 [DEBUG] uvh_test.counter: track_id: 1078, frame: 89200, previous_bottom_center: (1291.62744140625, 397.4892), current_bottom_center: (1313.29541015625, 393.0845), previous_side: -16.11, current_side: 1.84, side_transition: True, crossing_result: True, direction: A_TO_B
2026-08-29 10:27:45 [INFO] uvh_test.counter: SAFETY NET REJECTION: Rejecting tid=1078 as duplicate of class Two-wheeler, prev_tid=1075, dist=72.9px, thresh=150.0px, bbox_size=180.0x141.4
2026-08-29 10:27:51 [DEBUG] uvh_test.counter: track_id: 1088, frame: 89380, previous_bottom_center: (1358.4722900390625, 441.64108), current_bottom_center: (1378.017333984375, 434.7038), previous_side: -3.09, current_side: 15.28, side_transition: True, crossing_result: True, direction: A_TO_B
2026-08-29 10:27:51 [DEBUG] uvh_test.main: frame=89380 COUNTED track_id=1088 class=Sedan
2026-08-29 10:28:10 [DEBUG] uvh_test.counter: track_id: 1094, frame: 89959, previous_bottom_center: (1286.59912109375, 401.76083), current_bottom_center: (1333.3814697265625, 390.1718), previous_side: -22.66, current_side: 17.63, side_transition: True, crossing_result: True, direction: A_TO_B
2026-08-29 10:28:10 [DEBUG] uvh_test.main: frame=89959 COUNTED track_id=1094 class=tempo-traveller
2026-08-29 10:28:34 [DEBUG] uvh_test.counter: track_id: 1103, frame: 90707, previous_bottom_center: (1297.36962890625, 380.96625), current_bottom_center: (1312.265380859375, 377.23615), previous_side: -0.08, current_side: 12.77, side_transition: True, crossing_result: True, direction: A_TO_B
2026-08-29 10:28:34 [DEBUG] uvh_test.main: frame=90707 COUNTED track_id=1103 class=Two-wheeler
2026-08-29 10:28:58 [DEBUG] uvh_test.counter: track_id: 1104, frame: 91452, previous_bottom_center: (1252.0035400390625, 344.75037), current_bottom_center: (1258.1416015625, 343.9885), previous_side: -4.33, current_side: 0.40, side_transition: True, crossing_result: True, direction: A_TO_B
2026-08-29 10:28:58 [DEBUG] uvh_test.main: frame=91452 COUNTED track_id=1104 class=Two-wheeler
2026-08-29 10:29:04 [DEBUG] uvh_test.counter: track_id: 1106, frame: 91619, previous_bottom_center: (1314.5438232421875, 401.32233), current_bottom_center: (1360.58935546875, 390.73114), previous_side: -3.35, current_side: 35.70, side_transition: True, crossing_result: True, direction: A_TO_B
2026-08-29 10:29:04 [DEBUG] uvh_test.main: frame=91619 COUNTED track_id=1106 class=Two-wheeler
2026-08-29 10:29:08 [DEBUG] uvh_test.counter: track_id: 1108, frame: 91739, previous_bottom_center: (1297.204833984375, 401.25732), current_bottom_center: (1351.74853515625, 389.55884), previous_side: -15.08, current_side: 30.56, side_transition: True, crossing_result: True, direction: A_TO_B
2026-08-29 10:29:08 [INFO] uvh_test.counter: SAFETY NET REJECTION: Rejecting tid=1108 as duplicate of class Two-wheeler, prev_tid=1106, dist=8.9px, thresh=150.0px, bbox_size=164.0x144.0
2026-08-29 10:29:20 [DEBUG] uvh_test.counter: track_id: 1110, frame: 92140, previous_bottom_center: (1271.5557861328125, 382.82108), current_bottom_center: (1295.570556640625, 378.20053), previous_side: -18.98, current_side: 0.72, side_transition: True, crossing_result: True, direction: A_TO_B
2026-08-29 10:29:20 [DEBUG] uvh_test.main: frame=92140 COUNTED track_id=1110 class=Two-wheeler
2026-08-29 10:29:26 [DEBUG] uvh_test.counter: track_id: 1112, frame: 92322, previous_bottom_center: (1599.9901123046875, 694.48834), current_bottom_center: (1602.541015625, 636.0011), previous_side: -24.54, current_side: 20.11, side_transition: True, crossing_result: True, direction: A_TO_B
2026-08-29 10:29:26 [DEBUG] uvh_test.main: frame=92322 COUNTED track_id=1112 class=MUV
2026-08-29 10:29:36 [DEBUG] uvh_test.counter: track_id: 1115, frame: 92647, previous_bottom_center: (1234.623779296875, 343.32385), current_bottom_center: (1255.6669921875, 340.09457), previous_side: -15.09, current_side: 1.58, side_transition: True, crossing_result: True, direction: A_TO_B
2026-08-29 10:29:36 [DEBUG] uvh_test.main: frame=92647 COUNTED track_id=1115 class=Two-wheeler
2026-08-29 10:29:45 [DEBUG] uvh_test.counter: track_id: 1119, frame: 92921, previous_bottom_center: (1270.0042724609375, 357.41458), current_bottom_center: (1274.7618408203125, 356.60382), previous_side: -1.39, current_side: 2.43, side_transition: True, crossing_result: True, direction: A_TO_B
2026-08-29 10:29:45 [DEBUG] uvh_test.main: frame=92921 COUNTED track_id=1119 class=tempo-traveller
2026-08-29 10:29:49 [DEBUG] uvh_test.counter: track_id: 1120, frame: 93047, previous_bottom_center: (1296.591796875, 391.21844), current_bottom_center: (1318.41455078125, 387.07175), previous_side: -8.13, current_side: 9.73, side_transition: True, crossing_result: True, direction: A_TO_B
2026-08-29 10:29:49 [DEBUG] uvh_test.main: frame=93047 COUNTED track_id=1120 class=Two-wheeler
2026-08-29 10:30:00 [DEBUG] uvh_test.counter: track_id: 1122, frame: 93361, previous_bottom_center: (1308.431884765625, 393.09625), current_bottom_center: (1314.693115234375, 391.8541), previous_side: -1.47, current_side: 3.70, side_transition: True, crossing_result: True, direction: A_TO_B
2026-08-29 10:30:00 [DEBUG] uvh_test.main: frame=93361 COUNTED track_id=1122 class=Two-wheeler
2026-08-29 10:30:10 [DEBUG] uvh_test.counter: track_id: 1126, frame: 93679, previous_bottom_center: (1465.072265625, 644.41), current_bottom_center: (1560.09765625, 612.8961), previous_side: -79.46, current_side: 8.23, side_transition: True, crossing_result: True, direction: A_TO_B
2026-08-29 10:30:10 [DEBUG] uvh_test.counter: track_id: 1127, frame: 93679, previous_bottom_center: (1512.4976806640625, 695.6877), current_bottom_center: (1607.608154296875, 663.82635), previous_side: -84.86, current_side: 3.13, side_transition: True, crossing_result: True, direction: A_TO_B
2026-08-29 10:30:10 [INFO] uvh_test.counter: SAFETY NET REJECTION: Rejecting tid=1127 as duplicate of class SUV, prev_tid=1126, dist=69.7px, thresh=150.0px, bbox_size=458.9x384.3
2026-08-29 10:30:10 [DEBUG] uvh_test.main: frame=93679 COUNTED track_id=1126 class=SUV
2026-08-29 10:30:10 [DEBUG] uvh_test.counter: track_id: 1128, frame: 93683, previous_bottom_center: (1557.123046875, 647.773), current_bottom_center: (1589.205078125, 647.7592), previous_side: -19.39, current_side: 2.42, side_transition: True, crossing_result: True, direction: A_TO_B
2026-08-29 10:30:10 [INFO] uvh_test.counter: SAFETY NET REJECTION: Rejecting tid=1128 as duplicate of class SUV, prev_tid=1126, dist=45.4px, thresh=150.0px, bbox_size=459.0x384.4
2026-08-29 10:30:19 [DEBUG] uvh_test.counter: track_id: 1132, frame: 93939, previous_bottom_center: (1273.807373046875, 377.75473), current_bottom_center: (1311.1785888671875, 370.12808), previous_side: -13.73, current_side: 17.25, side_transition: True, crossing_result: True, direction: A_TO_B
2026-08-29 10:30:19 [DEBUG] uvh_test.main: frame=93939 COUNTED track_id=1132 class=LCV
2026-08-29 10:30:20 [DEBUG] uvh_test.counter: track_id: 1131, frame: 93971, previous_bottom_center: (1330.964599609375, 438.20575), current_bottom_center: (1353.62548828125, 432.1752), previous_side: -19.26, current_side: 0.56, side_transition: True, crossing_result: True, direction: A_TO_B
2026-08-29 10:30:20 [DEBUG] uvh_test.main: frame=93971 COUNTED track_id=1131 class=Two-wheeler
2026-08-29 10:30:26 [DEBUG] uvh_test.counter: track_id: 1138, frame: 94147, previous_bottom_center: (1247.308349609375, 346.6374), current_bottom_center: (1265.117919921875, 344.28442), previous_side: -8.90, current_side: 4.92, side_transition: True, crossing_result: True, direction: A_TO_B
2026-08-29 10:30:26 [DEBUG] uvh_test.main: frame=94147 COUNTED track_id=1138 class=Two-wheeler
2026-08-29 10:30:35 [DEBUG] uvh_test.counter: track_id: 1141, frame: 94427, previous_bottom_center: (1605.0885009765625, 695.67725), current_bottom_center: (1641.093505859375, 695.669), previous_side: -21.95, current_side: 2.52, side_transition: True, crossing_result: True, direction: A_TO_B
2026-08-29 10:30:35 [DEBUG] uvh_test.main: frame=94427 COUNTED track_id=1141 class=MUV
2026-08-29 10:30:35 [DEBUG] uvh_test.counter: track_id: 1139, frame: 94428, previous_bottom_center: (1576.787353515625, 643.8907), current_bottom_center: (1600.3555908203125, 644.1598), previous_side: -3.18, current_side: 12.64, side_transition: True, crossing_result: True, direction: A_TO_B
2026-08-29 10:30:35 [DEBUG] uvh_test.main: frame=94428 COUNTED track_id=1139 class=tempo-traveller
2026-08-29 10:30:52 [DEBUG] uvh_test.counter: track_id: 1145, frame: 94979, previous_bottom_center: (1251.172607421875, 366.6171), current_bottom_center: (1290.44091796875, 360.27454), previous_side: -20.94, current_side: 10.39, side_transition: True, crossing_result: True, direction: A_TO_B
2026-08-29 10:30:52 [DEBUG] uvh_test.main: frame=94979 COUNTED track_id=1145 class=Two-wheeler
2026-08-29 10:31:03 [DEBUG] uvh_test.counter: track_id: 1148, frame: 95308, previous_bottom_center: (1296.8724365234375, 380.54303), current_bottom_center: (1305.0164794921875, 379.3577), previous_side: -0.11, current_side: 6.29, side_transition: True, crossing_result: True, direction: A_TO_B
2026-08-29 10:31:03 [DEBUG] uvh_test.main: frame=95308 COUNTED track_id=1148 class=Two-wheeler
2026-08-29 10:31:09 [DEBUG] uvh_test.counter: track_id: 1152, frame: 95491, previous_bottom_center: (1334.9100341796875, 430.91296), current_bottom_center: (1376.18798828125, 421.35602), previous_side: -11.23, current_side: 23.83, side_transition: True, crossing_result: True, direction: A_TO_B
2026-08-29 10:31:09 [DEBUG] uvh_test.main: frame=95491 COUNTED track_id=1152 class=Two-wheeler
2026-08-29 10:31:35 [DEBUG] uvh_test.counter: track_id: 1154, frame: 96304, previous_bottom_center: (1248.291259765625, 339.24554), current_bottom_center: (1251.9893798828125, 338.68985), previous_side: -2.81, current_side: 0.11, side_transition: True, crossing_result: True, direction: A_TO_B
2026-08-29 10:31:35 [DEBUG] uvh_test.main: frame=96304 COUNTED track_id=1154 class=Two-wheeler
2026-08-29 10:31:41 [DEBUG] uvh_test.counter: track_id: 1156, frame: 96487, previous_bottom_center: (1259.73095703125, 348.1158), current_bottom_center: (1273.857666015625, 345.83945), previous_side: -1.55, current_side: 9.72, side_transition: True, crossing_result: True, direction: A_TO_B
2026-08-29 10:31:41 [DEBUG] uvh_test.main: frame=96487 COUNTED track_id=1156 class=Two-wheeler
2026-08-29 10:31:43 [DEBUG] uvh_test.counter: track_id: 1159, frame: 96560, previous_bottom_center: (1296.870849609375, 402.3723), current_bottom_center: (1319.27587890625, 397.0564), previous_side: -16.13, current_side: 2.99, side_transition: True, crossing_result: True, direction: A_TO_B
2026-08-29 10:31:43 [INFO] uvh_test.counter: SAFETY NET REJECTION: Rejecting tid=1159 as duplicate of class Two-wheeler, prev_tid=1156, dist=68.5px, thresh=150.0px, bbox_size=160.5x150.0
2026-08-29 10:31:57 [DEBUG] uvh_test.counter: track_id: 1164, frame: 96965, previous_bottom_center: (1304.634521484375, 389.88275), current_bottom_center: (1307.72021484375, 389.2652), previous_side: -1.69, current_side: 0.86, side_transition: True, crossing_result: True, direction: A_TO_B
2026-08-29 10:31:57 [DEBUG] uvh_test.main: frame=96965 COUNTED track_id=1164 class=Two-wheeler
2026-08-29 10:32:41 [DEBUG] uvh_test.counter: track_id: 1167, frame: 98487, previous_bottom_center: (1546.6949462890625, 651.44653), current_bottom_center: (1574.754638671875, 636.2762), previous_side: -29.17, current_side: 1.03, side_transition: True, crossing_result: True, direction: A_TO_B
2026-08-29 10:32:41 [DEBUG] uvh_test.main: frame=98487 COUNTED track_id=1167 class=Two-wheeler
2026-08-29 10:33:06 [DEBUG] uvh_test.counter: track_id: 1171, frame: 99312, previous_bottom_center: (1581.09619140625, 647.6633), current_bottom_center: (1604.53759765625, 647.64856), previous_side: -3.02, current_side: 12.92, side_transition: True, crossing_result: True, direction: A_TO_B
2026-08-29 10:33:06 [DEBUG] uvh_test.main: frame=99312 COUNTED track_id=1171 class=MUV
2026-08-29 10:33:15 [DEBUG] uvh_test.counter: track_id: 1179, frame: 99628, previous_bottom_center: (1581.10595703125, 659.664), current_bottom_center: (1604.548095703125, 647.92914), previous_side: -11.82, current_side: 12.72, side_transition: True, crossing_result: True, direction: A_TO_B
2026-08-29 10:33:15 [DEBUG] uvh_test.main: frame=99628 COUNTED track_id=1179 class=MUV
2026-08-29 10:33:16 [DEBUG] uvh_test.counter: track_id: 1180, frame: 99631, previous_bottom_center: (1609.0146484375, 743.667), current_bottom_center: (1616.38916015625, 647.24146), previous_side: -54.50, current_side: 21.27, side_transition: True, crossing_result: True, direction: A_TO_B
2026-08-29 10:33:16 [INFO] uvh_test.counter: SAFETY NET REJECTION: Rejecting tid=1180 as duplicate of class MUV, prev_tid=1179, dist=11.9px, thresh=150.0px, bbox_size=369.7x305.5
2026-08-29 10:33:51 [DEBUG] uvh_test.counter: track_id: 1188, frame: 100868, previous_bottom_center: (1407.110595703125, 502.49808), current_bottom_center: (1401.572509765625, 463.55045), previous_side: -14.70, current_side: 10.11, side_transition: True, crossing_result: True, direction: A_TO_B
2026-08-29 10:33:51 [DEBUG] uvh_test.main: frame=100868 COUNTED track_id=1188 class=Sedan
2026-08-29 10:33:51 [DEBUG] uvh_test.counter: track_id: 1186, frame: 100871, previous_bottom_center: (1322.623779296875, 499.98254), current_bottom_center: (1444.359619140625, 441.35947), previous_side: -70.26, current_side: 55.47, side_transition: True, crossing_result: True, direction: A_TO_B
2026-08-29 10:33:51 [DEBUG] uvh_test.main: frame=100871 COUNTED track_id=1186 class=SUV
2026-08-29 10:33:56 [DEBUG] uvh_test.counter: track_id: 1189, frame: 101020, previous_bottom_center: (1263.063232421875, 363.78745), current_bottom_center: (1282.924560546875, 360.43665), previous_side: -10.78, current_side: 5.17, side_transition: True, crossing_result: True, direction: A_TO_B
2026-08-29 10:33:56 [DEBUG] uvh_test.main: frame=101020 COUNTED track_id=1189 class=Two-wheeler
2026-08-29 10:33:58 [DEBUG] uvh_test.counter: track_id: 1194, frame: 101111, previous_bottom_center: (1564.0247802734375, 693.35956), current_bottom_center: (1655.0279541015625, 601.2611), previous_side: -48.15, current_side: 81.26, side_transition: True, crossing_result: True, direction: A_TO_B
2026-08-29 10:33:58 [DEBUG] uvh_test.main: frame=101111 COUNTED track_id=1194 class=Sedan
2026-08-29 10:33:58 [INFO] uvh_test.counter: SAFETY NET MERGE: Merging current tid=1197 into lost_tid=1194, dist=61.4px
2026-08-29 10:33:58 [INFO] uvh_test.counter: SAFETY NET REJECTION (MERGE PATH): Rejecting tid=1197 as duplicate of class Sedan, prev_tid=1194, dist=68.2px, thresh=150.0px
2026-08-29 10:34:03 [DEBUG] uvh_test.counter: track_id: 1203, frame: 101239, previous_bottom_center: (1273.012451171875, 647.67584), current_bottom_center: (1397.76708984375, 468.16394), previous_side: -212.34, current_side: 4.14, side_transition: True, crossing_result: True, direction: A_TO_B
2026-08-29 10:34:03 [DEBUG] uvh_test.main: frame=101239 COUNTED track_id=1203 class=Sedan
2026-08-29 10:34:03 [DEBUG] uvh_test.counter: track_id: 1199, frame: 101247, previous_bottom_center: (1469.4844970703125, 549.9361), current_bottom_center: (1500.2626953125, 550.1441), previous_side: -7.14, current_side: 13.62, side_transition: True, crossing_result: True, direction: A_TO_B
2026-08-29 10:34:03 [INFO] uvh_test.counter: SAFETY NET REJECTION: Rejecting tid=1199 as duplicate of class Sedan, prev_tid=1203, dist=131.2px, thresh=150.0px, bbox_size=458.7x384.3
2026-08-29 10:34:42 [DEBUG] uvh_test.counter: track_id: 1206, frame: 102559, previous_bottom_center: (1285.7100830078125, 388.0364), current_bottom_center: (1329.0478515625, 379.02643), previous_side: -13.19, current_side: 22.86, side_transition: True, crossing_result: True, direction: A_TO_B
2026-08-29 10:34:42 [DEBUG] uvh_test.main: frame=102559 COUNTED track_id=1206 class=Two-wheeler
2026-08-29 10:34:43 [DEBUG] uvh_test.counter: track_id: 1212, frame: 102587, previous_bottom_center: (1369.812744140625, 477.5314), current_bottom_center: (1405.30224609375, 466.63043), previous_side: -21.72, current_side: 10.39, side_transition: True, crossing_result: True, direction: A_TO_B
2026-08-29 10:34:43 [INFO] uvh_test.counter: SAFETY NET REJECTION: Rejecting tid=1212 as duplicate of class Two-wheeler, prev_tid=1206, dist=116.1px, thresh=150.0px, bbox_size=198.3x180.4
2026-08-29 10:34:44 [DEBUG] uvh_test.counter: track_id: 1213, frame: 102623, previous_bottom_center: (1266.918212890625, 366.90015), current_bottom_center: (1286.2242431640625, 362.80673), previous_side: -10.45, current_side: 5.67, side_transition: True, crossing_result: True, direction: A_TO_B
2026-08-29 10:34:44 [DEBUG] uvh_test.main: frame=102623 COUNTED track_id=1213 class=Three-wheeler
2026-08-29 10:35:03 [DEBUG] uvh_test.counter: track_id: 1221, frame: 103164, previous_bottom_center: (1267.531494140625, 357.6912), current_bottom_center: (1273.7802734375, 356.9424), previous_side: -3.28, current_side: 1.52, side_transition: True, crossing_result: True, direction: A_TO_B
2026-08-29 10:35:03 [DEBUG] uvh_test.main: frame=103164 COUNTED track_id=1221 class=Two-wheeler
2026-08-29 10:35:14 [DEBUG] uvh_test.counter: track_id: 1227, frame: 103520, previous_bottom_center: (1284.767822265625, 392.7932), current_bottom_center: (1305.48046875, 387.99786), previous_side: -17.32, current_side: 0.27, side_transition: True, crossing_result: True, direction: A_TO_B
2026-08-29 10:35:14 [DEBUG] uvh_test.main: frame=103520 COUNTED track_id=1227 class=Two-wheeler
2026-08-29 10:35:18 [DEBUG] uvh_test.counter: track_id: 1228, frame: 103631, previous_bottom_center: (1272.238525390625, 392.23767), current_bottom_center: (1304.7906494140625, 385.7541), previous_side: -25.43, current_side: 1.45, side_transition: True, crossing_result: True, direction: A_TO_B
2026-08-29 10:35:18 [INFO] uvh_test.counter: SAFETY NET REJECTION: Rejecting tid=1228 as duplicate of class Two-wheeler, prev_tid=1227, dist=2.3px, thresh=150.0px, bbox_size=169.0x149.6
2026-08-29 10:35:41 [DEBUG] uvh_test.counter: track_id: 1233, frame: 104359, previous_bottom_center: (1283.480224609375, 369.947), current_bottom_center: (1317.3773193359375, 363.61893), previous_side: -1.43, current_side: 26.24, side_transition: True, crossing_result: True, direction: A_TO_B
2026-08-29 10:35:41 [DEBUG] uvh_test.main: frame=104359 COUNTED track_id=1233 class=Truck
2026-08-29 10:35:43 [DEBUG] uvh_test.counter: track_id: 1236, frame: 104443, previous_bottom_center: (1263.583984375, 366.56488), current_bottom_center: (1282.98828125, 362.82114), previous_side: -12.47, current_side: 3.46, side_transition: True, crossing_result: True, direction: A_TO_B
2026-08-29 10:35:43 [DEBUG] uvh_test.main: frame=104443 COUNTED track_id=1236 class=Two-wheeler
2026-08-29 10:35:53 [DEBUG] uvh_test.counter: track_id: 1238, frame: 104723, previous_bottom_center: (1502.8201904296875, 583.1044), current_bottom_center: (1549.386474609375, 559.47046), previous_side: -8.83, current_side: 40.15, side_transition: True, crossing_result: True, direction: A_TO_B
2026-08-29 10:35:53 [DEBUG] uvh_test.main: frame=104723 COUNTED track_id=1238 class=Two-wheeler
2026-08-29 10:36:00 [DEBUG] uvh_test.counter: track_id: 1240, frame: 104963, previous_bottom_center: (1561.828369140625, 646.013), current_bottom_center: (1631.5726318359375, 558.67816), previous_side: -14.90, current_side: 96.57, side_transition: True, crossing_result: True, direction: A_TO_B
2026-08-29 10:36:00 [DEBUG] uvh_test.main: frame=104963 COUNTED track_id=1240 class=SUV
2026-08-29 10:36:11 [DEBUG] uvh_test.counter: track_id: 1244, frame: 105307, previous_bottom_center: (1289.3275146484375, 387.59897), current_bottom_center: (1320.1202392578125, 382.538), previous_side: -10.41, current_side: 14.22, side_transition: True, crossing_result: True, direction: A_TO_B
2026-08-29 10:36:11 [DEBUG] uvh_test.main: frame=105307 COUNTED track_id=1244 class=Two-wheeler
2026-08-29 10:36:19 [DEBUG] uvh_test.counter: track_id: 1247, frame: 105571, previous_bottom_center: (1276.812744140625, 362.66678), current_bottom_center: (1302.3863525390625, 358.7442), previous_side: -0.62, current_side: 19.63, side_transition: True, crossing_result: True, direction: A_TO_B
2026-08-29 10:36:19 [DEBUG] uvh_test.main: frame=105571 COUNTED track_id=1247 class=Two-wheeler
2026-08-29 10:36:26 [DEBUG] uvh_test.counter: track_id: 1252, frame: 105780, previous_bottom_center: (1307.4219970703125, 390.88443), current_bottom_center: (1328.10595703125, 386.53235), previous_side: -0.53, current_side: 16.71, side_transition: True, crossing_result: True, direction: A_TO_B
2026-08-29 10:36:26 [DEBUG] uvh_test.main: frame=105780 COUNTED track_id=1252 class=Two-wheeler
2026-08-29 10:36:36 [DEBUG] uvh_test.counter: track_id: 1253, frame: 106080, previous_bottom_center: (1250.569580078125, 339.11224), current_bottom_center: (1262.281005859375, 337.43213), previous_side: -1.17, current_side: 8.02, side_transition: True, crossing_result: True, direction: A_TO_B
2026-08-29 10:36:36 [DEBUG] uvh_test.main: frame=106080 COUNTED track_id=1253 class=Two-wheeler
2026-08-29 10:36:44 [DEBUG] uvh_test.counter: track_id: 1256, frame: 106305, previous_bottom_center: (1324.638427734375, 406.70618), current_bottom_center: (1325.577392578125, 406.4737), previous_side: -0.44, current_side: 0.36, side_transition: True, crossing_result: True, direction: A_TO_B
2026-08-29 10:36:44 [DEBUG] uvh_test.main: frame=106305 COUNTED track_id=1256 class=Two-wheeler
2026-08-29 10:36:58 [DEBUG] uvh_test.counter: track_id: 1269, frame: 106770, previous_bottom_center: (1366.2642822265625, 447.55835), current_bottom_center: (1394.377685546875, 440.71823), previous_side: -2.14, current_side: 21.98, side_transition: True, crossing_result: True, direction: A_TO_B
2026-08-29 10:36:58 [DEBUG] uvh_test.main: frame=106770 COUNTED track_id=1269 class=Two-wheeler
2026-08-29 10:36:59 [DEBUG] uvh_test.counter: track_id: 1268, frame: 106782, previous_bottom_center: (1315.22412109375, 398.68298), current_bottom_center: (1330.8914794921875, 395.42294), previous_side: -0.95, current_side: 12.08, side_transition: True, crossing_result: True, direction: A_TO_B
2026-08-29 10:36:59 [DEBUG] uvh_test.main: frame=106782 COUNTED track_id=1268 class=SUV
2026-08-29 10:37:16 [DEBUG] uvh_test.counter: track_id: 1279, frame: 107331, previous_bottom_center: (1389.51611328125, 469.5473), current_bottom_center: (1401.485595703125, 466.02197), previous_side: -2.48, current_side: 8.24, side_transition: True, crossing_result: True, direction: A_TO_B
2026-08-29 10:37:16 [DEBUG] uvh_test.main: frame=107331 COUNTED track_id=1279 class=Two-wheeler
2026-08-29 10:37:17 [DEBUG] uvh_test.counter: track_id: 1277, frame: 107359, previous_bottom_center: (1308.66015625, 398.88287), current_bottom_center: (1355.357666015625, 389.58624), previous_side: -5.56, current_side: 32.99, side_transition: True, crossing_result: True, direction: A_TO_B
2026-08-29 10:37:17 [INFO] uvh_test.counter: SAFETY NET REJECTION: Rejecting tid=1277 as duplicate of class Two-wheeler, prev_tid=1279, dist=89.3px, thresh=150.0px, bbox_size=158.8x149.1
2026-08-29 10:37:18 [DEBUG] uvh_test.counter: track_id: 1276, frame: 107379, previous_bottom_center: (1256.21923828125, 345.25635), current_bottom_center: (1287.72314453125, 340.6916), previous_side: -1.84, current_side: 22.92, side_transition: True, crossing_result: True, direction: A_TO_B
2026-08-29 10:37:18 [DEBUG] uvh_test.main: frame=107379 COUNTED track_id=1276 class=Two-wheeler
2026-08-29 10:37:21 [DEBUG] uvh_test.counter: track_id: 1282, frame: 107462, previous_bottom_center: (1608.800048828125, 695.70575), current_bottom_center: (1643.137939453125, 663.8098), previous_side: -19.45, current_side: 27.28, side_transition: True, crossing_result: True, direction: A_TO_B
2026-08-29 10:37:21 [DEBUG] uvh_test.main: frame=107462 COUNTED track_id=1282 class=MUV
2026-08-29 10:37:36 [DEBUG] uvh_test.counter: track_id: 1291, frame: 107920, previous_bottom_center: (1605.0765380859375, 647.6487), current_bottom_center: (1568.0830078125, 647.6593), previous_side: 13.28, current_side: -11.86, side_transition: True, crossing_result: True, direction: B_TO_A
2026-08-29 10:37:36 [DEBUG] uvh_test.main: frame=107920 COUNTED track_id=1291 class=Sedan
2026-08-29 10:37:36 [DEBUG] uvh_test.counter: track_id: 1288, frame: 107922, previous_bottom_center: (1608.420166015625, 691.7022), current_bottom_center: (1645.89794921875, 691.6142), previous_side: -16.77, current_side: 8.76, side_transition: True, crossing_result: True, direction: A_TO_B
2026-08-29 10:37:36 [DEBUG] uvh_test.main: frame=107922 COUNTED track_id=1288 class=Sedan
2026-08-29 10:37:36 [DEBUG] uvh_test.counter: track_id: 1290, frame: 107930, previous_bottom_center: (1559.915771484375, 644.69183), current_bottom_center: (1606.96923828125, 591.6839), previous_side: -15.23, current_side: 55.64, side_transition: True, crossing_result: True, direction: A_TO_B
2026-08-29 10:37:36 [INFO] uvh_test.counter: SAFETY NET REJECTION: Rejecting tid=1290 as duplicate of class Sedan, prev_tid=1288, dist=107.2px, thresh=150.0px, bbox_size=361.0x292.9
2026-08-29 10:37:36 [DEBUG] uvh_test.counter: track_id: 1289, frame: 107930, previous_bottom_center: (1566.671875, 741.569), current_bottom_center: (1693.1029052734375, 650.37885), previous_side: -81.72, current_side: 71.08, side_transition: True, crossing_result: True, direction: A_TO_B
2026-08-29 10:37:36 [INFO] uvh_test.counter: SAFETY NET REJECTION: Rejecting tid=1289 as duplicate of class Sedan, prev_tid=1288, dist=62.7px, thresh=150.0px, bbox_size=453.8x384.3
2026-08-29 10:37:37 [DEBUG] uvh_test.counter: track_id: 1285, frame: 107958, previous_bottom_center: (1269.0810546875, 362.1467), current_bottom_center: (1312.0439453125, 354.96756), previous_side: -5.49, current_side: 28.96, side_transition: True, crossing_result: True, direction: A_TO_B
2026-08-29 10:37:37 [DEBUG] uvh_test.main: frame=107958 COUNTED track_id=1285 class=Two-wheeler
2026-08-29 10:37:40 [DEBUG] uvh_test.counter: track_id: 1296, frame: 108047, previous_bottom_center: (1372.75, 598.0841), current_bottom_center: (1499.4515380859375, 566.4237), previous_side: -108.19, current_side: 1.12, side_transition: True, crossing_result: True, direction: A_TO_B
2026-08-29 10:37:40 [DEBUG] uvh_test.main: frame=108047 COUNTED track_id=1296 class=SUV
2026-08-29 10:37:41 [DEBUG] uvh_test.counter: track_id: 1297, frame: 108051, previous_bottom_center: (1409.18798828125, 647.72076), current_bottom_center: (1492.255615234375, 492.48618), previous_side: -119.85, current_side: 50.49, side_transition: True, crossing_result: True, direction: A_TO_B
2026-08-29 10:37:41 [INFO] uvh_test.counter: SAFETY NET REJECTION: Rejecting tid=1297 as duplicate of class SUV, prev_tid=1296, dist=74.3px, thresh=150.0px, bbox_size=291.0x232.0
2026-08-29 10:38:10 [DEBUG] uvh_test.counter: track_id: 1305, frame: 108959, previous_bottom_center: (1422.26611328125, 549.0842), current_bottom_center: (1484.73095703125, 549.38763), previous_side: -38.59, current_side: 3.62, side_transition: True, crossing_result: True, direction: A_TO_B
2026-08-29 10:38:10 [DEBUG] uvh_test.main: frame=108959 COUNTED track_id=1305 class=tempo-traveller
2026-08-29 10:38:10 [DEBUG] uvh_test.counter: track_id: 1304, frame: 108960, previous_bottom_center: (1531.203857421875, 616.7041), current_bottom_center: (1554.3140869140625, 604.67206), previous_side: -14.20, current_side: 10.33, side_transition: True, crossing_result: True, direction: A_TO_B
2026-08-29 10:38:10 [INFO] uvh_test.counter: SAFETY NET REJECTION: Rejecting tid=1304 as duplicate of class tempo-traveller, prev_tid=1305, dist=88.9px, thresh=300.0px, bbox_size=458.9x384.3
2026-08-29 10:38:20 [DEBUG] uvh_test.counter: track_id: 1310, frame: 109259, previous_bottom_center: (1303.3739013671875, 402.16208), current_bottom_center: (1357.1064453125, 390.0947), previous_side: -11.56, current_side: 33.80, side_transition: True, crossing_result: True, direction: A_TO_B
2026-08-29 10:38:20 [DEBUG] uvh_test.main: frame=109259 COUNTED track_id=1310 class=Two-wheeler
2026-08-29 10:38:25 [DEBUG] uvh_test.counter: track_id: 1312, frame: 109399, previous_bottom_center: (1259.15771484375, 362.3085), current_bottom_center: (1299.88134765625, 356.26437), previous_side: -12.35, current_side: 19.75, side_transition: True, crossing_result: True, direction: A_TO_B
2026-08-29 10:38:25 [INFO] uvh_test.counter: SAFETY NET REJECTION: Rejecting tid=1312 as duplicate of class Two-wheeler, prev_tid=1310, dist=66.5px, thresh=150.0px, bbox_size=136.8x122.6
2026-08-29 10:38:43 [DEBUG] uvh_test.counter: track_id: 1313, frame: 109959, previous_bottom_center: (1226.7427978515625, 347.37903), current_bottom_center: (1261.4375, 342.50955), previous_side: -23.42, current_side: 3.72, side_transition: True, crossing_result: True, direction: A_TO_B
2026-08-29 10:38:43 [DEBUG] uvh_test.main: frame=109959 COUNTED track_id=1313 class=Two-wheeler
2026-08-29 10:38:46 [DEBUG] uvh_test.counter: track_id: 1317, frame: 110072, previous_bottom_center: (1502.0281982421875, 582.65814), current_bottom_center: (1521.8182373046875, 573.77814), previous_side: -9.04, current_side: 10.92, side_transition: True, crossing_result: True, direction: A_TO_B
2026-08-29 10:38:46 [DEBUG] uvh_test.main: frame=110072 COUNTED track_id=1317 class=Two-wheeler
2026-08-29 10:38:47 [DEBUG] uvh_test.counter: track_id: 1316, frame: 110079, previous_bottom_center: (1264.564208984375, 397.88354), current_bottom_center: (1312.34033203125, 389.25647), previous_side: -34.78, current_side: 4.00, side_transition: True, crossing_result: True, direction: A_TO_B
2026-08-29 10:38:47 [INFO] uvh_test.counter: SAFETY NET REJECTION: Rejecting tid=1316 as duplicate of class Two-wheeler, prev_tid=1313, dist=69.1px, thresh=150.0px, bbox_size=161.8x146.4
2026-08-29 10:38:47 [DEBUG] uvh_test.counter: track_id: 1314, frame: 110099, previous_bottom_center: (1246.688232421875, 364.10532), current_bottom_center: (1291.16064453125, 356.2743), previous_side: -22.14, current_side: 13.82, side_transition: True, crossing_result: True, direction: A_TO_B
2026-08-29 10:38:47 [INFO] uvh_test.counter: SAFETY NET REJECTION: Rejecting tid=1314 as duplicate of class Two-wheeler, prev_tid=1313, dist=32.8px, thresh=150.0px, bbox_size=145.6x126.9
2026-08-29 10:39:00 [DEBUG] uvh_test.counter: track_id: 1326, frame: 110483, previous_bottom_center: (1356.5009765625, 451.81247), current_bottom_center: (1374.2314453125, 443.63858), previous_side: -11.90, current_side: 6.15, side_transition: True, crossing_result: True, direction: A_TO_B
2026-08-29 10:39:00 [DEBUG] uvh_test.main: frame=110483 COUNTED track_id=1326 class=MUV
2026-08-29 10:39:20 [DEBUG] uvh_test.counter: track_id: 1331, frame: 111099, previous_bottom_center: (1315.758544921875, 404.2884), current_bottom_center: (1375.81005859375, 390.4775), previous_side: -4.70, current_side: 46.23, side_transition: True, crossing_result: True, direction: A_TO_B
2026-08-29 10:39:20 [DEBUG] uvh_test.main: frame=111099 COUNTED track_id=1331 class=Two-wheeler
2026-08-29 10:39:25 [DEBUG] uvh_test.counter: track_id: 1334, frame: 111244, previous_bottom_center: (1405.3779296875, 488.10498), current_bottom_center: (1418.8067626953125, 483.51172), previous_side: -5.32, current_side: 7.17, side_transition: True, crossing_result: True, direction: A_TO_B
2026-08-29 10:39:25 [INFO] uvh_test.counter: SAFETY NET REJECTION: Rejecting tid=1334 as duplicate of class Two-wheeler, prev_tid=1331, dist=102.5px, thresh=150.0px, bbox_size=200.7x195.4
2026-08-29 10:39:27 [DEBUG] uvh_test.counter: track_id: 1332, frame: 111299, previous_bottom_center: (1257.98974609375, 349.21915), current_bottom_center: (1285.09375, 344.74066), previous_side: -3.54, current_side: 18.16, side_transition: True, crossing_result: True, direction: A_TO_B
2026-08-29 10:39:27 [DEBUG] uvh_test.main: frame=111299 COUNTED track_id=1332 class=Two-wheeler
2026-08-29 10:39:34 [DEBUG] uvh_test.counter: track_id: 1336, frame: 111499, previous_bottom_center: (1281.4716796875, 405.41336), current_bottom_center: (1332.1322021484375, 393.9353), previous_side: -28.82, current_side: 14.02, side_transition: True, crossing_result: True, direction: A_TO_B
2026-08-29 10:39:34 [DEBUG] uvh_test.main: frame=111499 COUNTED track_id=1336 class=Two-wheeler
2026-08-29 10:39:35 [DEBUG] uvh_test.counter: track_id: 1340, frame: 111520, previous_bottom_center: (1571.52587890625, 647.81396), current_bottom_center: (1601.1881103515625, 631.3085), previous_side: -9.63, current_side: 22.63, side_transition: True, crossing_result: True, direction: A_TO_B
2026-08-29 10:39:35 [DEBUG] uvh_test.main: frame=111520 COUNTED track_id=1340 class=Two-wheeler
2026-08-29 10:39:39 [DEBUG] uvh_test.counter: track_id: 1339, frame: 111631, previous_bottom_center: (1267.57421875, 362.18088), current_bottom_center: (1284.065673828125, 359.61588), previous_side: -6.54, current_side: 6.54, side_transition: True, crossing_result: True, direction: A_TO_B
2026-08-29 10:39:39 [INFO] uvh_test.counter: SAFETY NET REJECTION: Rejecting tid=1339 as duplicate of class Two-wheeler, prev_tid=1336, dist=59.1px, thresh=150.0px, bbox_size=149.0x125.8
2026-08-29 10:39:48 [DEBUG] uvh_test.counter: track_id: 1343, frame: 111850, previous_bottom_center: (1370.7373046875, 501.9831), current_bottom_center: (1347.0849609375, 425.65457), previous_side: -39.04, current_side: 0.90, side_transition: True, crossing_result: True, direction: A_TO_B
2026-08-29 10:39:48 [DEBUG] uvh_test.main: frame=111850 COUNTED track_id=1343 class=SUV
2026-08-29 10:40:12 [DEBUG] uvh_test.counter: track_id: 1353, frame: 112599, previous_bottom_center: (1282.635009765625, 398.69122), current_bottom_center: (1335.213134765625, 390.62897), previous_side: -23.10, current_side: 18.54, side_transition: True, crossing_result: True, direction: A_TO_B
2026-08-29 10:40:12 [DEBUG] uvh_test.main: frame=112599 COUNTED track_id=1353 class=Two-wheeler
2026-08-29 10:40:27 [DEBUG] uvh_test.counter: track_id: 1354, frame: 113085, previous_bottom_center: (1297.033447265625, 381.33185), current_bottom_center: (1300.02392578125, 380.7144), previous_side: -0.58, current_side: 1.91, side_transition: True, crossing_result: True, direction: A_TO_B
2026-08-29 10:40:27 [DEBUG] uvh_test.main: frame=113085 COUNTED track_id=1354 class=Two-wheeler
2026-08-29 10:40:45 [DEBUG] uvh_test.counter: track_id: 1360, frame: 113651, previous_bottom_center: (1275.4158935546875, 377.6283), current_bottom_center: (1300.139892578125, 372.20566), previous_side: -12.55, current_side: 8.23, side_transition: True, crossing_result: True, direction: A_TO_B
2026-08-29 10:40:45 [DEBUG] uvh_test.main: frame=113651 COUNTED track_id=1360 class=Two-wheeler
2026-08-29 10:40:53 [DEBUG] uvh_test.counter: track_id: 1367, frame: 113907, previous_bottom_center: (1509.0712890625, 599.6494), current_bottom_center: (1545.0877685546875, 599.6673), previous_side: -16.72, current_side: 7.74, side_transition: True, crossing_result: True, direction: A_TO_B
2026-08-29 10:40:53 [DEBUG] uvh_test.counter: track_id: 1368, frame: 113907, previous_bottom_center: (1461.0909423828125, 551.67395), current_bottom_center: (1497.1102294921875, 551.68713), previous_side: -14.11, current_side: 10.35, side_transition: True, crossing_result: True, direction: A_TO_B
2026-08-29 10:40:53 [INFO] uvh_test.counter: SAFETY NET REJECTION: Rejecting tid=1368 as duplicate of class SUV, prev_tid=1367, dist=67.9px, thresh=150.0px, bbox_size=459.0x384.3
2026-08-29 10:40:53 [DEBUG] uvh_test.main: frame=113907 COUNTED track_id=1367 class=SUV
2026-08-29 10:41:37 [DEBUG] uvh_test.counter: track_id: 1370, frame: 115367, previous_bottom_center: (1288.6412353515625, 385.54697), current_bottom_center: (1311.7806396484375, 381.0371), previous_side: -9.37, current_side: 9.66, side_transition: True, crossing_result: True, direction: A_TO_B
2026-08-29 10:41:37 [DEBUG] uvh_test.main: frame=115367 COUNTED track_id=1370 class=Two-wheeler
2026-08-29 10:41:51 [DEBUG] uvh_test.counter: track_id: 1375, frame: 115783, previous_bottom_center: (1557.0762939453125, 743.7081), current_bottom_center: (1629.088134765625, 671.695), previous_side: -89.81, current_side: 11.95, side_transition: True, crossing_result: True, direction: A_TO_B
2026-08-29 10:41:51 [DEBUG] uvh_test.main: frame=115783 COUNTED track_id=1375 class=SUV
2026-08-29 10:41:51 [DEBUG] uvh_test.counter: track_id: 1374, frame: 115784, previous_bottom_center: (1533.1490478515625, 623.7304), current_bottom_center: (1556.58203125, 600.25024), previous_side: -18.03, current_side: 15.12, side_transition: True, crossing_result: True, direction: A_TO_B
2026-08-29 10:41:51 [INFO] uvh_test.counter: SAFETY NET REJECTION: Rejecting tid=1374 as duplicate of class SUV, prev_tid=1375, dist=101.8px, thresh=150.0px, bbox_size=459.1x384.3
2026-08-29 10:41:51 [DEBUG] uvh_test.counter: track_id: 1377, frame: 115787, previous_bottom_center: (1605.0791015625, 695.6638), current_bottom_center: (1611.85009765625, 606.24664), previous_side: -21.95, current_side: 48.27, side_transition: True, crossing_result: True, direction: A_TO_B
2026-08-29 10:41:51 [INFO] uvh_test.counter: SAFETY NET REJECTION: Rejecting tid=1377 as duplicate of class SUV, prev_tid=1375, dist=67.7px, thresh=150.0px, bbox_size=367.3x303.5
2026-08-29 10:42:02 [DEBUG] uvh_test.counter: track_id: 1379, frame: 116111, previous_bottom_center: (1263.45166015625, 359.51797), current_bottom_center: (1289.3662109375, 355.2745), previous_side: -7.39, current_side: 13.33, side_transition: True, crossing_result: True, direction: A_TO_B
2026-08-29 10:42:02 [DEBUG] uvh_test.main: frame=116111 COUNTED track_id=1379 class=Two-wheeler
2026-08-29 10:42:32 [DEBUG] uvh_test.counter: track_id: 1385, frame: 117031, previous_bottom_center: (1561.00390625, 647.64746), current_bottom_center: (1593.6895751953125, 647.64734), previous_side: -16.66, current_side: 5.55, side_transition: True, crossing_result: True, direction: A_TO_B
2026-08-29 10:42:32 [DEBUG] uvh_test.main: frame=117031 COUNTED track_id=1385 class=Sedan
2026-08-29 10:42:33 [DEBUG] uvh_test.counter: track_id: 1384, frame: 117039, previous_bottom_center: (1510.6064453125, 695.7614), current_bottom_center: (1570.552734375, 596.15765), previous_side: -86.20, current_side: 27.61, side_transition: True, crossing_result: True, direction: A_TO_B
2026-08-29 10:42:33 [INFO] uvh_test.counter: SAFETY NET REJECTION: Rejecting tid=1384 as duplicate of class Sedan, prev_tid=1385, dist=56.4px, thresh=150.0px, bbox_size=351.4x284.6
2026-08-29 10:42:38 [DEBUG] uvh_test.counter: track_id: 1387, frame: 117187, previous_bottom_center: (1241.7603759765625, 334.12103), current_bottom_center: (1257.329345703125, 331.43396), previous_side: -3.49, current_side: 9.06, side_transition: True, crossing_result: True, direction: A_TO_B
2026-08-29 10:42:38 [DEBUG] uvh_test.main: frame=117187 COUNTED track_id=1387 class=Two-wheeler
2026-08-29 10:42:54 [DEBUG] uvh_test.counter: track_id: 1389, frame: 117619, previous_bottom_center: (1537.6934814453125, 619.9549), current_bottom_center: (1601.019775390625, 580.6316), previous_side: -12.17, current_side: 59.70, side_transition: True, crossing_result: True, direction: A_TO_B
2026-08-29 10:42:54 [DEBUG] uvh_test.main: frame=117619 COUNTED track_id=1389 class=Two-wheeler
2026-08-29 10:43:02 [DEBUG] uvh_test.counter: track_id: 1397, frame: 117839, previous_bottom_center: (1365.541259765625, 455.93304), current_bottom_center: (1365.4752197265625, 424.20844), previous_side: -8.78, current_side: 14.46, side_transition: True, crossing_result: True, direction: A_TO_B
2026-08-29 10:43:02 [DEBUG] uvh_test.counter: track_id: 1395, frame: 117839, previous_bottom_center: (1414.26806640625, 503.16382), current_bottom_center: (1414.15234375, 471.47516), previous_side: -10.33, current_side: 12.84, side_transition: True, crossing_result: True, direction: A_TO_B
2026-08-29 10:43:02 [INFO] uvh_test.counter: SAFETY NET REJECTION: Rejecting tid=1395 as duplicate of class Bus, prev_tid=1397, dist=67.8px, thresh=344.3px, bbox_size=459.0x384.5
2026-08-29 10:43:02 [DEBUG] uvh_test.main: frame=117839 COUNTED track_id=1397 class=Bus
2026-08-29 10:43:03 [DEBUG] uvh_test.counter: track_id: 1396, frame: 117851, previous_bottom_center: (1415.779296875, 503.8392), current_bottom_center: (1447.1844482421875, 503.78442), previous_side: -9.80, current_side: 11.58, side_transition: True, crossing_result: True, direction: A_TO_B
2026-08-29 10:43:03 [INFO] uvh_test.counter: SAFETY NET REJECTION: Rejecting tid=1396 as duplicate of class Bus, prev_tid=1397, dist=114.1px, thresh=344.1px, bbox_size=458.8x384.4
2026-08-29 10:43:45 [DEBUG] uvh_test.counter: track_id: 1404, frame: 119161, previous_bottom_center: (1633.847900390625, 694.5736), current_bottom_center: (1639.06884765625, 690.87726), previous_side: -1.60, current_side: 4.66, side_transition: True, crossing_result: True, direction: A_TO_B
2026-08-29 10:43:45 [DEBUG] uvh_test.main: frame=119161 COUNTED track_id=1404 class=Two-wheeler
2026-08-29 10:44:00 [DEBUG] uvh_test.counter: track_id: 1407, frame: 119601, previous_bottom_center: (1277.905517578125, 365.69894), current_bottom_center: (1284.3153076171875, 364.59128), previous_side: -2.10, current_side: 3.06, side_transition: True, crossing_result: True, direction: A_TO_B
2026-08-29 10:44:00 [DEBUG] uvh_test.main: frame=119601 COUNTED track_id=1407 class=Two-wheeler
2026-08-29 10:44:17 [DEBUG] uvh_test.counter: track_id: 1409, frame: 120099, previous_bottom_center: (1249.173828125, 365.05963), current_bottom_center: (1284.94140625, 359.05457), previous_side: -21.15, current_side: 7.55, side_transition: True, crossing_result: True, direction: A_TO_B
2026-08-29 10:44:17 [DEBUG] uvh_test.main: frame=120099 COUNTED track_id=1409 class=Two-wheeler
2026-08-29 10:44:20 [DEBUG] uvh_test.counter: track_id: 1414, frame: 120203, previous_bottom_center: (1562.450927734375, 645.89716), current_bottom_center: (1595.32080078125, 645.5544), previous_side: -14.39, current_side: 8.19, side_transition: True, crossing_result: True, direction: A_TO_B
2026-08-29 10:44:20 [DEBUG] uvh_test.main: frame=120203 COUNTED track_id=1414 class=SUV
2026-08-29 10:44:20 [DEBUG] uvh_test.counter: track_id: 1415, frame: 120204, previous_bottom_center: (1541.18798828125, 631.578), current_bottom_center: (1553.151123046875, 607.6201), previous_side: -18.33, current_side: 7.38, side_transition: True, crossing_result: True, direction: A_TO_B
2026-08-29 10:44:20 [INFO] uvh_test.counter: SAFETY NET REJECTION: Rejecting tid=1415 as duplicate of class SUV, prev_tid=1414, dist=56.7px, thresh=150.0px, bbox_size=458.9x384.3
2026-08-29 10:44:34 [DEBUG] uvh_test.counter: track_id: 1418, frame: 120599, previous_bottom_center: (1274.763427734375, 361.63065), current_bottom_center: (1307.173828125, 356.3007), previous_side: -1.25, current_side: 24.68, side_transition: True, crossing_result: True, direction: A_TO_B
2026-08-29 10:44:34 [DEBUG] uvh_test.main: frame=120599 COUNTED track_id=1418 class=Two-wheeler
2026-08-29 10:44:38 [DEBUG] uvh_test.counter: track_id: 1421, frame: 120730, previous_bottom_center: (1514.738037109375, 693.3656), current_bottom_center: (1610.489013671875, 661.3194), previous_side: -81.64, current_side: 6.93, side_transition: True, crossing_result: True, direction: A_TO_B
2026-08-29 10:44:38 [DEBUG] uvh_test.main: frame=120730 COUNTED track_id=1421 class=SUV
2026-08-29 10:44:39 [DEBUG] uvh_test.counter: track_id: 1420, frame: 120739, previous_bottom_center: (1607.530517578125, 694.1632), current_bottom_center: (1650.1895751953125, 607.7572), previous_side: -19.18, current_side: 73.20, side_transition: True, crossing_result: True, direction: A_TO_B
2026-08-29 10:44:39 [INFO] uvh_test.counter: SAFETY NET REJECTION: Rejecting tid=1420 as duplicate of class SUV, prev_tid=1421, dist=66.7px, thresh=150.0px, bbox_size=353.1x289.2
2026-08-29 10:44:49 [DEBUG] uvh_test.counter: track_id: 1428, frame: 121027, previous_bottom_center: (1312.8919677734375, 405.21997), current_bottom_center: (1335.522216796875, 399.52005), previous_side: -7.33, current_side: 12.22, side_transition: True, crossing_result: True, direction: A_TO_B
2026-08-29 10:44:49 [DEBUG] uvh_test.main: frame=121027 COUNTED track_id=1428 class=Two-wheeler
2026-08-29 10:45:05 [DEBUG] uvh_test.counter: track_id: 1435, frame: 121464, previous_bottom_center: (1418.9569091796875, 494.679), current_bottom_center: (1420.693603515625, 493.27774), previous_side: -0.92, current_side: 1.29, side_transition: True, crossing_result: True, direction: A_TO_B
2026-08-29 10:45:05 [DEBUG] uvh_test.main: frame=121464 COUNTED track_id=1435 class=LCV
2026-08-29 10:45:06 [DEBUG] uvh_test.counter: track_id: 1437, frame: 121482, previous_bottom_center: (1278.359619140625, 370.8762), current_bottom_center: (1302.9794921875, 370.35095), previous_side: -5.59, current_side: 11.52, side_transition: True, crossing_result: True, direction: A_TO_B
2026-08-29 10:45:06 [DEBUG] uvh_test.main: frame=121482 COUNTED track_id=1437 class=Two-wheeler
2026-08-29 10:45:06 [DEBUG] uvh_test.counter: track_id: 1429, frame: 121490, previous_bottom_center: (1258.0577392578125, 346.7587), current_bottom_center: (1274.2806396484375, 345.17496), previous_side: -1.69, current_side: 10.49, side_transition: True, crossing_result: True, direction: A_TO_B
2026-08-29 10:45:06 [INFO] uvh_test.counter: SAFETY NET REJECTION: Rejecting tid=1429 as duplicate of class Two-wheeler, prev_tid=1437, dist=38.2px, thresh=150.0px, bbox_size=138.6x115.3
2026-08-29 10:45:17 [DEBUG] uvh_test.counter: track_id: 1444, frame: 121782, previous_bottom_center: (1282.123779296875, 394.8256), current_bottom_center: (1309.711669921875, 388.58618), previous_side: -20.61, current_side: 2.71, side_transition: True, crossing_result: True, direction: A_TO_B
2026-08-29 10:45:17 [DEBUG] uvh_test.main: frame=121782 COUNTED track_id=1444 class=Two-wheeler
2026-08-29 10:45:28 [DEBUG] uvh_test.counter: track_id: 1445, frame: 122079, previous_bottom_center: (1304.7576904296875, 391.43796), current_bottom_center: (1337.665283203125, 385.23248), previous_side: -2.75, current_side: 24.16, side_transition: True, crossing_result: True, direction: A_TO_B
2026-08-29 10:45:28 [DEBUG] uvh_test.main: frame=122079 COUNTED track_id=1445 class=Two-wheeler
2026-08-29 10:45:34 [DEBUG] uvh_test.counter: track_id: 1448, frame: 122259, previous_bottom_center: (1560.626953125, 645.4868), current_bottom_center: (1602.0943603515625, 613.53564), previous_side: -15.33, current_side: 36.29, side_transition: True, crossing_result: True, direction: A_TO_B
2026-08-29 10:45:34 [DEBUG] uvh_test.main: frame=122259 COUNTED track_id=1448 class=Truck
2026-08-29 10:45:34 [DEBUG] uvh_test.counter: track_id: 1449, frame: 122262, previous_bottom_center: (1605.14453125, 695.0147), current_bottom_center: (1665.73681640625, 661.5836), previous_side: -21.43, current_side: 44.27, side_transition: True, crossing_result: True, direction: A_TO_B
2026-08-29 10:45:34 [INFO] uvh_test.counter: SAFETY NET REJECTION: Rejecting tid=1449 as duplicate of class Truck, prev_tid=1448, dist=79.7px, thresh=300.0px, bbox_size=458.2x384.4
2026-08-29 10:45:40 [DEBUG] uvh_test.counter: track_id: 1451, frame: 122420, previous_bottom_center: (1261.475341796875, 367.68668), current_bottom_center: (1286.6788330078125, 362.92346), previous_side: -14.72, current_side: 5.89, side_transition: True, crossing_result: True, direction: A_TO_B
2026-08-29 10:45:40 [DEBUG] uvh_test.main: frame=122420 COUNTED track_id=1451 class=Two-wheeler
2026-08-29 10:45:44 [DEBUG] uvh_test.counter: track_id: 1454, frame: 122523, previous_bottom_center: (1278.828369140625, 364.93906), current_bottom_center: (1302.0264892578125, 360.4747), previous_side: -0.92, current_side: 18.12, side_transition: True, crossing_result: True, direction: A_TO_B
2026-08-29 10:45:44 [INFO] uvh_test.counter: SAFETY NET REJECTION: Rejecting tid=1454 as duplicate of class Two-wheeler, prev_tid=1451, dist=15.5px, thresh=150.0px, bbox_size=135.3x124.2
2026-08-29 10:45:51 [DEBUG] uvh_test.counter: track_id: 1456, frame: 122725, previous_bottom_center: (1288.9647216796875, 373.7564), current_bottom_center: (1299.1446533203125, 371.35837), previous_side: -0.50, current_side: 8.17, side_transition: True, crossing_result: True, direction: A_TO_B
2026-08-29 10:45:51 [DEBUG] uvh_test.main: frame=122725 COUNTED track_id=1456 class=Two-wheeler
2026-08-29 10:46:05 [DEBUG] uvh_test.counter: track_id: 1461, frame: 123087, previous_bottom_center: (1280.171875, 378.63373), current_bottom_center: (1297.943603515625, 375.12497), previous_side: -10.06, current_side: 4.59, side_transition: True, crossing_result: True, direction: A_TO_B
2026-08-29 10:46:05 [DEBUG] uvh_test.main: frame=123087 COUNTED track_id=1461 class=Three-wheeler
2026-08-29 10:46:07 [DEBUG] uvh_test.counter: track_id: 1463, frame: 123159, previous_bottom_center: (1346.14453125, 455.2671), current_bottom_center: (1405.095458984375, 438.47253), previous_side: -21.47, current_side: 30.91, side_transition: True, crossing_result: True, direction: A_TO_B
2026-08-29 10:46:07 [DEBUG] uvh_test.main: frame=123159 COUNTED track_id=1463 class=Two-wheeler
2026-08-29 10:46:17 [DEBUG] uvh_test.counter: track_id: 1467, frame: 123427, previous_bottom_center: (1513.2880859375, 613.70215), current_bottom_center: (1542.6651611328125, 599.46875), previous_side: -24.17, current_side: 6.24, side_transition: True, crossing_result: True, direction: A_TO_B
2026-08-29 10:46:17 [DEBUG] uvh_test.main: frame=123427 COUNTED track_id=1467 class=Two-wheeler
2026-08-29 10:46:46 [DEBUG] uvh_test.counter: track_id: 1470, frame: 124359, previous_bottom_center: (1511.408447265625, 695.76697), current_bottom_center: (1582.95703125, 590.365), previous_side: -85.66, current_side: 40.29, side_transition: True, crossing_result: True, direction: A_TO_B
2026-08-29 10:46:46 [DEBUG] uvh_test.main: frame=124359 COUNTED track_id=1470 class=Sedan
2026-08-29 10:46:47 [DEBUG] uvh_test.counter: track_id: 1472, frame: 124360, previous_bottom_center: (1559.173095703125, 647.0193), current_bottom_center: (1594.681884765625, 647.0619), previous_side: -17.44, current_side: 6.65, side_transition: True, crossing_result: True, direction: A_TO_B
2026-08-29 10:46:47 [DEBUG] uvh_test.main: frame=124360 COUNTED track_id=1472 class=SUV
2026-08-29 10:47:01 [DEBUG] uvh_test.counter: track_id: 1475, frame: 124851, previous_bottom_center: (1509.14306640625, 691.82605), current_bottom_center: (1561.8375244140625, 608.04584), previous_side: -84.31, current_side: 12.97, side_transition: True, crossing_result: True, direction: A_TO_B
2026-08-29 10:47:01 [DEBUG] uvh_test.main: frame=124851 COUNTED track_id=1475 class=Hatchback
2026-08-29 10:47:48 [DEBUG] uvh_test.counter: track_id: 1479, frame: 126360, previous_bottom_center: (1269.4732666015625, 368.43314), current_bottom_center: (1293.62353515625, 363.86078), previous_side: -9.84, current_side: 9.92, side_transition: True, crossing_result: True, direction: A_TO_B
2026-08-29 10:47:48 [DEBUG] uvh_test.main: frame=126360 COUNTED track_id=1479 class=Two-wheeler
2026-08-29 10:48:29 [DEBUG] uvh_test.counter: track_id: 1483, frame: 127680, previous_bottom_center: (1371.0927734375, 478.42014), current_bottom_center: (1402.71533203125, 468.02893), previous_side: -21.51, current_side: 7.60, side_transition: True, crossing_result: True, direction: A_TO_B
2026-08-29 10:48:29 [DEBUG] uvh_test.main: frame=127680 COUNTED track_id=1483 class=Two-wheeler
2026-08-29 10:48:34 [DEBUG] uvh_test.counter: track_id: 1485, frame: 127823, previous_bottom_center: (1319.61279296875, 415.97842), current_bottom_center: (1347.2376708984375, 409.1118), previous_side: -10.66, current_side: 13.14, side_transition: True, crossing_result: True, direction: A_TO_B
2026-08-29 10:48:34 [INFO] uvh_test.counter: SAFETY NET REJECTION: Rejecting tid=1485 as duplicate of class Two-wheeler, prev_tid=1483, dist=80.9px, thresh=150.0px, bbox_size=178.3x158.4
2026-08-29 10:48:35 [DEBUG] uvh_test.counter: track_id: 1489, frame: 127839, previous_bottom_center: (1254.7786865234375, 370.0672), current_bottom_center: (1291.10205078125, 363.9582), previous_side: -21.02, current_side: 8.14, side_transition: True, crossing_result: True, direction: A_TO_B
2026-08-29 10:48:35 [DEBUG] uvh_test.main: frame=127839 COUNTED track_id=1489 class=Two-wheeler
2026-08-29 10:48:38 [DEBUG] uvh_test.counter: track_id: 1492, frame: 127919, previous_bottom_center: (1339.95263671875, 436.3187), current_bottom_center: (1392.257080078125, 423.0791), previous_side: -11.77, current_side: 33.48, side_transition: True, crossing_result: True, direction: A_TO_B
2026-08-29 10:48:38 [DEBUG] uvh_test.main: frame=127919 COUNTED track_id=1492 class=Three-wheeler
2026-08-29 10:48:54 [DEBUG] uvh_test.counter: track_id: 1494, frame: 128420, previous_bottom_center: (1248.990966796875, 345.5959), current_bottom_center: (1261.053466796875, 344.1889), previous_side: -7.00, current_side: 2.23, side_transition: True, crossing_result: True, direction: A_TO_B
2026-08-29 10:48:54 [DEBUG] uvh_test.main: frame=128420 COUNTED track_id=1494 class=Two-wheeler
2026-08-29 10:49:01 [DEBUG] uvh_test.counter: track_id: 1502, frame: 128599, previous_bottom_center: (1383.5517578125, 509.60458), current_bottom_center: (1427.65185546875, 494.5162), previous_side: -35.92, current_side: 5.11, side_transition: True, crossing_result: True, direction: A_TO_B
2026-08-29 10:49:01 [DEBUG] uvh_test.main: frame=128599 COUNTED track_id=1502 class=Sedan
2026-08-29 10:49:01 [DEBUG] uvh_test.counter: track_id: 1501, frame: 128600, previous_bottom_center: (1440.2918701171875, 524.8857), current_bottom_center: (1449.083984375, 494.71652), previous_side: -8.59, current_side: 19.52, side_transition: True, crossing_result: True, direction: A_TO_B
2026-08-29 10:49:01 [INFO] uvh_test.counter: SAFETY NET REJECTION: Rejecting tid=1501 as duplicate of class Sedan, prev_tid=1502, dist=21.4px, thresh=150.0px, bbox_size=285.1x217.6
2026-08-29 10:49:01 [DEBUG] uvh_test.counter: track_id: 1499, frame: 128605, previous_bottom_center: (1262.0107421875, 348.366), current_bottom_center: (1264.087890625, 347.97418), previous_side: -0.18, current_side: 1.51, side_transition: True, crossing_result: True, direction: A_TO_B
2026-08-29 10:49:01 [DEBUG] uvh_test.main: frame=128605 COUNTED track_id=1499 class=Two-wheeler
2026-08-29 10:50:05 [DEBUG] uvh_test.counter: track_id: 1508, frame: 130628, previous_bottom_center: (1265.22509765625, 358.4581), current_bottom_center: (1272.377197265625, 357.50266), previous_side: -5.41, current_side: 0.15, side_transition: True, crossing_result: True, direction: A_TO_B
2026-08-29 10:50:05 [DEBUG] uvh_test.main: frame=130628 COUNTED track_id=1508 class=Two-wheeler
2026-08-29 10:50:13 [DEBUG] uvh_test.counter: track_id: 1514, frame: 130863, previous_bottom_center: (1306.874267578125, 391.12405), current_bottom_center: (1332.62255859375, 386.03845), previous_side: -1.08, current_side: 20.15, side_transition: True, crossing_result: True, direction: A_TO_B
2026-08-29 10:50:13 [DEBUG] uvh_test.main: frame=130863 COUNTED track_id=1514 class=Two-wheeler
2026-08-29 10:50:21 [DEBUG] uvh_test.counter: track_id: 1518, frame: 131068, previous_bottom_center: (1295.07861328125, 380.92722), current_bottom_center: (1303.3173828125, 379.5093), previous_side: -1.61, current_side: 5.03, side_transition: True, crossing_result: True, direction: A_TO_B
2026-08-29 10:50:21 [DEBUG] uvh_test.main: frame=131068 COUNTED track_id=1518 class=Two-wheeler
2026-08-29 10:50:40 [DEBUG] uvh_test.counter: track_id: 1520, frame: 131659, previous_bottom_center: (1277.853271484375, 405.74625), current_bottom_center: (1340.7388916015625, 391.3036), previous_side: -31.53, current_side: 21.80, side_transition: True, crossing_result: True, direction: A_TO_B
2026-08-29 10:50:40 [DEBUG] uvh_test.main: frame=131659 COUNTED track_id=1520 class=Two-wheeler
2026-08-29 10:51:14 [DEBUG] uvh_test.counter: track_id: 1534, frame: 132533, previous_bottom_center: (1345.31591796875, 425.24893), current_bottom_center: (1349.3594970703125, 424.2975), previous_side: -0.00, current_side: 3.44, side_transition: True, crossing_result: True, direction: A_TO_B
2026-08-29 10:51:14 [DEBUG] uvh_test.main: frame=132533 COUNTED track_id=1534 class=Two-wheeler
2026-08-29 10:51:15 [DEBUG] uvh_test.counter: track_id: 1530, frame: 132539, previous_bottom_center: (1263.9073486328125, 353.6771), current_bottom_center: (1278.177490234375, 352.34314), previous_side: -2.79, current_side: 7.88, side_transition: True, crossing_result: True, direction: A_TO_B
2026-08-29 10:51:15 [DEBUG] uvh_test.main: frame=132539 COUNTED track_id=1530 class=Truck
2026-08-29 10:51:15 [INFO] uvh_test.counter: SAFETY NET MERGE: Merging current tid=1526 into lost_tid=1531, dist=93.5px
2026-08-29 10:51:15 [INFO] uvh_test.counter: SAFETY NET REJECTION (MERGE PATH): Rejecting tid=1526 as duplicate of class Truck, prev_tid=1530, dist=169.2px, thresh=300.0px
2026-08-29 10:51:23 [DEBUG] uvh_test.counter: track_id: 1543, frame: 132732, previous_bottom_center: (1377.54443359375, 472.48474), current_bottom_center: (1397.55078125, 470.63354), previous_side: -12.77, current_side: 2.18, side_transition: True, crossing_result: True, direction: A_TO_B
2026-08-29 10:51:23 [DEBUG] uvh_test.main: frame=132732 COUNTED track_id=1543 class=SUV
2026-08-29 10:51:23 [DEBUG] uvh_test.counter: track_id: 1539, frame: 132739, previous_bottom_center: (1466.0322265625, 551.4363), current_bottom_center: (1497.177490234375, 551.4709), previous_side: -10.58, current_side: 10.55, side_transition: True, crossing_result: True, direction: A_TO_B
2026-08-29 10:51:23 [INFO] uvh_test.counter: SAFETY NET REJECTION: Rejecting tid=1539 as duplicate of class SUV, prev_tid=1543, dist=128.3px, thresh=150.0px, bbox_size=458.9x384.3
2026-08-29 10:51:31 [DEBUG] uvh_test.counter: track_id: 1545, frame: 132959, previous_bottom_center: (1285.55224609375, 391.5768), current_bottom_center: (1326.804443359375, 383.1382), previous_side: -15.90, current_side: 18.32, side_transition: True, crossing_result: True, direction: A_TO_B
2026-08-29 10:51:31 [DEBUG] uvh_test.main: frame=132959 COUNTED track_id=1545 class=Two-wheeler
2026-08-29 10:51:39 [DEBUG] uvh_test.counter: track_id: 1550, frame: 133180, previous_bottom_center: (1304.993408203125, 486.28748), current_bottom_center: (1407.763427734375, 456.06345), previous_side: -72.19, current_side: 19.81, side_transition: True, crossing_result: True, direction: A_TO_B
2026-08-29 10:51:39 [DEBUG] uvh_test.main: frame=133180 COUNTED track_id=1550 class=Two-wheeler
2026-08-29 10:51:41 [DEBUG] uvh_test.counter: track_id: 1547, frame: 133223, previous_bottom_center: (1298.396240234375, 383.73303), current_bottom_center: (1318.119384765625, 380.26083), previous_side: -1.42, current_side: 14.53, side_transition: True, crossing_result: True, direction: A_TO_B
2026-08-29 10:51:41 [INFO] uvh_test.counter: SAFETY NET REJECTION: Rejecting tid=1547 as duplicate of class Two-wheeler, prev_tid=1550, dist=117.4px, thresh=150.0px, bbox_size=144.4x137.1
2026-08-29 10:51:44 [DEBUG] uvh_test.counter: track_id: 1549, frame: 133300, previous_bottom_center: (1318.374267578125, 422.86575), current_bottom_center: (1342.848876953125, 416.87973), previous_side: -16.56, current_side: 4.46, side_transition: True, crossing_result: True, direction: A_TO_B
2026-08-29 10:51:44 [INFO] uvh_test.counter: SAFETY NET REJECTION: Rejecting tid=1549 as duplicate of class Two-wheeler, prev_tid=1550, dist=75.8px, thresh=150.0px, bbox_size=183.2x165.6
2026-08-29 10:51:46 [DEBUG] uvh_test.counter: track_id: 1555, frame: 133368, previous_bottom_center: (1304.212890625, 393.38324), current_bottom_center: (1313.659912109375, 391.5692), previous_side: -4.54, current_side: 3.20, side_transition: True, crossing_result: True, direction: A_TO_B
2026-08-29 10:51:46 [DEBUG] uvh_test.main: frame=133368 COUNTED track_id=1555 class=Two-wheeler
2026-08-29 10:51:58 [DEBUG] uvh_test.counter: track_id: 1558, frame: 133719, previous_bottom_center: (1526.2159423828125, 666.17847), current_bottom_center: (1580.328857421875, 633.5896), previous_side: -53.89, current_side: 6.79, side_transition: True, crossing_result: True, direction: A_TO_B
2026-08-29 10:51:58 [DEBUG] uvh_test.main: frame=133719 COUNTED track_id=1558 class=Two-wheeler
2026-08-29 10:52:07 [DEBUG] uvh_test.counter: track_id: 1561, frame: 133972, previous_bottom_center: (1269.683837890625, 362.34296), current_bottom_center: (1278.10498046875, 360.80133), previous_side: -5.23, current_side: 1.63, side_transition: True, crossing_result: True, direction: A_TO_B
2026-08-29 10:52:07 [DEBUG] uvh_test.main: frame=133972 COUNTED track_id=1561 class=Two-wheeler
2026-08-29 10:52:10 [DEBUG] uvh_test.counter: track_id: 1563, frame: 134045, previous_bottom_center: (1402.236572265625, 479.6982), current_bottom_center: (1406.905517578125, 478.0654), previous_side: -1.28, current_side: 3.09, side_transition: True, crossing_result: True, direction: A_TO_B
2026-08-29 10:52:10 [DEBUG] uvh_test.main: frame=134045 COUNTED track_id=1563 class=Two-wheeler
2026-08-29 10:52:22 [DEBUG] uvh_test.counter: track_id: 1568, frame: 134383, previous_bottom_center: (1295.49658203125, 391.15402), current_bottom_center: (1324.15234375, 385.34924), previous_side: -8.83, current_side: 14.90, side_transition: True, crossing_result: True, direction: A_TO_B
2026-08-29 10:52:22 [DEBUG] uvh_test.main: frame=134383 COUNTED track_id=1568 class=Two-wheeler
2026-08-29 10:52:29 [DEBUG] uvh_test.counter: track_id: 1572, frame: 134581, previous_bottom_center: (1303.1044921875, 389.516), current_bottom_center: (1312.873046875, 387.62863), previous_side: -2.46, current_side: 5.56, side_transition: True, crossing_result: True, direction: A_TO_B
2026-08-29 10:52:29 [DEBUG] uvh_test.main: frame=134581 COUNTED track_id=1572 class=Two-wheeler
2026-08-29 10:52:38 [DEBUG] uvh_test.counter: track_id: 1578, frame: 134827, previous_bottom_center: (1472.8662109375, 551.64813), current_bottom_center: (1442.10546875, 497.5022), previous_side: -6.10, current_side: 12.74, side_transition: True, crossing_result: True, direction: A_TO_B
2026-08-29 10:52:38 [DEBUG] uvh_test.main: frame=134827 COUNTED track_id=1578 class=SUV
2026-08-29 10:52:42 [DEBUG] uvh_test.counter: track_id: 1585, frame: 134922, previous_bottom_center: (1558.6517333984375, 647.7041), current_bottom_center: (1625.490478515625, 647.70435), previous_side: -18.30, current_side: 27.11, side_transition: True, crossing_result: True, direction: A_TO_B
2026-08-29 10:52:42 [DEBUG] uvh_test.main: frame=134922 COUNTED track_id=1585 class=LCV
2026-08-29 10:52:42 [DEBUG] uvh_test.counter: track_id: 1584, frame: 134927, previous_bottom_center: (1561.919921875, 645.8123), current_bottom_center: (1593.31689453125, 645.80426), previous_side: -14.69, current_side: 6.65, side_transition: True, crossing_result: True, direction: A_TO_B
2026-08-29 10:52:42 [INFO] uvh_test.counter: SAFETY NET REJECTION: Rejecting tid=1584 as duplicate of class LCV, prev_tid=1585, dist=32.2px, thresh=150.0px, bbox_size=458.9x384.3
2026-08-29 10:52:42 [DEBUG] uvh_test.counter: track_id: 1577, frame: 134927, previous_bottom_center: (1558.8515625, 743.7232), current_bottom_center: (1651.370849609375, 699.0061), previous_side: -88.62, current_side: 7.05, side_transition: True, crossing_result: True, direction: A_TO_B
2026-08-29 10:52:42 [INFO] uvh_test.counter: SAFETY NET REJECTION: Rejecting tid=1577 as duplicate of class LCV, prev_tid=1585, dist=57.5px, thresh=150.0px, bbox_size=458.9x384.3
2026-08-29 10:52:43 [DEBUG] uvh_test.counter: track_id: 1587, frame: 134939, previous_bottom_center: (1557.0855712890625, 646.6624), current_bottom_center: (1588.85205078125, 646.78577), previous_side: -18.60, current_side: 2.89, side_transition: True, crossing_result: True, direction: A_TO_B
2026-08-29 10:52:43 [INFO] uvh_test.counter: SAFETY NET REJECTION: Rejecting tid=1587 as duplicate of class LCV, prev_tid=1585, dist=36.6px, thresh=150.0px, bbox_size=459.2x384.6
2026-08-29 10:52:44 [DEBUG] uvh_test.counter: track_id: 1592, frame: 134963, previous_bottom_center: (1353.4111328125, 442.20612), current_bottom_center: (1363.073974609375, 437.32745), previous_side: -6.95, current_side: 3.20, side_transition: True, crossing_result: True, direction: A_TO_B
2026-08-29 10:52:44 [DEBUG] uvh_test.main: frame=134963 COUNTED track_id=1592 class=Sedan
2026-08-29 10:53:05 [DEBUG] uvh_test.counter: track_id: 1594, frame: 135611, previous_bottom_center: (1268.36865234375, 359.50403), current_bottom_center: (1276.7760009765625, 358.03088), previous_side: -4.04, current_side: 2.76, side_transition: True, crossing_result: True, direction: A_TO_B
2026-08-29 10:53:05 [DEBUG] uvh_test.main: frame=135611 COUNTED track_id=1594 class=Two-wheeler
2026-08-29 10:53:33 [DEBUG] uvh_test.counter: track_id: 1596, frame: 136519, previous_bottom_center: (1280.1409912109375, 374.1851), current_bottom_center: (1330.55712890625, 365.1977), previous_side: -6.81, current_side: 34.03, side_transition: True, crossing_result: True, direction: A_TO_B
2026-08-29 10:53:33 [DEBUG] uvh_test.main: frame=136519 COUNTED track_id=1596 class=Two-wheeler
2026-08-29 10:53:34 [DEBUG] uvh_test.counter: track_id: 1601, frame: 136527, previous_bottom_center: (1380.6483154296875, 490.26877), current_bottom_center: (1423.496337890625, 473.64255), previous_side: -23.71, current_side: 17.60, side_transition: True, crossing_result: True, direction: A_TO_B
2026-08-29 10:53:34 [INFO] uvh_test.counter: SAFETY NET REJECTION: Rejecting tid=1601 as duplicate of class Two-wheeler, prev_tid=1596, dist=142.8px, thresh=150.0px, bbox_size=179.1x187.0
2026-08-29 10:53:55 [DEBUG] uvh_test.counter: track_id: 1604, frame: 137204, previous_bottom_center: (1299.5946044921875, 389.51215), current_bottom_center: (1309.527587890625, 387.34467), previous_side: -4.84, current_side: 3.50, side_transition: True, crossing_result: True, direction: A_TO_B
2026-08-29 10:53:55 [DEBUG] uvh_test.main: frame=137204 COUNTED track_id=1604 class=Two-wheeler
2026-08-29 10:54:14 [DEBUG] uvh_test.counter: track_id: 1609, frame: 137643, previous_bottom_center: (1290.41357421875, 375.78284), current_bottom_center: (1298.175537109375, 373.11813), previous_side: -1.01, current_side: 6.22, side_transition: True, crossing_result: True, direction: A_TO_B
2026-08-29 10:54:14 [DEBUG] uvh_test.counter: track_id: 1618, frame: 137643, previous_bottom_center: (1271.0997314453125, 455.70532), current_bottom_center: (1445.86328125, 455.66455), previous_side: -72.77, current_side: 45.99, side_transition: True, crossing_result: True, direction: A_TO_B
2026-08-29 10:54:14 [INFO] uvh_test.counter: SAFETY NET REJECTION: Rejecting tid=1618 as duplicate of class Truck, prev_tid=1609, dist=169.2px, thresh=300.0px, bbox_size=458.9x384.3
2026-08-29 10:54:14 [DEBUG] uvh_test.main: frame=137643 COUNTED track_id=1609 class=Truck
2026-08-29 10:54:14 [DEBUG] uvh_test.counter: track_id: 1608, frame: 137648, previous_bottom_center: (1414.3759765625, 503.65982), current_bottom_center: (1445.9407958984375, 503.6622), previous_side: -10.62, current_side: 10.82, side_transition: True, crossing_result: True, direction: A_TO_B
2026-08-29 10:54:14 [INFO] uvh_test.counter: SAFETY NET REJECTION: Rejecting tid=1608 as duplicate of class Truck, prev_tid=1609, dist=197.2px, thresh=300.0px, bbox_size=458.9x384.3
2026-08-29 10:54:14 [DEBUG] uvh_test.counter: track_id: 1619, frame: 137651, previous_bottom_center: (1365.52099609375, 455.70142), current_bottom_center: (1397.1904296875, 455.692), previous_side: -8.62, current_side: 12.90, side_transition: True, crossing_result: True, direction: A_TO_B
2026-08-29 10:54:14 [INFO] uvh_test.counter: SAFETY NET REJECTION: Rejecting tid=1619 as duplicate of class Truck, prev_tid=1609, dist=128.9px, thresh=300.0px, bbox_size=459.0x384.3
2026-08-29 10:54:15 [INFO] uvh_test.counter: SAFETY NET MERGE: Merging current tid=1614 into lost_tid=1614, dist=43.3px
2026-08-29 10:54:15 [INFO] uvh_test.counter: SAFETY NET REJECTION (MERGE PATH): Rejecting tid=1614 as duplicate of class Truck, prev_tid=1609, dist=207.1px, thresh=300.0px
2026-08-29 10:54:20 [DEBUG] uvh_test.counter: track_id: 1621, frame: 137793, previous_bottom_center: (1339.4503173828125, 422.47394), current_bottom_center: (1343.2095947265625, 421.72534), previous_side: -1.95, current_side: 1.15, side_transition: True, crossing_result: True, direction: A_TO_B
2026-08-29 10:54:20 [DEBUG] uvh_test.main: frame=137793 COUNTED track_id=1621 class=Two-wheeler
2026-08-29 10:54:34 [DEBUG] uvh_test.counter: track_id: 1623, frame: 138219, previous_bottom_center: (1251.973876953125, 356.98117), current_bottom_center: (1285.7384033203125, 351.60788), previous_side: -13.32, current_side: 13.56, side_transition: True, crossing_result: True, direction: A_TO_B
2026-08-29 10:54:34 [DEBUG] uvh_test.main: frame=138219 COUNTED track_id=1623 class=Two-wheeler
2026-08-29 10:54:56 [DEBUG] uvh_test.counter: track_id: 1626, frame: 138839, previous_bottom_center: (1358.1805419921875, 479.2905), current_bottom_center: (1409.23095703125, 461.23648), previous_side: -30.92, current_side: 17.01, side_transition: True, crossing_result: True, direction: A_TO_B
2026-08-29 10:54:56 [DEBUG] uvh_test.counter: track_id: 1630, frame: 138839, previous_bottom_center: (1370.493896484375, 480.05585), current_bottom_center: (1415.437255859375, 461.384), previous_side: -23.11, current_side: 21.12, side_transition: True, crossing_result: True, direction: A_TO_B
2026-08-29 10:54:56 [INFO] uvh_test.counter: SAFETY NET REJECTION: Rejecting tid=1630 as duplicate of class Sedan, prev_tid=1626, dist=6.2px, thresh=150.0px, bbox_size=315.9x192.2
2026-08-29 10:54:56 [DEBUG] uvh_test.main: frame=138839 COUNTED track_id=1626 class=Sedan
2026-08-29 10:54:59 [DEBUG] uvh_test.counter: track_id: 1631, frame: 138939, previous_bottom_center: (1266.9129638671875, 387.0625), current_bottom_center: (1321.239013671875, 376.00772), previous_side: -25.25, current_side: 19.77, side_transition: True, crossing_result: True, direction: A_TO_B
2026-08-29 10:54:59 [DEBUG] uvh_test.main: frame=138939 COUNTED track_id=1631 class=Two-wheeler
2026-08-29 10:55:13 [DEBUG] uvh_test.counter: track_id: 1641, frame: 139339, previous_bottom_center: (1290.73291015625, 400.45877), current_bottom_center: (1341.80859375, 388.40002), previous_side: -18.89, current_side: 24.65, side_transition: True, crossing_result: True, direction: A_TO_B
2026-08-29 10:55:13 [DEBUG] uvh_test.main: frame=139339 COUNTED track_id=1641 class=Three-wheeler
2026-08-29 10:56:40 [DEBUG] uvh_test.counter: track_id: 1642, frame: 142219, previous_bottom_center: (1222.9619140625, 351.00107), current_bottom_center: (1259.822021484375, 345.49243), previous_side: -28.65, current_side: 0.44, side_transition: True, crossing_result: True, direction: A_TO_B
2026-08-29 10:56:40 [DEBUG] uvh_test.main: frame=142219 COUNTED track_id=1642 class=Two-wheeler
2026-08-29 10:56:52 [DEBUG] uvh_test.counter: track_id: 1647, frame: 142574, previous_bottom_center: (1399.9056396484375, 478.51038), current_bottom_center: (1404.594482421875, 478.73944), previous_side: -2.00, current_side: 1.02, side_transition: True, crossing_result: True, direction: A_TO_B
2026-08-29 10:56:52 [DEBUG] uvh_test.main: frame=142574 COUNTED track_id=1647 class=Hatchback
2026-08-29 10:56:57 [DEBUG] uvh_test.counter: track_id: 1649, frame: 142719, previous_bottom_center: (1238.131103515625, 370.1892), current_bottom_center: (1285.511962890625, 362.4329), previous_side: -32.42, current_side: 5.46, side_transition: True, crossing_result: True, direction: A_TO_B
2026-08-29 10:56:57 [DEBUG] uvh_test.main: frame=142719 COUNTED track_id=1649 class=Two-wheeler
2026-08-29 10:57:00 [DEBUG] uvh_test.counter: track_id: 1654, frame: 142799, previous_bottom_center: (1461.16064453125, 551.87354), current_bottom_center: (1493.006591796875, 551.9207), previous_side: -14.21, current_side: 7.39, side_transition: True, crossing_result: True, direction: A_TO_B
2026-08-29 10:57:00 [DEBUG] uvh_test.main: frame=142799 COUNTED track_id=1654 class=Truck
2026-08-29 10:57:01 [DEBUG] uvh_test.counter: track_id: 1652, frame: 142819, previous_bottom_center: (1462.9560546875, 648.0198), current_bottom_center: (1603.398681640625, 648.8589), previous_side: -83.54, current_side: 11.26, side_transition: True, crossing_result: True, direction: A_TO_B
2026-08-29 10:57:01 [INFO] uvh_test.counter: SAFETY NET REJECTION: Rejecting tid=1652 as duplicate of class Truck, prev_tid=1654, dist=146.9px, thresh=300.0px, bbox_size=458.9x384.4
2026-08-29 10:57:08 [DEBUG] uvh_test.counter: track_id: 1658, frame: 143005, previous_bottom_center: (1308.61865234375, 393.42868), current_bottom_center: (1311.6490478515625, 392.705), previous_side: -1.59, current_side: 1.00, side_transition: True, crossing_result: True, direction: A_TO_B
2026-08-29 10:57:08 [DEBUG] uvh_test.main: frame=143005 COUNTED track_id=1658 class=Two-wheeler
2026-08-29 10:57:36 [DEBUG] uvh_test.counter: track_id: 1663, frame: 143873, previous_bottom_center: (1288.7076416015625, 374.17288), current_bottom_center: (1290.948974609375, 373.5424), previous_side: -0.98, current_side: 1.00, side_transition: True, crossing_result: True, direction: A_TO_B
2026-08-29 10:57:36 [DEBUG] uvh_test.main: frame=143873 COUNTED track_id=1663 class=Two-wheeler
2026-08-29 10:57:49 [DEBUG] uvh_test.counter: track_id: 1664, frame: 144279, previous_bottom_center: (1234.747802734375, 338.41245), current_bottom_center: (1262.5067138671875, 334.4535), previous_side: -11.40, current_side: 10.36, side_transition: True, crossing_result: True, direction: A_TO_B
2026-08-29 10:57:49 [DEBUG] uvh_test.main: frame=144279 COUNTED track_id=1664 class=Two-wheeler
2026-08-29 10:57:51 [DEBUG] uvh_test.counter: track_id: 1667, frame: 144331, previous_bottom_center: (1370.95751953125, 455.9878), current_bottom_center: (1417.08740234375, 444.40222), previous_side: -5.14, current_side: 34.70, side_transition: True, crossing_result: True, direction: A_TO_B
2026-08-29 10:57:51 [DEBUG] uvh_test.main: frame=144331 COUNTED track_id=1667 class=SUV
2026-08-29 10:58:56 [DEBUG] uvh_test.counter: track_id: 1669, frame: 146444, previous_bottom_center: (1235.8740234375, 325.03857), current_bottom_center: (1239.56884765625, 325.03278), previous_side: -0.82, current_side: 1.69, side_transition: True, crossing_result: True, direction: A_TO_B
2026-08-29 10:58:56 [DEBUG] uvh_test.main: frame=146444 COUNTED track_id=1669 class=Two-wheeler
2026-08-29 10:58:56 [DEBUG] uvh_test.counter: track_id: 1671, frame: 146459, previous_bottom_center: (1280.9609375, 396.45383), current_bottom_center: (1329.09228515625, 386.49933), previous_side: -22.60, current_side: 17.41, side_transition: True, crossing_result: True, direction: A_TO_B
2026-08-29 10:58:56 [INFO] uvh_test.counter: SAFETY NET REJECTION: Rejecting tid=1671 as duplicate of class Two-wheeler, prev_tid=1669, dist=108.6px, thresh=150.0px, bbox_size=158.7x153.2
2026-08-29 10:59:02 [DEBUG] uvh_test.counter: track_id: 1672, frame: 146627, previous_bottom_center: (1268.20947265625, 364.64624), current_bottom_center: (1287.5390625, 361.80725), previous_side: -7.92, current_side: 7.30, side_transition: True, crossing_result: True, direction: A_TO_B
2026-08-29 10:59:02 [DEBUG] uvh_test.main: frame=146627 COUNTED track_id=1672 class=Two-wheeler
2026-08-29 10:59:16 [DEBUG] uvh_test.counter: track_id: 1674, frame: 147029, previous_bottom_center: (1526.8050537109375, 598.5161), current_bottom_center: (1532.317138671875, 595.9975), previous_side: -3.84, current_side: 1.75, side_transition: True, crossing_result: True, direction: A_TO_B
2026-08-29 10:59:16 [DEBUG] uvh_test.main: frame=147029 COUNTED track_id=1674 class=Two-wheeler
2026-08-29 10:59:29 [DEBUG] uvh_test.counter: track_id: 1680, frame: 147391, previous_bottom_center: (1466.732666015625, 550.49255), current_bottom_center: (1447.51220703125, 486.86566), previous_side: -9.41, current_side: 24.22, side_transition: True, crossing_result: True, direction: A_TO_B
2026-08-29 10:59:29 [DEBUG] uvh_test.main: frame=147391 COUNTED track_id=1680 class=Sedan
2026-08-29 10:59:29 [DEBUG] uvh_test.counter: track_id: 1681, frame: 147408, previous_bottom_center: (1277.68359375, 368.7899), current_bottom_center: (1286.68798828125, 366.92), previous_side: -4.52, current_side: 2.97, side_transition: True, crossing_result: True, direction: A_TO_B
2026-08-29 10:59:29 [DEBUG] uvh_test.main: frame=147408 COUNTED track_id=1681 class=Two-wheeler
2026-08-29 10:59:35 [DEBUG] uvh_test.counter: track_id: 1679, frame: 147548, previous_bottom_center: (1247.1611328125, 337.17654), current_bottom_center: (1251.352783203125, 336.6239), previous_side: -2.06, current_side: 1.19, side_transition: True, crossing_result: True, direction: A_TO_B
2026-08-29 10:59:35 [INFO] uvh_test.counter: SAFETY NET REJECTION: Rejecting tid=1679 as duplicate of class Two-wheeler, prev_tid=1681, dist=46.5px, thresh=150.0px, bbox_size=136.3x107.0
2026-08-29 10:59:45 [DEBUG] uvh_test.counter: track_id: 1685, frame: 147811, previous_bottom_center: (1272.003662109375, 378.9152), current_bottom_center: (1295.442138671875, 373.6519), previous_side: -15.81, current_side: 3.97, side_transition: True, crossing_result: True, direction: A_TO_B
2026-08-29 10:59:45 [DEBUG] uvh_test.main: frame=147811 COUNTED track_id=1685 class=Two-wheeler
2026-08-29 11:00:04 [DEBUG] uvh_test.counter: track_id: 1687, frame: 148380, previous_bottom_center: (1249.340087890625, 347.15286), current_bottom_center: (1259.9539794921875, 345.54828), previous_side: -7.90, current_side: 0.49, side_transition: True, crossing_result: True, direction: A_TO_B
2026-08-29 11:00:04 [DEBUG] uvh_test.main: frame=148380 COUNTED track_id=1687 class=Two-wheeler
2026-08-29 11:00:08 [DEBUG] uvh_test.counter: track_id: 1696, frame: 148479, previous_bottom_center: (1419.06982421875, 548.21954), current_bottom_center: (1450.1510009765625, 516.8429), previous_side: -40.13, current_side: 4.01, side_transition: True, crossing_result: True, direction: A_TO_B
2026-08-29 11:00:08 [DEBUG] uvh_test.main: frame=148479 COUNTED track_id=1696 class=LCV
2026-08-29 11:00:09 [DEBUG] uvh_test.counter: track_id: 1697, frame: 148483, previous_bottom_center: (1509.072509765625, 551.6494), current_bottom_center: (1473.091552734375, 551.68243), previous_side: 18.50, current_side: -5.97, side_transition: True, crossing_result: True, direction: B_TO_A
2026-08-29 11:00:09 [DEBUG] uvh_test.main: frame=148483 COUNTED track_id=1697 class=LCV
2026-08-29 11:00:09 [DEBUG] uvh_test.counter: track_id: 1693, frame: 148487, previous_bottom_center: (1516.39697265625, 599.4023), current_bottom_center: (1548.3994140625, 567.69995), previous_side: -11.56, current_side: 33.44, side_transition: True, crossing_result: True, direction: A_TO_B
2026-08-29 11:00:09 [INFO] uvh_test.counter: SAFETY NET REJECTION: Rejecting tid=1693 as duplicate of class LCV, prev_tid=1696, dist=110.6px, thresh=150.0px, bbox_size=458.9x384.3
2026-08-29 11:00:18 [DEBUG] uvh_test.counter: track_id: 1702, frame: 148729, previous_bottom_center: (1334.7615966796875, 417.31738), current_bottom_center: (1338.3177490234375, 416.62354), previous_side: -1.35, current_side: 1.57, side_transition: True, crossing_result: True, direction: A_TO_B
2026-08-29 11:00:18 [DEBUG] uvh_test.main: frame=148729 COUNTED track_id=1702 class=Two-wheeler
2026-08-29 11:00:33 [DEBUG] uvh_test.counter: track_id: 1710, frame: 149167, previous_bottom_center: (1385.5606689453125, 498.33505), current_bottom_center: (1420.4677734375, 485.1894), previous_side: -26.29, current_side: 7.07, side_transition: True, crossing_result: True, direction: A_TO_B
2026-08-29 11:00:33 [DEBUG] uvh_test.main: frame=149167 COUNTED track_id=1710 class=Two-wheeler
2026-08-29 11:00:35 [DEBUG] uvh_test.counter: track_id: 1712, frame: 149231, previous_bottom_center: (1252.137451171875, 343.5215), current_bottom_center: (1261.6009521484375, 341.95712), previous_side: -3.34, current_side: 4.24, side_transition: True, crossing_result: True, direction: A_TO_B
2026-08-29 11:00:35 [DEBUG] uvh_test.main: frame=149231 COUNTED track_id=1712 class=SUV
2026-08-29 11:00:36 [DEBUG] uvh_test.counter: track_id: 1707, frame: 149259, previous_bottom_center: (1348.73291015625, 454.1071), current_bottom_center: (1397.669189453125, 440.8684), previous_side: -18.86, current_side: 24.10, side_transition: True, crossing_result: True, direction: A_TO_B
2026-08-29 11:00:36 [INFO] uvh_test.counter: SAFETY NET REJECTION: Rejecting tid=1707 as duplicate of class Two-wheeler, prev_tid=1710, dist=49.8px, thresh=150.0px, bbox_size=169.7x162.5
2026-08-29 11:00:38 [DEBUG] uvh_test.counter: track_id: 1720, frame: 149302, previous_bottom_center: (1315.1622314453125, 406.95203), current_bottom_center: (1337.2921142578125, 401.73914), previous_side: -7.06, current_side: 11.80, side_transition: True, crossing_result: True, direction: A_TO_B
2026-08-29 11:00:38 [INFO] uvh_test.counter: SAFETY NET REJECTION: Rejecting tid=1720 as duplicate of class SUV, prev_tid=1712, dist=96.5px, thresh=150.0px, bbox_size=255.4x175.3
2026-08-29 11:00:46 [DEBUG] uvh_test.counter: track_id: 1722, frame: 149520, previous_bottom_center: (1266.9603271484375, 364.95367), current_bottom_center: (1281.2216796875, 362.8495), previous_side: -8.99, current_side: 2.24, side_transition: True, crossing_result: True, direction: A_TO_B
2026-08-29 11:00:46 [DEBUG] uvh_test.main: frame=149520 COUNTED track_id=1722 class=Two-wheeler
2026-08-29 11:01:07 [DEBUG] uvh_test.counter: track_id: 1737, frame: 150139, previous_bottom_center: (1365.58349609375, 455.72937), current_bottom_center: (1397.2646484375, 455.75412), previous_side: -8.60, current_side: 12.91, side_transition: True, crossing_result: True, direction: A_TO_B
2026-08-29 11:01:07 [DEBUG] uvh_test.main: frame=150139 COUNTED track_id=1737 class=Bus
2026-08-29 11:01:07 [DEBUG] uvh_test.counter: track_id: 1734, frame: 150140, previous_bottom_center: (1429.006103515625, 520.243), current_bottom_center: (1452.845947265625, 508.27725), previous_side: -12.85, current_side: 12.13, side_transition: True, crossing_result: True, direction: A_TO_B
2026-08-29 11:01:07 [INFO] uvh_test.counter: SAFETY NET REJECTION: Rejecting tid=1734 as duplicate of class Bus, prev_tid=1737, dist=76.5px, thresh=344.2px, bbox_size=458.9x384.6
2026-08-29 11:01:08 [DEBUG] uvh_test.counter: track_id: 1736, frame: 150147, previous_bottom_center: (1273.39794921875, 599.8343), current_bottom_center: (1509.27490234375, 456.06122), previous_side: -176.97, current_side: 88.78, side_transition: True, crossing_result: True, direction: A_TO_B
2026-08-29 11:01:08 [INFO] uvh_test.counter: SAFETY NET REJECTION: Rejecting tid=1736 as duplicate of class Bus, prev_tid=1737, dist=112.0px, thresh=344.2px, bbox_size=459.0x384.4
2026-08-29 11:01:20 [DEBUG] uvh_test.counter: track_id: 1742, frame: 150487, previous_bottom_center: (1613.91796875, 692.157), current_bottom_center: (1605.502197265625, 599.0549), previous_side: -13.37, current_side: 49.23, side_transition: True, crossing_result: True, direction: A_TO_B
2026-08-29 11:01:20 [DEBUG] uvh_test.main: frame=150487 COUNTED track_id=1742 class=MUV
2026-08-29 11:01:25 [DEBUG] uvh_test.counter: track_id: 1745, frame: 150627, previous_bottom_center: (1279.738525390625, 364.93027), current_bottom_center: (1301.036376953125, 361.16794), previous_side: -0.29, current_side: 16.94, side_transition: True, crossing_result: True, direction: A_TO_B
2026-08-29 11:01:25 [DEBUG] uvh_test.main: frame=150627 COUNTED track_id=1745 class=Two-wheeler
2026-08-29 11:01:33 [DEBUG] uvh_test.counter: track_id: 1756, frame: 150847, previous_bottom_center: (1286.6160888671875, 373.93237), current_bottom_center: (1300.757568359375, 370.48944), previous_side: -2.23, current_side: 9.91, side_transition: True, crossing_result: True, direction: A_TO_B
2026-08-29 11:01:33 [DEBUG] uvh_test.main: frame=150847 COUNTED track_id=1756 class=Truck
2026-08-29 11:01:42 [DEBUG] uvh_test.counter: track_id: 1758, frame: 151086, previous_bottom_center: (1268.582275390625, 366.05017), current_bottom_center: (1286.4775390625, 363.06342), previous_side: -8.70, current_side: 5.65, side_transition: True, crossing_result: True, direction: A_TO_B
2026-08-29 11:01:42 [DEBUG] uvh_test.main: frame=151086 COUNTED track_id=1758 class=Two-wheeler
2026-08-29 11:01:56 [DEBUG] uvh_test.counter: track_id: 1763, frame: 151479, previous_bottom_center: (1416.927001953125, 598.6893), current_bottom_center: (1424.521728515625, 465.9843), previous_side: -78.62, current_side: 23.92, side_transition: True, crossing_result: True, direction: A_TO_B
2026-08-29 11:01:56 [DEBUG] uvh_test.main: frame=151479 COUNTED track_id=1763 class=Sedan
2026-08-29 11:01:59 [DEBUG] uvh_test.counter: track_id: 1768, frame: 151559, previous_bottom_center: (1295.28662109375, 399.31036), current_bottom_center: (1317.410400390625, 394.87744), previous_side: -14.96, current_side: 3.32, side_transition: True, crossing_result: True, direction: A_TO_B
2026-08-29 11:01:59 [DEBUG] uvh_test.main: frame=151559 COUNTED track_id=1768 class=Two-wheeler
2026-08-29 11:02:01 [DEBUG] uvh_test.counter: track_id: 1772, frame: 151619, previous_bottom_center: (1327.68115234375, 443.2035), current_bottom_center: (1364.172119140625, 434.327), previous_side: -25.16, current_side: 6.15, side_transition: True, crossing_result: True, direction: A_TO_B
2026-08-29 11:02:01 [INFO] uvh_test.counter: SAFETY NET REJECTION: Rejecting tid=1772 as duplicate of class Two-wheeler, prev_tid=1768, dist=61.2px, thresh=150.0px, bbox_size=197.0x169.1
2026-08-29 11:02:05 [DEBUG] uvh_test.counter: track_id: 1780, frame: 151715, previous_bottom_center: (1247.552734375, 373.38672), current_bottom_center: (1283.111572265625, 365.5478), previous_side: -28.37, current_side: 1.54, side_transition: True, crossing_result: True, direction: A_TO_B
2026-08-29 11:02:05 [DEBUG] uvh_test.main: frame=151715 COUNTED track_id=1780 class=Two-wheeler
2026-08-29 11:02:05 [DEBUG] uvh_test.counter: track_id: 1777, frame: 151719, previous_bottom_center: (1372.28564453125, 472.80167), current_bottom_center: (1399.8515625, 464.5765), previous_side: -16.57, current_side: 8.19, side_transition: True, crossing_result: True, direction: A_TO_B
2026-08-29 11:02:05 [DEBUG] uvh_test.main: frame=151719 COUNTED track_id=1777 class=Two-wheeler
2026-08-29 11:02:29 [DEBUG] uvh_test.counter: track_id: 1785, frame: 152439, previous_bottom_center: (1311.849609375, 396.09082), current_bottom_center: (1351.851806640625, 387.56595), previous_side: -1.34, current_side: 32.09, side_transition: True, crossing_result: True, direction: A_TO_B
2026-08-29 11:02:29 [DEBUG] uvh_test.main: frame=152439 COUNTED track_id=1785 class=Two-wheeler
2026-08-29 11:02:52 [DEBUG] uvh_test.counter: track_id: 1788, frame: 153123, previous_bottom_center: (1253.6376953125, 350.37424), current_bottom_center: (1267.018798828125, 348.75586), previous_side: -7.35, current_side: 2.93, side_transition: True, crossing_result: True, direction: A_TO_B
2026-08-29 11:02:52 [DEBUG] uvh_test.main: frame=153123 COUNTED track_id=1788 class=Two-wheeler
2026-08-29 11:03:02 [DEBUG] uvh_test.counter: track_id: 1791, frame: 153443, previous_bottom_center: (1352.39697265625, 466.7501), current_bottom_center: (1383.619873046875, 456.47287), previous_side: -25.64, current_side: 3.11, side_transition: True, crossing_result: True, direction: A_TO_B
2026-08-29 11:03:02 [DEBUG] uvh_test.main: frame=153443 COUNTED track_id=1791 class=Sedan
2026-08-29 11:03:12 [DEBUG] uvh_test.counter: track_id: 1796, frame: 153723, previous_bottom_center: (1273.4805908203125, 365.25848), current_bottom_center: (1288.5228271484375, 362.46423), previous_side: -4.79, current_side: 7.48, side_transition: True, crossing_result: True, direction: A_TO_B
2026-08-29 11:03:12 [DEBUG] uvh_test.main: frame=153723 COUNTED track_id=1796 class=Three-wheeler
2026-08-29 11:03:14 [DEBUG] uvh_test.counter: track_id: 1804, frame: 153779, previous_bottom_center: (1539.17724609375, 627.3024), current_bottom_center: (1571.6461181640625, 607.5164), previous_side: -16.56, current_side: 20.02, side_transition: True, crossing_result: True, direction: A_TO_B
2026-08-29 11:03:14 [DEBUG] uvh_test.main: frame=153779 COUNTED track_id=1804 class=Two-wheeler
2026-08-29 11:03:23 [DEBUG] uvh_test.counter: track_id: 1807, frame: 154055, previous_bottom_center: (1280.843994140625, 393.42047), current_bottom_center: (1321.498046875, 384.07764), previous_side: -20.45, current_side: 14.03, side_transition: True, crossing_result: True, direction: A_TO_B
2026-08-29 11:03:23 [DEBUG] uvh_test.main: frame=154055 COUNTED track_id=1807 class=MUV
2026-08-29 11:03:49 [DEBUG] uvh_test.counter: track_id: 1810, frame: 154815, previous_bottom_center: (1266.68212890625, 360.3614), current_bottom_center: (1313.8331298828125, 352.34518), previous_side: -5.81, current_side: 32.10, side_transition: True, crossing_result: True, direction: A_TO_B
2026-08-29 11:03:49 [DEBUG] uvh_test.main: frame=154815 COUNTED track_id=1810 class=Two-wheeler
2026-08-29 11:03:51 [DEBUG] uvh_test.counter: track_id: 1818, frame: 154875, previous_bottom_center: (1364.25244140625, 506.68066), current_bottom_center: (1445.605224609375, 477.97565), previous_side: -46.89, current_side: 29.44, side_transition: True, crossing_result: True, direction: A_TO_B
2026-08-29 11:03:51 [DEBUG] uvh_test.main: frame=154875 COUNTED track_id=1818 class=Two-wheeler
2026-08-29 11:04:03 [DEBUG] uvh_test.counter: track_id: 1825, frame: 155220, previous_bottom_center: (1429.5926513671875, 541.915), current_bottom_center: (1432.8974609375, 498.9821), previous_side: -28.35, current_side: 5.40, side_transition: True, crossing_result: True, direction: A_TO_B
2026-08-29 11:04:03 [DEBUG] uvh_test.main: frame=155220 COUNTED track_id=1825 class=SUV
2026-08-29 11:04:03 [DEBUG] uvh_test.counter: track_id: 1827, frame: 155224, previous_bottom_center: (1495.11328125, 568.01215), current_bottom_center: (1542.52587890625, 556.00977), previous_side: -2.99, current_side: 38.03, side_transition: True, crossing_result: True, direction: A_TO_B
2026-08-29 11:04:03 [INFO] uvh_test.counter: SAFETY NET REJECTION: Rejecting tid=1827 as duplicate of class SUV, prev_tid=1825, dist=123.6px, thresh=150.0px, bbox_size=458.9x384.3
2026-08-29 11:04:04 [DEBUG] uvh_test.counter: track_id: 1826, frame: 155227, previous_bottom_center: (1513.400146484375, 598.96014), current_bottom_center: (1544.61767578125, 599.05347), previous_side: -13.27, current_side: 7.87, side_transition: True, crossing_result: True, direction: A_TO_B
2026-08-29 11:04:04 [INFO] uvh_test.counter: SAFETY NET REJECTION: Rejecting tid=1826 as duplicate of class SUV, prev_tid=1825, dist=150.0px, thresh=150.0px, bbox_size=459.0x384.3
2026-08-29 11:04:30 [DEBUG] uvh_test.counter: track_id: 1834, frame: 156067, previous_bottom_center: (1468.90283203125, 596.0146), current_bottom_center: (1533.1661376953125, 595.88464), previous_side: -41.34, current_side: 2.41, side_transition: True, crossing_result: True, direction: A_TO_B
2026-08-29 11:04:30 [DEBUG] uvh_test.main: frame=156067 COUNTED track_id=1834 class=Sedan
2026-08-29 11:04:30 [DEBUG] uvh_test.counter: track_id: 1836, frame: 156068, previous_bottom_center: (1492.949951171875, 593.0252), current_bottom_center: (1500.71923828125, 551.20087), previous_side: -22.81, current_side: 13.16, side_transition: True, crossing_result: True, direction: A_TO_B
2026-08-29 11:04:30 [INFO] uvh_test.counter: SAFETY NET REJECTION: Rejecting tid=1836 as duplicate of class Sedan, prev_tid=1834, dist=55.2px, thresh=150.0px, bbox_size=322.7x257.6
2026-08-29 11:04:35 [DEBUG] uvh_test.counter: track_id: 1833, frame: 156180, previous_bottom_center: (1350.28076171875, 440.30743), current_bottom_center: (1362.056640625, 416.4051), previous_side: -7.68, current_side: 17.86, side_transition: True, crossing_result: True, direction: A_TO_B
2026-08-29 11:04:35 [DEBUG] uvh_test.main: frame=156180 COUNTED track_id=1833 class=Bus
2026-08-29 11:04:36 [DEBUG] uvh_test.counter: track_id: 1840, frame: 156187, previous_bottom_center: (1270.464111328125, 404.9101), current_bottom_center: (1333.767333984375, 405.1109), previous_side: -35.93, current_side: 6.93, side_transition: True, crossing_result: True, direction: A_TO_B
2026-08-29 11:04:36 [INFO] uvh_test.counter: SAFETY NET REJECTION: Rejecting tid=1840 as duplicate of class Bus, prev_tid=1833, dist=30.5px, thresh=344.2px, bbox_size=458.9x384.6
2026-08-29 11:04:37 [DEBUG] uvh_test.counter: track_id: 1842, frame: 156223, previous_bottom_center: (1317.517578125, 455.9415), current_bottom_center: (1460.542236328125, 408.10562), previous_side: -41.41, current_side: 90.86, side_transition: True, crossing_result: True, direction: A_TO_B
2026-08-29 11:04:37 [INFO] uvh_test.counter: SAFETY NET REJECTION: Rejecting tid=1842 as duplicate of class Bus, prev_tid=1833, dist=98.8px, thresh=344.1px, bbox_size=458.9x384.5
2026-08-29 11:04:41 [DEBUG] uvh_test.counter: track_id: 1848, frame: 156315, previous_bottom_center: (1609.9857177734375, 692.247), current_bottom_center: (1609.489013671875, 661.0725), previous_side: -16.11, current_side: 6.43, side_transition: True, crossing_result: True, direction: A_TO_B
2026-08-29 11:04:41 [DEBUG] uvh_test.counter: track_id: 1851, frame: 156315, previous_bottom_center: (1660.61083984375, 743.36664), current_bottom_center: (1688.014892578125, 711.5851), previous_side: -19.22, current_side: 22.72, side_transition: True, crossing_result: True, direction: A_TO_B
2026-08-29 11:04:41 [INFO] uvh_test.counter: SAFETY NET REJECTION: Rejecting tid=1851 as duplicate of class tempo-traveller, prev_tid=1848, dist=93.4px, thresh=300.0px, bbox_size=457.9x384.3
2026-08-29 11:04:41 [DEBUG] uvh_test.main: frame=156315 COUNTED track_id=1848 class=tempo-traveller
2026-08-29 11:04:41 [DEBUG] uvh_test.counter: track_id: 1852, frame: 156319, previous_bottom_center: (1558.385009765625, 645.09564), current_bottom_center: (1589.97998046875, 644.23047), previous_side: -16.56, current_side: 5.54, side_transition: True, crossing_result: True, direction: A_TO_B
2026-08-29 11:04:41 [INFO] uvh_test.counter: SAFETY NET REJECTION: Rejecting tid=1852 as duplicate of class tempo-traveller, prev_tid=1848, dist=25.8px, thresh=300.0px, bbox_size=459.5x384.9
2026-08-29 11:04:42 [DEBUG] uvh_test.counter: track_id: 1853, frame: 156347, previous_bottom_center: (1308.457763671875, 407.18597), current_bottom_center: (1340.07373046875, 401.12277), previous_side: -11.79, current_side: 14.14, side_transition: True, crossing_result: True, direction: A_TO_B
2026-08-29 11:04:42 [DEBUG] uvh_test.main: frame=156347 COUNTED track_id=1853 class=Two-wheeler
2026-08-29 11:04:47 [DEBUG] uvh_test.counter: track_id: 1846, frame: 156455, previous_bottom_center: (1296.0439453125, 407.29178), current_bottom_center: (1336.753173828125, 398.13812), previous_side: -20.30, current_side: 14.07, side_transition: True, crossing_result: True, direction: A_TO_B
2026-08-29 11:04:47 [INFO] uvh_test.counter: SAFETY NET REJECTION: Rejecting tid=1846 as duplicate of class Two-wheeler, prev_tid=1853, dist=4.5px, thresh=150.0px, bbox_size=174.4x157.4
2026-08-29 11:05:00 [DEBUG] uvh_test.counter: track_id: 1856, frame: 156835, previous_bottom_center: (1272.9425048828125, 395.2775), current_bottom_center: (1330.0306396484375, 382.9427), previous_side: -27.18, current_side: 20.66, side_transition: True, crossing_result: True, direction: A_TO_B
2026-08-29 11:05:00 [DEBUG] uvh_test.main: frame=156835 COUNTED track_id=1856 class=Two-wheeler
2026-08-29 11:05:34 [DEBUG] uvh_test.counter: track_id: 1859, frame: 157907, previous_bottom_center: (1281.08837890625, 394.37366), current_bottom_center: (1309.8671875, 388.48874), previous_side: -20.98, current_side: 2.89, side_transition: True, crossing_result: True, direction: A_TO_B
2026-08-29 11:05:34 [DEBUG] uvh_test.main: frame=157907 COUNTED track_id=1859 class=Two-wheeler
2026-08-29 11:05:47 [INFO] uvh_test.counter: SAFETY NET MERGE: Merging current tid=1864 into lost_tid=1864, dist=78.1px
2026-08-29 11:05:47 [DEBUG] uvh_test.main: frame=158276 COUNTED track_id=1864 class=Two-wheeler
2026-08-29 11:05:53 [DEBUG] uvh_test.counter: track_id: 1866, frame: 158461, previous_bottom_center: (1269.95458984375, 356.50797), current_bottom_center: (1272.935546875, 356.0143), previous_side: -0.76, current_side: 1.63, side_transition: True, crossing_result: True, direction: A_TO_B
2026-08-29 11:05:53 [DEBUG] uvh_test.main: frame=158461 COUNTED track_id=1866 class=Two-wheeler
2026-08-29 11:06:10 [DEBUG] uvh_test.counter: track_id: 1871, frame: 158995, previous_bottom_center: (1290.630615234375, 394.71426), current_bottom_center: (1349.2733154296875, 382.71216), previous_side: -14.75, current_side: 33.90, side_transition: True, crossing_result: True, direction: A_TO_B
2026-08-29 11:06:10 [DEBUG] uvh_test.main: frame=158995 COUNTED track_id=1871 class=Two-wheeler
2026-08-29 11:06:45 [DEBUG] uvh_test.counter: track_id: 1876, frame: 160067, previous_bottom_center: (1284.984375, 381.85553), current_bottom_center: (1314.09423828125, 375.48297), previous_side: -9.15, current_side: 15.30, side_transition: True, crossing_result: True, direction: A_TO_B
2026-08-29 11:06:45 [DEBUG] uvh_test.main: frame=160067 COUNTED track_id=1876 class=Two-wheeler
2026-08-29 11:07:22 [DEBUG] uvh_test.counter: track_id: 1877, frame: 161208, previous_bottom_center: (1256.592041015625, 347.01788), current_bottom_center: (1261.0498046875, 346.44333), previous_side: -2.88, current_side: 0.57, side_transition: True, crossing_result: True, direction: A_TO_B
2026-08-29 11:07:22 [DEBUG] uvh_test.main: frame=161208 COUNTED track_id=1877 class=Two-wheeler
2026-08-29 11:07:30 [DEBUG] uvh_test.counter: track_id: 1884, frame: 161423, previous_bottom_center: (1342.124755859375, 432.11536), current_bottom_center: (1373.07177734375, 424.37866), previous_side: -7.21, current_side: 19.49, side_transition: True, crossing_result: True, direction: A_TO_B
2026-08-29 11:07:30 [DEBUG] uvh_test.main: frame=161423 COUNTED track_id=1884 class=Two-wheeler
2026-08-29 11:07:30 [DEBUG] uvh_test.counter: track_id: 1879, frame: 161439, previous_bottom_center: (1279.8017578125, 381.21127), current_bottom_center: (1299.2860107421875, 376.4271), previous_side: -12.20, current_side: 4.55, side_transition: True, crossing_result: True, direction: A_TO_B
2026-08-29 11:07:30 [INFO] uvh_test.counter: SAFETY NET REJECTION: Rejecting tid=1879 as duplicate of class Two-wheeler, prev_tid=1884, dist=88.0px, thresh=150.0px, bbox_size=157.7x144.2
2026-08-29 11:08:01 [DEBUG] uvh_test.counter: track_id: 1888, frame: 162423, previous_bottom_center: (1561.089599609375, 643.8269), current_bottom_center: (1560.9346923828125, 611.2516), previous_side: -13.80, current_side: 10.00, side_transition: True, crossing_result: True, direction: A_TO_B
2026-08-29 11:08:01 [DEBUG] uvh_test.main: frame=162423 COUNTED track_id=1888 class=MUV
2026-08-29 11:08:03 [DEBUG] uvh_test.counter: track_id: 1890, frame: 162459, previous_bottom_center: (1296.0487060546875, 382.04724), current_bottom_center: (1339.1282958984375, 373.25537), previous_side: -1.77, current_side: 33.95, side_transition: True, crossing_result: True, direction: A_TO_B
2026-08-29 11:08:03 [DEBUG] uvh_test.main: frame=162459 COUNTED track_id=1890 class=Two-wheeler
2026-08-29 11:08:29 [DEBUG] uvh_test.counter: track_id: 1895, frame: 163263, previous_bottom_center: (1286.8330078125, 382.73105), current_bottom_center: (1310.7490234375, 378.08948), previous_side: -8.54, current_side: 11.12, side_transition: True, crossing_result: True, direction: A_TO_B
2026-08-29 11:08:29 [DEBUG] uvh_test.main: frame=163263 COUNTED track_id=1895 class=Two-wheeler
2026-08-29 11:08:32 [DEBUG] uvh_test.counter: track_id: 1894, frame: 163335, previous_bottom_center: (1332.402587890625, 320.67276), current_bottom_center: (1216.000244140625, 338.69788), previous_side: 67.96, current_side: -24.35, side_transition: True, crossing_result: True, direction: B_TO_A
2026-08-29 11:08:32 [DEBUG] uvh_test.main: frame=163335 COUNTED track_id=1894 class=Two-wheeler
2026-08-29 11:08:38 [DEBUG] uvh_test.counter: track_id: 1901, frame: 163475, previous_bottom_center: (1244.8402099609375, 375.1202), current_bottom_center: (1296.59033203125, 365.70193), previous_side: -31.48, current_side: 10.59, side_transition: True, crossing_result: True, direction: A_TO_B
2026-08-29 11:08:38 [DEBUG] uvh_test.main: frame=163475 COUNTED track_id=1901 class=Two-wheeler
2026-08-29 11:08:44 [DEBUG] uvh_test.counter: track_id: 1905, frame: 163645, previous_bottom_center: (1322.52001953125, 406.1882), current_bottom_center: (1325.5433349609375, 405.52332), previous_side: -1.50, current_side: 1.04, side_transition: True, crossing_result: True, direction: A_TO_B
2026-08-29 11:08:44 [DEBUG] uvh_test.main: frame=163645 COUNTED track_id=1905 class=LCV
2026-08-29 11:08:47 [DEBUG] uvh_test.counter: track_id: 1909, frame: 163707, previous_bottom_center: (1251.9302978515625, 367.77017), current_bottom_center: (1280.5692138671875, 362.15744), previous_side: -21.27, current_side: 2.30, side_transition: True, crossing_result: True, direction: A_TO_B
2026-08-29 11:08:47 [DEBUG] uvh_test.main: frame=163707 COUNTED track_id=1909 class=Two-wheeler
2026-08-29 11:08:53 [DEBUG] uvh_test.counter: track_id: 1912, frame: 163879, previous_bottom_center: (1254.9451904296875, 366.9255), current_bottom_center: (1280.5147705078125, 362.5267), previous_side: -18.60, current_side: 2.00, side_transition: True, crossing_result: True, direction: A_TO_B
2026-08-29 11:08:53 [DEBUG] uvh_test.main: frame=163879 COUNTED track_id=1912 class=Two-wheeler
2026-08-29 11:09:08 [DEBUG] uvh_test.counter: track_id: 1913, frame: 164299, previous_bottom_center: (1239.7197265625, 346.76715), current_bottom_center: (1258.433349609375, 344.3487), previous_side: -14.16, current_side: 0.33, side_transition: True, crossing_result: True, direction: A_TO_B
2026-08-29 11:09:08 [DEBUG] uvh_test.main: frame=164299 COUNTED track_id=1913 class=Two-wheeler
2026-08-29 11:09:38 [DEBUG] uvh_test.counter: track_id: 1922, frame: 165219, previous_bottom_center: (1509.07470703125, 599.64935), current_bottom_center: (1509.088623046875, 562.3304), previous_side: -16.72, current_side: 10.68, side_transition: True, crossing_result: True, direction: A_TO_B
2026-08-29 11:09:38 [DEBUG] uvh_test.main: frame=165219 COUNTED track_id=1922 class=SUV
2026-08-29 11:09:38 [DEBUG] uvh_test.counter: track_id: 1920, frame: 165224, previous_bottom_center: (1570.6246337890625, 646.5633), current_bottom_center: (1601.243408203125, 614.95215), previous_side: -9.33, current_side: 34.67, side_transition: True, crossing_result: True, direction: A_TO_B
2026-08-29 11:09:38 [INFO] uvh_test.counter: SAFETY NET REJECTION: Rejecting tid=1920 as duplicate of class SUV, prev_tid=1922, dist=106.1px, thresh=150.0px, bbox_size=458.8x384.3
2026-08-29 11:09:41 [DEBUG] uvh_test.counter: track_id: 1923, frame: 165316, previous_bottom_center: (1233.1630859375, 355.9549), current_bottom_center: (1268.7216796875, 349.12732), previous_side: -25.35, current_side: 3.82, side_transition: True, crossing_result: True, direction: A_TO_B
2026-08-29 11:09:41 [DEBUG] uvh_test.main: frame=165316 COUNTED track_id=1923 class=Two-wheeler
2026-08-29 11:09:51 [DEBUG] uvh_test.counter: track_id: 1930, frame: 165568, previous_bottom_center: (1261.298095703125, 350.2182), current_bottom_center: (1265.6676025390625, 349.4182), previous_side: -2.03, current_side: 1.53, side_transition: True, crossing_result: True, direction: A_TO_B
2026-08-29 11:09:51 [DEBUG] uvh_test.main: frame=165568 COUNTED track_id=1930 class=Truck
2026-08-29 11:10:51 [DEBUG] uvh_test.counter: track_id: 1934, frame: 167439, previous_bottom_center: (1416.504638671875, 502.7892), current_bottom_center: (1448.97705078125, 502.88242), previous_side: -8.53, current_side: 13.46, side_transition: True, crossing_result: True, direction: A_TO_B
2026-08-29 11:10:51 [DEBUG] uvh_test.counter: track_id: 1932, frame: 167439, previous_bottom_center: (1465.0330810546875, 553.0056), current_bottom_center: (1496.850341796875, 553.3995), previous_side: -12.41, current_side: 8.91, side_transition: True, crossing_result: True, direction: A_TO_B
2026-08-29 11:10:51 [INFO] uvh_test.counter: SAFETY NET REJECTION: Rejecting tid=1932 as duplicate of class Bus, prev_tid=1934, dist=69.6px, thresh=344.1px, bbox_size=458.8x384.3
2026-08-29 11:10:51 [DEBUG] uvh_test.main: frame=167439 COUNTED track_id=1934 class=Bus
2026-08-29 11:11:23 [DEBUG] uvh_test.counter: track_id: 1942, frame: 168396, previous_bottom_center: (1268.2918701171875, 368.80304), current_bottom_center: (1286.92236328125, 364.73477), previous_side: -10.91, current_side: 4.73, side_transition: True, crossing_result: True, direction: A_TO_B
2026-08-29 11:11:23 [DEBUG] uvh_test.main: frame=168396 COUNTED track_id=1942 class=Two-wheeler
2026-08-29 11:12:03 [DEBUG] uvh_test.counter: track_id: 1945, frame: 169763, previous_bottom_center: (1253.80322265625, 354.49408), current_bottom_center: (1274.712890625, 350.47797), previous_side: -10.26, current_side: 6.90, side_transition: True, crossing_result: True, direction: A_TO_B
2026-08-29 11:12:03 [DEBUG] uvh_test.main: frame=169763 COUNTED track_id=1945 class=Two-wheeler
2026-08-29 11:12:30 [DEBUG] uvh_test.counter: track_id: 1948, frame: 170675, previous_bottom_center: (1262.860595703125, 388.99133), current_bottom_center: (1318.21826171875, 378.2177), previous_side: -29.42, current_side: 16.10, side_transition: True, crossing_result: True, direction: A_TO_B
2026-08-29 11:12:30 [DEBUG] uvh_test.main: frame=170675 COUNTED track_id=1948 class=Two-wheeler
2026-08-29 11:12:31 [DEBUG] uvh_test.counter: track_id: 1951, frame: 170707, previous_bottom_center: (1344.121826171875, 425.31964), current_bottom_center: (1375.04345703125, 417.86145), previous_side: -0.87, current_side: 25.61, side_transition: True, crossing_result: True, direction: A_TO_B
2026-08-29 11:12:31 [INFO] uvh_test.counter: SAFETY NET REJECTION: Rejecting tid=1951 as duplicate of class Two-wheeler, prev_tid=1948, dist=69.3px, thresh=150.0px, bbox_size=172.4x154.6
2026-08-29 11:12:44 [DEBUG] uvh_test.counter: track_id: 1956, frame: 171135, previous_bottom_center: (1280.645263671875, 371.0427), current_bottom_center: (1334.9970703125, 361.71298), previous_side: -4.16, current_side: 39.61, side_transition: True, crossing_result: True, direction: A_TO_B
2026-08-29 11:12:44 [DEBUG] uvh_test.main: frame=171135 COUNTED track_id=1956 class=Two-wheeler
2026-08-29 11:13:01 [DEBUG] uvh_test.counter: track_id: 1961, frame: 171703, previous_bottom_center: (1605.090087890625, 695.6851), current_bottom_center: (1641.096923828125, 695.67755), previous_side: -21.95, current_side: 2.51, side_transition: True, crossing_result: True, direction: A_TO_B
2026-08-29 11:13:01 [DEBUG] uvh_test.main: frame=171703 COUNTED track_id=1961 class=Sedan
2026-08-29 11:13:01 [DEBUG] uvh_test.counter: track_id: 1958, frame: 171704, previous_bottom_center: (1686.084716796875, 743.67126), current_bottom_center: (1693.7857666015625, 743.66797), previous_side: -2.14, current_side: 3.10, side_transition: True, crossing_result: True, direction: A_TO_B
2026-08-29 11:13:01 [INFO] uvh_test.counter: SAFETY NET REJECTION: Rejecting tid=1958 as duplicate of class Sedan, prev_tid=1961, dist=71.3px, thresh=150.0px, bbox_size=452.4x384.3
2026-08-29 11:13:01 [DEBUG] uvh_test.counter: track_id: 1960, frame: 171704, previous_bottom_center: (1608.89599609375, 693.1697), current_bottom_center: (1608.506103515625, 657.23865), previous_side: -17.52, current_side: 8.58, side_transition: True, crossing_result: True, direction: A_TO_B
2026-08-29 11:13:01 [INFO] uvh_test.counter: SAFETY NET REJECTION: Rejecting tid=1960 as duplicate of class Sedan, prev_tid=1961, dist=50.4px, thresh=150.0px, bbox_size=459.0x384.3
2026-08-29 11:13:06 [DEBUG] uvh_test.counter: track_id: 1967, frame: 171823, previous_bottom_center: (1465.2188720703125, 551.5525), current_bottom_center: (1446.970703125, 449.98978), previous_side: -11.22, current_side: 50.91, side_transition: True, crossing_result: True, direction: A_TO_B
2026-08-29 11:13:06 [DEBUG] uvh_test.counter: track_id: 1971, frame: 171823, previous_bottom_center: (1416.2896728515625, 505.71915), current_bottom_center: (1447.047607421875, 505.5072), previous_side: -10.83, current_side: 10.22, side_transition: True, crossing_result: True, direction: A_TO_B
2026-08-29 11:13:06 [INFO] uvh_test.counter: SAFETY NET REJECTION: Rejecting tid=1971 as duplicate of class LCV, prev_tid=1967, dist=55.5px, thresh=150.0px, bbox_size=515.3x388.9
2026-08-29 11:13:06 [DEBUG] uvh_test.main: frame=171823 COUNTED track_id=1967 class=LCV
2026-08-29 11:13:47 [DEBUG] uvh_test.counter: track_id: 1972, frame: 173260, previous_bottom_center: (1254.890625, 348.89062), current_bottom_center: (1262.1689453125, 347.25067), previous_side: -5.41, current_side: 0.74, side_transition: True, crossing_result: True, direction: A_TO_B
2026-08-29 11:13:47 [DEBUG] uvh_test.main: frame=173260 COUNTED track_id=1972 class=Two-wheeler
2026-08-29 11:14:06 [DEBUG] uvh_test.counter: track_id: 1973, frame: 173882, previous_bottom_center: (1254.8543701171875, 341.88205), current_bottom_center: (1255.2435302734375, 341.6195), previous_side: -0.29, current_side: 0.17, side_transition: True, crossing_result: True, direction: A_TO_B
2026-08-29 11:14:06 [DEBUG] uvh_test.main: frame=173882 COUNTED track_id=1973 class=Two-wheeler
2026-08-29 11:14:07 [DEBUG] uvh_test.counter: track_id: 1977, frame: 173907, previous_bottom_center: (1367.5362548828125, 450.24826), current_bottom_center: (1396.3388671875, 440.8567), previous_side: -3.25, current_side: 23.21, side_transition: True, crossing_result: True, direction: A_TO_B
2026-08-29 11:14:07 [DEBUG] uvh_test.main: frame=173907 COUNTED track_id=1977 class=MUV
2026-08-29 11:14:29 [DEBUG] uvh_test.counter: track_id: 1987, frame: 174519, previous_bottom_center: (1416.929443359375, 502.7013), current_bottom_center: (1388.9368896484375, 417.68588), previous_side: -8.18, current_side: 35.18, side_transition: True, crossing_result: True, direction: A_TO_B
2026-08-29 11:14:29 [DEBUG] uvh_test.counter: track_id: 1979, frame: 174519, previous_bottom_center: (1367.83740234375, 455.16003), current_bottom_center: (1368.08984375, 423.53345), previous_side: -6.65, current_side: 16.73, side_transition: True, crossing_result: True, direction: A_TO_B
2026-08-29 11:14:29 [INFO] uvh_test.counter: SAFETY NET REJECTION: Rejecting tid=1979 as duplicate of class LCV, prev_tid=1987, dist=21.7px, thresh=150.0px, bbox_size=459.0x384.3
2026-08-29 11:14:29 [DEBUG] uvh_test.main: frame=174519 COUNTED track_id=1987 class=LCV
2026-08-29 11:14:41 [DEBUG] uvh_test.counter: track_id: 1989, frame: 174879, previous_bottom_center: (1259.02685546875, 346.93387), current_bottom_center: (1274.659423828125, 345.0598), previous_side: -1.16, current_side: 10.84, side_transition: True, crossing_result: True, direction: A_TO_B
2026-08-29 11:14:41 [DEBUG] uvh_test.counter: track_id: 1998, frame: 174879, previous_bottom_center: (1582.0589599609375, 645.7035), current_bottom_center: (1611.423095703125, 629.29297), previous_side: -0.93, current_side: 31.06, side_transition: True, crossing_result: True, direction: A_TO_B
2026-08-29 11:14:41 [DEBUG] uvh_test.main: frame=174879 COUNTED track_id=1989 class=Two-wheeler
2026-08-29 11:14:41 [DEBUG] uvh_test.main: frame=174879 COUNTED track_id=1998 class=Two-wheeler
2026-08-29 11:14:42 [DEBUG] uvh_test.counter: track_id: 1991, frame: 174917, previous_bottom_center: (1287.9468994140625, 378.48288), current_bottom_center: (1294.0792236328125, 377.40408), previous_side: -4.66, current_side: 0.30, side_transition: True, crossing_result: True, direction: A_TO_B
2026-08-29 11:14:42 [INFO] uvh_test.counter: SAFETY NET REJECTION: Rejecting tid=1991 as duplicate of class Two-wheeler, prev_tid=1989, dist=37.7px, thresh=150.0px, bbox_size=165.3x136.9
2026-08-29 11:14:45 [DEBUG] uvh_test.counter: track_id: 2005, frame: 174975, previous_bottom_center: (1371.0908203125, 551.6973), current_bottom_center: (1465.68359375, 519.8975), previous_side: -75.28, current_side: 12.32, side_transition: True, crossing_result: True, direction: A_TO_B
2026-08-29 11:14:45 [DEBUG] uvh_test.counter: track_id: 2006, frame: 174975, previous_bottom_center: (1319.6611328125, 503.7767), current_bottom_center: (1415.547119140625, 471.62723), previous_side: -75.05, current_side: 13.68, side_transition: True, crossing_result: True, direction: A_TO_B
2026-08-29 11:14:45 [INFO] uvh_test.counter: SAFETY NET REJECTION: Rejecting tid=2006 as duplicate of class LCV, prev_tid=2005, dist=69.6px, thresh=150.0px, bbox_size=458.9x384.3
2026-08-29 11:14:45 [DEBUG] uvh_test.main: frame=174975 COUNTED track_id=2005 class=LCV
2026-08-29 11:14:45 [DEBUG] uvh_test.counter: track_id: 2004, frame: 174979, previous_bottom_center: (1467.510986328125, 550.1617), current_bottom_center: (1499.04150390625, 549.7742), previous_side: -8.64, current_side: 13.06, side_transition: True, crossing_result: True, direction: A_TO_B
2026-08-29 11:14:45 [INFO] uvh_test.counter: SAFETY NET REJECTION: Rejecting tid=2004 as duplicate of class LCV, prev_tid=2005, dist=44.8px, thresh=150.0px, bbox_size=458.9x384.3
2026-08-29 11:14:45 [DEBUG] uvh_test.counter: track_id: 2007, frame: 174979, previous_bottom_center: (1414.61279296875, 503.75793), current_bottom_center: (1446.2591552734375, 503.7485), previous_side: -10.53, current_side: 10.98, side_transition: True, crossing_result: True, direction: A_TO_B
2026-08-29 11:14:45 [INFO] uvh_test.counter: SAFETY NET REJECTION: Rejecting tid=2007 as duplicate of class LCV, prev_tid=2005, dist=25.3px, thresh=150.0px, bbox_size=459.0x384.3
2026-08-29 11:14:50 [DEBUG] uvh_test.counter: track_id: 2009, frame: 175127, previous_bottom_center: (1297.028564453125, 389.50635), current_bottom_center: (1325.03271484375, 384.412), previous_side: -6.58, current_side: 16.18, side_transition: True, crossing_result: True, direction: A_TO_B
2026-08-29 11:14:50 [DEBUG] uvh_test.main: frame=175127 COUNTED track_id=2009 class=Two-wheeler
2026-08-29 11:14:52 [DEBUG] uvh_test.counter: track_id: 2012, frame: 175188, previous_bottom_center: (1324.42919921875, 414.26642), current_bottom_center: (1335.6553955078125, 411.5436), previous_side: -6.13, current_side: 3.49, side_transition: True, crossing_result: True, direction: A_TO_B
2026-08-29 11:14:52 [INFO] uvh_test.counter: SAFETY NET REJECTION: Rejecting tid=2012 as duplicate of class Two-wheeler, prev_tid=2009, dist=29.1px, thresh=150.0px, bbox_size=177.1x155.4
2026-08-29 11:14:55 [DEBUG] uvh_test.counter: track_id: 2015, frame: 175267, previous_bottom_center: (1574.960205078125, 674.3128), current_bottom_center: (1605.1015625, 656.5505), previous_side: -26.74, current_side: 6.77, side_transition: True, crossing_result: True, direction: A_TO_B
2026-08-29 11:14:55 [DEBUG] uvh_test.main: frame=175267 COUNTED track_id=2015 class=Two-wheeler
2026-08-29 11:15:25 [DEBUG] uvh_test.counter: track_id: 2018, frame: 176307, previous_bottom_center: (1254.63671875, 357.3215), current_bottom_center: (1276.55322265625, 353.11798), previous_side: -11.77, current_side: 6.21, side_transition: True, crossing_result: True, direction: A_TO_B
2026-08-29 11:15:25 [DEBUG] uvh_test.main: frame=176307 COUNTED track_id=2018 class=Two-wheeler
2026-08-29 11:15:52 [DEBUG] uvh_test.counter: track_id: 2021, frame: 177244, previous_bottom_center: (1292.443359375, 381.49893), current_bottom_center: (1302.26708984375, 379.75168), previous_side: -3.82, current_side: 4.14, side_transition: True, crossing_result: True, direction: A_TO_B
2026-08-29 11:15:52 [DEBUG] uvh_test.main: frame=177244 COUNTED track_id=2021 class=Two-wheeler
2026-08-29 11:16:04 [DEBUG] uvh_test.counter: track_id: 2024, frame: 177627, previous_bottom_center: (1295.726806640625, 379.80942), current_bottom_center: (1325.711669921875, 372.95923), previous_side: -0.35, current_side: 25.05, side_transition: True, crossing_result: True, direction: A_TO_B
2026-08-29 11:16:04 [DEBUG] uvh_test.main: frame=177627 COUNTED track_id=2024 class=Two-wheeler
2026-08-29 11:16:10 [DEBUG] uvh_test.counter: track_id: 2028, frame: 177799, previous_bottom_center: (1282.4805908203125, 405.88507), current_bottom_center: (1319.673583984375, 397.17596), previous_side: -28.48, current_side: 3.18, side_transition: True, crossing_result: True, direction: A_TO_B
2026-08-29 11:16:10 [DEBUG] uvh_test.main: frame=177799 COUNTED track_id=2028 class=Two-wheeler
2026-08-29 11:16:13 [DEBUG] uvh_test.counter: track_id: 2033, frame: 177899, previous_bottom_center: (1653.07470703125, 647.66833), current_bottom_center: (1581.119384765625, 647.81464), previous_side: 45.88, current_side: -3.11, side_transition: True, crossing_result: True, direction: B_TO_A
2026-08-29 11:16:13 [DEBUG] uvh_test.counter: track_id: 2034, frame: 177899, previous_bottom_center: (1605.076171875, 695.68115), current_bottom_center: (1641.08837890625, 695.66766), previous_side: -21.96, current_side: 2.51, side_transition: True, crossing_result: True, direction: A_TO_B
2026-08-29 11:16:13 [DEBUG] uvh_test.main: frame=177899 COUNTED track_id=2033 class=MUV
2026-08-29 11:16:13 [DEBUG] uvh_test.main: frame=177899 COUNTED track_id=2034 class=tempo-traveller
2026-08-29 11:16:37 [DEBUG] uvh_test.counter: track_id: 2039, frame: 178717, previous_bottom_center: (1265.5626220703125, 362.83737), current_bottom_center: (1279.408203125, 360.49698), previous_side: -8.39, current_side: 2.73, side_transition: True, crossing_result: True, direction: A_TO_B
2026-08-29 11:16:37 [DEBUG] uvh_test.main: frame=178717 COUNTED track_id=2039 class=Two-wheeler
2026-08-29 11:16:47 [DEBUG] uvh_test.counter: track_id: 2044, frame: 179018, previous_bottom_center: (1277.040283203125, 369.10294), current_bottom_center: (1284.4527587890625, 367.75656), previous_side: -5.19, current_side: 0.83, side_transition: True, crossing_result: True, direction: A_TO_B
2026-08-29 11:16:47 [DEBUG] uvh_test.main: frame=179018 COUNTED track_id=2044 class=Two-wheeler
2026-08-29 11:16:53 [DEBUG] uvh_test.counter: track_id: 2046, frame: 179196, previous_bottom_center: (1414.09716796875, 548.07904), current_bottom_center: (1490.196533203125, 521.9968), previous_side: -43.40, current_side: 27.44, side_transition: True, crossing_result: True, direction: A_TO_B
2026-08-29 11:16:53 [DEBUG] uvh_test.main: frame=179196 COUNTED track_id=2046 class=Two-wheeler
2026-08-29 11:17:08 [DEBUG] uvh_test.counter: track_id: 2052, frame: 179688, previous_bottom_center: (1404.396484375, 483.31238), current_bottom_center: (1411.5660400390625, 477.36603), previous_side: -2.47, current_side: 6.76, side_transition: True, crossing_result: True, direction: A_TO_B
2026-08-29 11:17:08 [DEBUG] uvh_test.main: frame=179688 COUNTED track_id=2052 class=Sedan
2026-08-29 11:17:08 [DEBUG] uvh_test.counter: track_id: 2053, frame: 179696, previous_bottom_center: (1466.3699951171875, 549.2789), current_bottom_center: (1497.4798583984375, 549.57324), previous_side: -8.77, current_side: 12.15, side_transition: True, crossing_result: True, direction: A_TO_B
2026-08-29 11:17:08 [INFO] uvh_test.counter: SAFETY NET REJECTION: Rejecting tid=2053 as duplicate of class Sedan, prev_tid=2052, dist=112.2px, thresh=150.0px, bbox_size=458.9x384.3
2026-08-29 11:17:10 [DEBUG] uvh_test.counter: track_id: 2050, frame: 179745, previous_bottom_center: (1256.77978515625, 348.325), current_bottom_center: (1263.969482421875, 347.45007), previous_side: -3.71, current_side: 1.82, side_transition: True, crossing_result: True, direction: A_TO_B
2026-08-29 11:17:10 [DEBUG] uvh_test.main: frame=179745 COUNTED track_id=2050 class=Two-wheeler
2026-08-29 11:17:26 [DEBUG] uvh_test.counter: track_id: 2059, frame: 180259, previous_bottom_center: (1274.2459716796875, 359.54755), current_bottom_center: (1288.560546875, 357.67245), previous_side: -0.08, current_side: 11.02, side_transition: True, crossing_result: True, direction: A_TO_B
2026-08-29 11:17:26 [DEBUG] uvh_test.main: frame=180259 COUNTED track_id=2059 class=Two-wheeler
2026-08-29 11:17:41 [DEBUG] uvh_test.counter: track_id: 2063, frame: 180716, previous_bottom_center: (1275.265625, 363.07983), current_bottom_center: (1290.4481201171875, 360.77173), previous_side: -1.98, current_side: 10.03, side_transition: True, crossing_result: True, direction: A_TO_B
2026-08-29 11:17:41 [DEBUG] uvh_test.main: frame=180716 COUNTED track_id=2063 class=Two-wheeler
2026-08-29 11:17:44 [DEBUG] uvh_test.counter: track_id: 2067, frame: 180808, previous_bottom_center: (1310.89111328125, 394.7147), current_bottom_center: (1332.2864990234375, 390.7599), previous_side: -0.98, current_side: 16.45, side_transition: True, crossing_result: True, direction: A_TO_B
2026-08-29 11:17:44 [INFO] uvh_test.counter: SAFETY NET REJECTION: Rejecting tid=2067 as duplicate of class Two-wheeler, prev_tid=2063, dist=51.5px, thresh=150.0px, bbox_size=157.7x145.6
2026-08-29 11:17:56 [DEBUG] uvh_test.counter: track_id: 2068, frame: 181157, previous_bottom_center: (1296.951171875, 381.39178), current_bottom_center: (1304.3297119140625, 379.88785), previous_side: -0.68, current_side: 5.44, side_transition: True, crossing_result: True, direction: A_TO_B
2026-08-29 11:17:56 [DEBUG] uvh_test.main: frame=181157 COUNTED track_id=2068 class=Two-wheeler
2026-08-29 11:18:11 [DEBUG] uvh_test.counter: track_id: 2071, frame: 181669, previous_bottom_center: (1467.96435546875, 540.7633), current_bottom_center: (1472.811279296875, 538.81506), previous_side: -1.44, current_side: 3.28, side_transition: True, crossing_result: True, direction: A_TO_B
2026-08-29 11:18:11 [DEBUG] uvh_test.main: frame=181669 COUNTED track_id=2071 class=Two-wheeler
2026-08-29 11:18:24 [DEBUG] uvh_test.counter: track_id: 2074, frame: 182115, previous_bottom_center: (1256.426513671875, 393.08267), current_bottom_center: (1313.056884765625, 381.26828), previous_side: -36.79, current_side: 10.35, side_transition: True, crossing_result: True, direction: A_TO_B
2026-08-29 11:18:24 [DEBUG] uvh_test.main: frame=182115 COUNTED track_id=2074 class=Two-wheeler
2026-08-29 11:18:35 [DEBUG] uvh_test.counter: track_id: 2075, frame: 182483, previous_bottom_center: (1611.850830078125, 708.80005), current_bottom_center: (1649.3953857421875, 681.3069), previous_side: -26.99, current_side: 18.70, side_transition: True, crossing_result: True, direction: A_TO_B
2026-08-29 11:18:35 [DEBUG] uvh_test.main: frame=182483 COUNTED track_id=2075 class=Two-wheeler
2026-08-29 11:18:44 [DEBUG] uvh_test.counter: track_id: 2079, frame: 182789, previous_bottom_center: (1300.39404296875, 386.09525), current_bottom_center: (1303.527587890625, 385.50635), previous_side: -1.79, current_side: 0.77, side_transition: True, crossing_result: True, direction: A_TO_B
2026-08-29 11:18:44 [DEBUG] uvh_test.main: frame=182789 COUNTED track_id=2079 class=Two-wheeler
2026-08-29 11:19:10 [DEBUG] uvh_test.counter: track_id: 2085, frame: 183619, previous_bottom_center: (1286.3125, 391.29916), current_bottom_center: (1310.57666015625, 386.49173), previous_side: -15.18, current_side: 4.84, side_transition: True, crossing_result: True, direction: A_TO_B
2026-08-29 11:19:10 [DEBUG] uvh_test.main: frame=183619 COUNTED track_id=2085 class=LCV
2026-08-29 11:19:45 [DEBUG] uvh_test.counter: track_id: 2093, frame: 184796, previous_bottom_center: (1300.2081298828125, 383.65524), current_bottom_center: (1315.360595703125, 380.6029), previous_side: -0.13, current_side: 12.41, side_transition: True, crossing_result: True, direction: A_TO_B
2026-08-29 11:19:45 [DEBUG] uvh_test.main: frame=184796 COUNTED track_id=2093 class=Three-wheeler
2026-08-29 11:20:12 [DEBUG] uvh_test.counter: track_id: 2095, frame: 185715, previous_bottom_center: (1275.98486328125, 370.56738), current_bottom_center: (1319.485595703125, 363.01694), previous_side: -6.98, current_side: 28.11, side_transition: True, crossing_result: True, direction: A_TO_B
2026-08-29 11:20:12 [DEBUG] uvh_test.main: frame=185715 COUNTED track_id=2095 class=Two-wheeler
2026-08-29 11:20:20 [DEBUG] uvh_test.counter: track_id: 2102, frame: 185955, previous_bottom_center: (1365.6474609375, 502.5403), current_bottom_center: (1447.425048828125, 473.53308), previous_side: -42.90, current_side: 33.94, side_transition: True, crossing_result: True, direction: A_TO_B
2026-08-29 11:20:20 [DEBUG] uvh_test.main: frame=185955 COUNTED track_id=2102 class=Two-wheeler
2026-08-29 11:20:21 [DEBUG] uvh_test.counter: track_id: 2098, frame: 185983, previous_bottom_center: (1264.02880859375, 360.99316), current_bottom_center: (1284.1539306640625, 358.62106), previous_side: -8.08, current_side: 7.33, side_transition: True, crossing_result: True, direction: A_TO_B
2026-08-29 11:20:21 [DEBUG] uvh_test.main: frame=185983 COUNTED track_id=2098 class=Two-wheeler
2026-08-29 11:20:24 [DEBUG] uvh_test.counter: track_id: 2106, frame: 186087, previous_bottom_center: (1330.251953125, 440.2319), current_bottom_center: (1362.849853515625, 431.43765), previous_side: -21.23, current_side: 7.37, side_transition: True, crossing_result: True, direction: A_TO_B
2026-08-29 11:20:24 [INFO] uvh_test.counter: SAFETY NET REJECTION: Rejecting tid=2106 as duplicate of class Two-wheeler, prev_tid=2102, dist=94.5px, thresh=150.0px, bbox_size=204.5x163.1
2026-08-29 11:20:36 [DEBUG] uvh_test.counter: track_id: 2108, frame: 186449, previous_bottom_center: (1282.4840087890625, 368.1051), current_bottom_center: (1284.90869140625, 367.70953), previous_side: -0.76, current_side: 1.18, side_transition: True, crossing_result: True, direction: A_TO_B
2026-08-29 11:20:36 [DEBUG] uvh_test.main: frame=186449 COUNTED track_id=2108 class=Two-wheeler
2026-08-29 11:20:43 [DEBUG] uvh_test.counter: track_id: 2109, frame: 186667, previous_bottom_center: (1256.1865234375, 362.79376), current_bottom_center: (1275.438232421875, 359.7691), previous_side: -14.73, current_side: 0.57, side_transition: True, crossing_result: True, direction: A_TO_B
2026-08-29 11:20:43 [DEBUG] uvh_test.main: frame=186667 COUNTED track_id=2109 class=Two-wheeler
2026-08-29 11:20:51 [DEBUG] uvh_test.counter: track_id: 2113, frame: 186919, previous_bottom_center: (1363.1767578125, 446.76358), current_bottom_center: (1398.0693359375, 435.6306), previous_side: -3.65, current_side: 28.22, side_transition: True, crossing_result: True, direction: A_TO_B
2026-08-29 11:20:51 [DEBUG] uvh_test.main: frame=186919 COUNTED track_id=2113 class=MUV
2026-08-29 11:21:39 [DEBUG] uvh_test.counter: track_id: 2120, frame: 188575, previous_bottom_center: (1295.331298828125, 383.1597), current_bottom_center: (1347.417236328125, 372.73755), previous_side: -3.08, current_side: 39.96, side_transition: True, crossing_result: True, direction: A_TO_B
2026-08-29 11:21:39 [DEBUG] uvh_test.main: frame=188575 COUNTED track_id=2120 class=Two-wheeler
2026-08-29 11:21:47 [DEBUG] uvh_test.counter: track_id: 2122, frame: 188835, previous_bottom_center: (1251.791748046875, 385.80197), current_bottom_center: (1306.6470947265625, 374.89807), previous_side: -34.60, current_side: 10.67, side_transition: True, crossing_result: True, direction: A_TO_B
2026-08-29 11:21:47 [DEBUG] uvh_test.main: frame=188835 COUNTED track_id=2122 class=Two-wheeler
2026-08-29 11:22:01 [DEBUG] uvh_test.counter: track_id: 2127, frame: 189283, previous_bottom_center: (1304.105712890625, 409.59024), current_bottom_center: (1342.23193359375, 402.16672), previous_side: -16.51, current_side: 14.84, side_transition: True, crossing_result: True, direction: A_TO_B
2026-08-29 11:22:01 [DEBUG] uvh_test.main: frame=189283 COUNTED track_id=2127 class=Two-wheeler
2026-08-29 11:22:01 [DEBUG] uvh_test.counter: track_id: 2125, frame: 189287, previous_bottom_center: (1246.71728515625, 347.3899), current_bottom_center: (1268.147216796875, 344.74216), previous_side: -9.86, current_side: 6.64, side_transition: True, crossing_result: True, direction: A_TO_B
2026-08-29 11:22:01 [INFO] uvh_test.counter: SAFETY NET REJECTION: Rejecting tid=2125 as duplicate of class Two-wheeler, prev_tid=2127, dist=93.7px, thresh=150.0px, bbox_size=151.7x119.1
2026-08-29 11:22:14 [DEBUG] uvh_test.counter: track_id: 2130, frame: 189683, previous_bottom_center: (1293.7225341796875, 399.44458), current_bottom_center: (1321.90673828125, 393.0921), previous_side: -16.12, current_side: 7.69, side_transition: True, crossing_result: True, direction: A_TO_B
2026-08-29 11:22:14 [DEBUG] uvh_test.main: frame=189683 COUNTED track_id=2130 class=Two-wheeler
2026-08-29 11:23:39 [DEBUG] uvh_test.counter: track_id: 2142, frame: 192638, previous_bottom_center: (1591.2491455078125, 658.0248), current_bottom_center: (1608.20263671875, 645.29846), previous_side: -3.72, current_side: 17.13, side_transition: True, crossing_result: True, direction: A_TO_B
2026-08-29 11:23:39 [DEBUG] uvh_test.main: frame=192638 COUNTED track_id=2142 class=Sedan
2026-08-29 11:23:39 [DEBUG] uvh_test.counter: track_id: 2140, frame: 192639, previous_bottom_center: (1607.419921875, 743.68024), current_bottom_center: (1643.52685546875, 679.4961), previous_side: -55.59, current_side: 16.04, side_transition: True, crossing_result: True, direction: A_TO_B
2026-08-29 11:23:39 [INFO] uvh_test.counter: SAFETY NET REJECTION: Rejecting tid=2140 as duplicate of class Sedan, prev_tid=2142, dist=49.2px, thresh=150.0px, bbox_size=458.9x384.3
2026-08-29 11:23:39 [DEBUG] uvh_test.counter: track_id: 2141, frame: 192642, previous_bottom_center: (1562.113525390625, 645.46326), current_bottom_center: (1607.74609375, 606.8098), previous_side: -14.30, current_side: 45.06, side_transition: True, crossing_result: True, direction: A_TO_B
2026-08-29 11:23:39 [INFO] uvh_test.counter: SAFETY NET REJECTION: Rejecting tid=2141 as duplicate of class Sedan, prev_tid=2142, dist=38.5px, thresh=150.0px, bbox_size=366.8x305.2
2026-08-29 11:23:39 [DEBUG] uvh_test.counter: track_id: 2139, frame: 192644, previous_bottom_center: (1597.1185302734375, 695.7257), current_bottom_center: (1620.0172119140625, 604.34467), previous_side: -27.40, current_side: 55.21, side_transition: True, crossing_result: True, direction: A_TO_B
2026-08-29 11:23:39 [INFO] uvh_test.counter: SAFETY NET REJECTION: Rejecting tid=2139 as duplicate of class Sedan, prev_tid=2142, dist=42.6px, thresh=150.0px, bbox_size=354.7x289.0
2026-08-29 11:23:43 [DEBUG] uvh_test.counter: track_id: 2147, frame: 192747, previous_bottom_center: (1235.0697021484375, 352.19724), current_bottom_center: (1262.417724609375, 348.24924), previous_side: -21.30, current_side: 0.18, side_transition: True, crossing_result: True, direction: A_TO_B
2026-08-29 11:23:43 [DEBUG] uvh_test.main: frame=192747 COUNTED track_id=2147 class=Two-wheeler
2026-08-29 11:23:50 [DEBUG] uvh_test.counter: track_id: 2148, frame: 192987, previous_bottom_center: (1293.862060546875, 391.40146), current_bottom_center: (1320.59423828125, 386.49033), previous_side: -10.12, current_side: 11.64, side_transition: True, crossing_result: True, direction: A_TO_B
2026-08-29 11:23:50 [DEBUG] uvh_test.main: frame=192987 COUNTED track_id=2148 class=Two-wheeler
2026-08-29 11:24:05 [DEBUG] uvh_test.counter: track_id: 2152, frame: 193444, previous_bottom_center: (1605.0732421875, 695.6598), current_bottom_center: (1644.485107421875, 584.19104), previous_side: -21.95, current_side: 86.62, side_transition: True, crossing_result: True, direction: A_TO_B
2026-08-29 11:24:05 [DEBUG] uvh_test.main: frame=193444 COUNTED track_id=2152 class=MUV
2026-08-29 11:24:05 [DEBUG] uvh_test.counter: track_id: 2153, frame: 193445, previous_bottom_center: (1641.528564453125, 710.85333), current_bottom_center: (1653.0062255859375, 698.87103), previous_side: -8.33, current_side: 8.26, side_transition: True, crossing_result: True, direction: A_TO_B
2026-08-29 11:24:05 [DEBUG] uvh_test.main: frame=193445 COUNTED track_id=2153 class=Hatchback
2026-08-29 11:24:09 [DEBUG] uvh_test.counter: track_id: 2155, frame: 193569, previous_bottom_center: (1282.30517578125, 367.31143), current_bottom_center: (1284.23388671875, 366.74744), previous_side: -0.30, current_side: 1.43, side_transition: True, crossing_result: True, direction: A_TO_B
2026-08-29 11:24:09 [DEBUG] uvh_test.main: frame=193569 COUNTED track_id=2155 class=Three-wheeler
2026-08-29 11:24:28 [DEBUG] uvh_test.counter: track_id: 2162, frame: 194197, previous_bottom_center: (1303.1787109375, 402.3084), current_bottom_center: (1332.003173828125, 396.15247), previous_side: -11.80, current_side: 12.30, side_transition: True, crossing_result: True, direction: A_TO_B
2026-08-29 11:24:28 [DEBUG] uvh_test.main: frame=194197 COUNTED track_id=2162 class=Two-wheeler
2026-08-29 11:24:46 [DEBUG] uvh_test.counter: track_id: 2163, frame: 194784, previous_bottom_center: (1296.103515625, 388.11752), current_bottom_center: (1304.4072265625, 386.43338), previous_side: -6.19, current_side: 0.69, side_transition: True, crossing_result: True, direction: A_TO_B
2026-08-29 11:24:46 [DEBUG] uvh_test.main: frame=194784 COUNTED track_id=2163 class=MUV
2026-08-29 11:25:17 [DEBUG] uvh_test.counter: track_id: 2172, frame: 195775, previous_bottom_center: (1483.8233642578125, 628.3369), current_bottom_center: (1549.76953125, 593.46405), previous_side: -54.92, current_side: 15.47, side_transition: True, crossing_result: True, direction: A_TO_B
2026-08-29 11:25:17 [DEBUG] uvh_test.main: frame=195775 COUNTED track_id=2172 class=Two-wheeler
2026-08-29 11:25:27 [DEBUG] uvh_test.counter: track_id: 2176, frame: 196068, previous_bottom_center: (1281.4150390625, 376.0318), current_bottom_center: (1291.225830078125, 373.8245), previous_side: -7.30, current_side: 0.98, side_transition: True, crossing_result: True, direction: A_TO_B
2026-08-29 11:25:27 [DEBUG] uvh_test.main: frame=196068 COUNTED track_id=2176 class=Two-wheeler
2026-08-29 11:25:31 [DEBUG] uvh_test.counter: track_id: 2178, frame: 196187, previous_bottom_center: (1504.78564453125, 648.52747), current_bottom_center: (1567.5899658203125, 617.0911), previous_side: -55.50, current_side: 10.24, side_transition: True, crossing_result: True, direction: A_TO_B
2026-08-29 11:25:31 [DEBUG] uvh_test.counter: track_id: 2179, frame: 196187, previous_bottom_center: (1605.07470703125, 647.6596), current_bottom_center: (1569.1123046875, 647.7153), previous_side: 13.27, current_side: -11.20, side_transition: True, crossing_result: True, direction: B_TO_A
2026-08-29 11:25:31 [DEBUG] uvh_test.main: frame=196187 COUNTED track_id=2178 class=SUV
2026-08-29 11:25:31 [DEBUG] uvh_test.main: frame=196187 COUNTED track_id=2179 class=SUV
2026-08-29 11:25:44 [DEBUG] uvh_test.counter: track_id: 2182, frame: 196623, previous_bottom_center: (1290.4134521484375, 383.46558), current_bottom_center: (1307.63525390625, 379.82495), previous_side: -6.64, current_side: 7.73, side_transition: True, crossing_result: True, direction: A_TO_B
2026-08-29 11:25:44 [DEBUG] uvh_test.main: frame=196623 COUNTED track_id=2182 class=Two-wheeler
2026-08-29 11:25:57 [DEBUG] uvh_test.counter: track_id: 2184, frame: 197007, previous_bottom_center: (1284.435302734375, 373.556), current_bottom_center: (1309.57373046875, 369.07095), previous_side: -3.43, current_side: 16.94, side_transition: True, crossing_result: True, direction: A_TO_B
2026-08-29 11:25:57 [DEBUG] uvh_test.main: frame=197007 COUNTED track_id=2184 class=Two-wheeler
2026-08-29 11:26:05 [DEBUG] uvh_test.counter: track_id: 2187, frame: 197263, previous_bottom_center: (1462.77734375, 551.0632), current_bottom_center: (1526.035888671875, 551.0333), previous_side: -12.52, current_side: 30.48, side_transition: True, crossing_result: True, direction: A_TO_B
2026-08-29 11:26:05 [DEBUG] uvh_test.main: frame=197263 COUNTED track_id=2187 class=Bus
2026-08-29 11:26:06 [DEBUG] uvh_test.counter: track_id: 2186, frame: 197275, previous_bottom_center: (1509.7877197265625, 600.00275), current_bottom_center: (1541.41748046875, 599.9157), previous_side: -16.49, current_side: 5.06, side_transition: True, crossing_result: True, direction: A_TO_B
2026-08-29 11:26:06 [INFO] uvh_test.counter: SAFETY NET REJECTION: Rejecting tid=2186 as duplicate of class Bus, prev_tid=2187, dist=51.2px, thresh=344.3px, bbox_size=459.0x384.6
2026-08-29 11:26:08 [DEBUG] uvh_test.counter: track_id: 2195, frame: 197360, previous_bottom_center: (1287.4266357421875, 382.12476), current_bottom_center: (1298.9273681640625, 380.1198), previous_side: -7.69, current_side: 1.60, side_transition: True, crossing_result: True, direction: A_TO_B
2026-08-29 11:26:08 [DEBUG] uvh_test.main: frame=197360 COUNTED track_id=2195 class=Two-wheeler
2026-08-29 11:26:30 [DEBUG] uvh_test.counter: track_id: 2203, frame: 198039, previous_bottom_center: (1601.240478515625, 692.79626), current_bottom_center: (1626.797119140625, 673.9999), previous_side: -22.45, current_side: 8.70, side_transition: True, crossing_result: True, direction: A_TO_B
2026-08-29 11:26:30 [DEBUG] uvh_test.main: frame=198039 COUNTED track_id=2203 class=Two-wheeler
2026-08-29 11:26:31 [DEBUG] uvh_test.counter: track_id: 2202, frame: 198055, previous_bottom_center: (1250.6639404296875, 389.4361), current_bottom_center: (1302.9534912109375, 379.08994), previous_side: -38.03, current_side: 5.09, side_transition: True, crossing_result: True, direction: A_TO_B
2026-08-29 11:26:31 [DEBUG] uvh_test.main: frame=198055 COUNTED track_id=2202 class=Two-wheeler
2026-08-29 11:26:32 [DEBUG] uvh_test.counter: track_id: 2197, frame: 198104, previous_bottom_center: (1253.695068359375, 345.2452), current_bottom_center: (1260.691650390625, 344.23282), previous_side: -3.54, current_side: 1.95, side_transition: True, crossing_result: True, direction: A_TO_B
2026-08-29 11:26:32 [INFO] uvh_test.counter: SAFETY NET REJECTION: Rejecting tid=2197 as duplicate of class Two-wheeler, prev_tid=2202, dist=54.8px, thresh=150.0px, bbox_size=142.3x118.1
2026-08-29 11:27:04 [DEBUG] uvh_test.counter: track_id: 2206, frame: 199135, previous_bottom_center: (1216.72314453125, 362.71518), current_bottom_center: (1269.637451171875, 354.87076), previous_side: -41.48, current_side: 0.22, side_transition: True, crossing_result: True, direction: A_TO_B
2026-08-29 11:27:04 [DEBUG] uvh_test.main: frame=199135 COUNTED track_id=2206 class=Two-wheeler
2026-08-29 11:27:07 [DEBUG] uvh_test.counter: track_id: 2209, frame: 199207, previous_bottom_center: (1369.0107421875, 551.6646), current_bottom_center: (1557.153076171875, 503.9098), previous_side: -76.67, current_side: 86.20, side_transition: True, crossing_result: True, direction: A_TO_B
2026-08-29 11:27:07 [DEBUG] uvh_test.main: frame=199207 COUNTED track_id=2209 class=SUV
2026-08-29 11:27:08 [INFO] uvh_test.counter: SAFETY NET MERGE: Merging current tid=2211 into lost_tid=2211, dist=47.8px
2026-08-29 11:27:08 [DEBUG] uvh_test.main: frame=199239 COUNTED track_id=2211 class=LCV
2026-08-29 11:27:14 [DEBUG] uvh_test.counter: track_id: 2217, frame: 199363, previous_bottom_center: (1180.046142578125, 455.70486), current_bottom_center: (1285.6982421875, 367.11832), previous_side: -134.63, current_side: 2.15, side_transition: True, crossing_result: True, direction: A_TO_B
2026-08-29 11:27:14 [DEBUG] uvh_test.main: frame=199363 COUNTED track_id=2217 class=LCV
2026-08-29 11:27:15 [DEBUG] uvh_test.counter: track_id: 2221, frame: 199407, previous_bottom_center: (1413.13818359375, 499.8479), current_bottom_center: (1445.9713134765625, 499.96155), previous_side: -8.66, current_side: 13.56, side_transition: True, crossing_result: True, direction: A_TO_B
2026-08-29 11:27:15 [DEBUG] uvh_test.main: frame=199407 COUNTED track_id=2221 class=Truck
2026-08-29 11:27:16 [DEBUG] uvh_test.counter: track_id: 2222, frame: 199415, previous_bottom_center: (1366.595458984375, 455.91605), current_bottom_center: (1398.244873046875, 455.83218), previous_side: -8.05, current_side: 13.52, side_transition: True, crossing_result: True, direction: A_TO_B
2026-08-29 11:27:16 [INFO] uvh_test.counter: SAFETY NET REJECTION: Rejecting tid=2222 as duplicate of class Truck, prev_tid=2221, dist=65.0px, thresh=300.0px, bbox_size=458.9x384.5
2026-08-29 11:27:16 [DEBUG] uvh_test.counter: track_id: 2219, frame: 199419, previous_bottom_center: (1367.3509521484375, 503.82132), current_bottom_center: (1431.1192626953125, 503.74762), previous_side: -42.69, current_side: 0.69, side_transition: True, crossing_result: True, direction: A_TO_B
2026-08-29 11:27:16 [INFO] uvh_test.counter: SAFETY NET REJECTION: Rejecting tid=2219 as duplicate of class Truck, prev_tid=2221, dist=15.3px, thresh=300.0px, bbox_size=458.7x384.4
2026-08-29 11:27:16 [DEBUG] uvh_test.counter: track_id: 2218, frame: 199419, previous_bottom_center: (1366.85546875, 551.8171), current_bottom_center: (1497.83349609375, 464.11267), previous_side: -78.24, current_side: 75.10, side_transition: True, crossing_result: True, direction: A_TO_B
2026-08-29 11:27:16 [INFO] uvh_test.counter: SAFETY NET REJECTION: Rejecting tid=2218 as duplicate of class Truck, prev_tid=2221, dist=63.0px, thresh=300.0px, bbox_size=458.8x384.3
2026-08-29 11:27:19 [DEBUG] uvh_test.counter: track_id: 2220, frame: 199467, previous_bottom_center: (1241.946533203125, 339.66522), current_bottom_center: (1256.4560546875, 338.153), previous_side: -7.43, current_side: 3.54, side_transition: True, crossing_result: True, direction: A_TO_B
2026-08-29 11:27:19 [DEBUG] uvh_test.main: frame=199467 COUNTED track_id=2220 class=Two-wheeler
2026-08-29 11:27:39 [DEBUG] uvh_test.counter: track_id: 2223, frame: 200127, previous_bottom_center: (1260.94091796875, 370.8562), current_bottom_center: (1288.15771484375, 366.00717), previous_side: -17.41, current_side: 4.64, side_transition: True, crossing_result: True, direction: A_TO_B
2026-08-29 11:27:39 [DEBUG] uvh_test.main: frame=200127 COUNTED track_id=2223 class=Two-wheeler
2026-08-29 11:27:45 [DEBUG] uvh_test.counter: track_id: 2229, frame: 200323, previous_bottom_center: (1345.93994140625, 463.34512), current_bottom_center: (1379.658447265625, 453.93124), previous_side: -27.53, current_side: 2.28, side_transition: True, crossing_result: True, direction: A_TO_B
2026-08-29 11:27:45 [DEBUG] uvh_test.main: frame=200323 COUNTED track_id=2229 class=Hatchback
2026-08-29 11:28:08 [DEBUG] uvh_test.counter: track_id: 2230, frame: 201095, previous_bottom_center: (1249.105224609375, 338.38202), current_bottom_center: (1277.008056640625, 334.58304), previous_side: -1.63, current_side: 20.12, side_transition: True, crossing_result: True, direction: A_TO_B
2026-08-29 11:28:08 [DEBUG] uvh_test.main: frame=201095 COUNTED track_id=2230 class=Two-wheeler
2026-08-29 11:28:11 [DEBUG] uvh_test.counter: track_id: 2231, frame: 201187, previous_bottom_center: (1254.40966796875, 367.3404), current_bottom_center: (1279.131103515625, 363.17065), previous_side: -19.27, current_side: 0.58, side_transition: True, crossing_result: True, direction: A_TO_B
2026-08-29 11:28:11 [INFO] uvh_test.counter: SAFETY NET REJECTION: Rejecting tid=2231 as duplicate of class Two-wheeler, prev_tid=2230, dist=28.7px, thresh=150.0px, bbox_size=151.6x131.3
2026-08-29 11:28:44 [DEBUG] uvh_test.counter: track_id: 2235, frame: 202316, previous_bottom_center: (1539.43310546875, 584.71783), current_bottom_center: (1515.4888916015625, 596.7578), previous_side: 14.86, current_side: -10.24, side_transition: True, crossing_result: True, direction: B_TO_A
2026-08-29 11:28:44 [DEBUG] uvh_test.main: frame=202316 COUNTED track_id=2235 class=Truck
2026-08-29 11:28:45 [DEBUG] uvh_test.counter: track_id: 2236, frame: 202335, previous_bottom_center: (1560.552490234375, 647.871), current_bottom_center: (1623.80029296875, 584.08514), previous_side: -17.13, current_side: 72.65, side_transition: True, crossing_result: True, direction: A_TO_B
2026-08-29 11:28:45 [DEBUG] uvh_test.main: frame=202335 COUNTED track_id=2236 class=Truck
2026-08-29 11:28:49 [DEBUG] uvh_test.counter: track_id: 2237, frame: 202415, previous_bottom_center: (1237.473388671875, 345.1699), current_bottom_center: (1260.343017578125, 341.47543), previous_side: -14.51, current_side: 3.74, side_transition: True, crossing_result: True, direction: A_TO_B
2026-08-29 11:28:49 [DEBUG] uvh_test.main: frame=202415 COUNTED track_id=2237 class=Two-wheeler
2026-08-29 11:29:16 [DEBUG] uvh_test.counter: track_id: 2246, frame: 203315, previous_bottom_center: (1250.044677734375, 363.28717), current_bottom_center: (1291.4471435546875, 356.54977), previous_side: -19.26, current_side: 13.81, side_transition: True, crossing_result: True, direction: A_TO_B
2026-08-29 11:29:16 [DEBUG] uvh_test.main: frame=203315 COUNTED track_id=2246 class=Two-wheeler
2026-08-29 11:29:44 [DEBUG] uvh_test.counter: track_id: 2255, frame: 204243, previous_bottom_center: (1657.005859375, 743.66394), current_bottom_center: (1656.859619140625, 710.8298), previous_side: -21.89, current_side: 2.10, side_transition: True, crossing_result: True, direction: A_TO_B
2026-08-29 11:29:44 [DEBUG] uvh_test.counter: track_id: 2256, frame: 204243, previous_bottom_center: (1609.050048828125, 695.70624), current_bottom_center: (1608.91259765625, 662.9308), previous_side: -19.28, current_side: 4.68, side_transition: True, crossing_result: True, direction: A_TO_B
2026-08-29 11:29:44 [INFO] uvh_test.counter: SAFETY NET REJECTION: Rejecting tid=2256 as duplicate of class LCV, prev_tid=2255, dist=67.8px, thresh=150.0px, bbox_size=459.0x384.4
2026-08-29 11:29:44 [DEBUG] uvh_test.main: frame=204243 COUNTED track_id=2255 class=LCV
2026-08-29 11:29:54 [DEBUG] uvh_test.counter: track_id: 2261, frame: 204516, previous_bottom_center: (1299.4100341796875, 383.00476), current_bottom_center: (1316.8021240234375, 379.49112), previous_side: -0.19, current_side: 14.20, side_transition: True, crossing_result: True, direction: A_TO_B
2026-08-29 11:29:54 [DEBUG] uvh_test.main: frame=204516 COUNTED track_id=2261 class=LCV
2026-08-29 11:30:00 [DEBUG] uvh_test.counter: track_id: 2264, frame: 204715, previous_bottom_center: (1249.99560546875, 363.44028), current_bottom_center: (1289.15283203125, 357.34872), previous_side: -19.41, current_side: 11.66, side_transition: True, crossing_result: True, direction: A_TO_B
2026-08-29 11:30:00 [DEBUG] uvh_test.main: frame=204715 COUNTED track_id=2264 class=Two-wheeler
2026-08-29 11:30:03 [DEBUG] uvh_test.counter: track_id: 2266, frame: 204787, previous_bottom_center: (1321.27197265625, 405.47952), current_bottom_center: (1343.784423828125, 398.6123), previous_side: -1.83, current_side: 18.50, side_transition: True, crossing_result: True, direction: A_TO_B
2026-08-29 11:30:03 [DEBUG] uvh_test.main: frame=204787 COUNTED track_id=2266 class=Three-wheeler
2026-08-29 11:30:35 [DEBUG] uvh_test.counter: track_id: 2267, frame: 205828, previous_bottom_center: (1294.1846923828125, 382.47766), current_bottom_center: (1301.798583984375, 381.25153), previous_side: -3.36, current_side: 2.72, side_transition: True, crossing_result: True, direction: A_TO_B
2026-08-29 11:30:35 [DEBUG] uvh_test.main: frame=205828 COUNTED track_id=2267 class=Two-wheeler
2026-08-29 11:30:38 [DEBUG] uvh_test.counter: track_id: 2270, frame: 205927, previous_bottom_center: (1611.2493896484375, 694.4052), current_bottom_center: (1642.81884765625, 694.5515), previous_side: -16.83, current_side: 4.51, side_transition: True, crossing_result: True, direction: A_TO_B
2026-08-29 11:30:38 [DEBUG] uvh_test.main: frame=205927 COUNTED track_id=2270 class=Truck
2026-08-29 11:30:39 [DEBUG] uvh_test.counter: track_id: 2271, frame: 205935, previous_bottom_center: (1608.498779296875, 743.6926), current_bottom_center: (1668.26708984375, 679.9777), previous_side: -54.87, current_side: 32.49, side_transition: True, crossing_result: True, direction: A_TO_B
2026-08-29 11:30:39 [INFO] uvh_test.counter: SAFETY NET REJECTION: Rejecting tid=2271 as duplicate of class Truck, prev_tid=2270, dist=29.3px, thresh=300.0px, bbox_size=457.9x384.3
2026-08-29 11:30:39 [DEBUG] uvh_test.counter: track_id: 2272, frame: 205935, previous_bottom_center: (1559.673583984375, 695.7631), current_bottom_center: (1623.4813232421875, 631.5693), previous_side: -52.87, current_side: 37.59, side_transition: True, crossing_result: True, direction: A_TO_B
2026-08-29 11:30:39 [INFO] uvh_test.counter: SAFETY NET REJECTION: Rejecting tid=2272 as duplicate of class Truck, prev_tid=2270, dist=65.9px, thresh=300.0px, bbox_size=458.9x384.3
2026-08-29 11:30:52 [DEBUG] uvh_test.counter: track_id: 2274, frame: 206315, previous_bottom_center: (1499.8468017578125, 632.5634), current_bottom_center: (1588.89013671875, 580.803), previous_side: -47.14, current_side: 51.34, side_transition: True, crossing_result: True, direction: A_TO_B
2026-08-29 11:30:52 [DEBUG] uvh_test.main: frame=206315 COUNTED track_id=2274 class=Two-wheeler
2026-08-29 11:31:02 [DEBUG] uvh_test.counter: track_id: 2277, frame: 206656, previous_bottom_center: (1253.4166259765625, 354.80804), current_bottom_center: (1269.073974609375, 351.88403), previous_side: -10.75, current_side: 2.03, side_transition: True, crossing_result: True, direction: A_TO_B
2026-08-29 11:31:02 [DEBUG] uvh_test.main: frame=206656 COUNTED track_id=2277 class=Two-wheeler
2026-08-29 11:31:08 [DEBUG] uvh_test.counter: track_id: 2280, frame: 206825, previous_bottom_center: (1315.279052734375, 400.48486), current_bottom_center: (1318.807373046875, 399.6796), previous_side: -2.24, current_side: 0.75, side_transition: True, crossing_result: True, direction: A_TO_B
2026-08-29 11:31:08 [DEBUG] uvh_test.main: frame=206825 COUNTED track_id=2280 class=Two-wheeler
2026-08-29 11:31:15 [DEBUG] uvh_test.counter: track_id: 2281, frame: 207063, previous_bottom_center: (1644.6708984375, 714.18146), current_bottom_center: (1656.639404296875, 702.18335), previous_side: -8.64, current_side: 8.30, side_transition: True, crossing_result: True, direction: A_TO_B
2026-08-29 11:31:15 [DEBUG] uvh_test.main: frame=207063 COUNTED track_id=2281 class=MUV
2026-08-29 11:31:28 [DEBUG] uvh_test.counter: track_id: 2288, frame: 207471, previous_bottom_center: (1296.047119140625, 392.39243), current_bottom_center: (1351.16259765625, 380.91522), previous_side: -9.37, current_side: 36.50, side_transition: True, crossing_result: True, direction: A_TO_B
2026-08-29 11:31:28 [DEBUG] uvh_test.main: frame=207471 COUNTED track_id=2288 class=Two-wheeler
2026-08-29 11:31:39 [DEBUG] uvh_test.counter: track_id: 2290, frame: 207793, previous_bottom_center: (1293.574951171875, 381.7077), current_bottom_center: (1298.6328125, 380.64108), previous_side: -3.21, current_side: 1.01, side_transition: True, crossing_result: True, direction: A_TO_B
2026-08-29 11:31:39 [DEBUG] uvh_test.main: frame=207793 COUNTED track_id=2290 class=tempo-traveller
2026-08-29 11:31:46 [DEBUG] uvh_test.counter: track_id: 2302, frame: 208011, previous_bottom_center: (1370.353759765625, 550.71155), current_bottom_center: (1417.97412109375, 477.40326), previous_side: -75.05, current_side: 11.09, side_transition: True, crossing_result: True, direction: A_TO_B
2026-08-29 11:31:46 [DEBUG] uvh_test.main: frame=208011 COUNTED track_id=2302 class=SUV
2026-08-29 11:31:52 [DEBUG] uvh_test.counter: track_id: 2306, frame: 208159, previous_bottom_center: (1298.041015625, 393.89517), current_bottom_center: (1326.487060546875, 388.91956), previous_side: -9.11, current_side: 13.86, side_transition: True, crossing_result: True, direction: A_TO_B
2026-08-29 11:31:52 [DEBUG] uvh_test.main: frame=208159 COUNTED track_id=2306 class=Two-wheeler
2026-08-29 11:31:57 [DEBUG] uvh_test.counter: track_id: 2308, frame: 208321, previous_bottom_center: (1256.6055908203125, 345.10547), current_bottom_center: (1258.527587890625, 344.794), previous_side: -1.46, current_side: 0.07, side_transition: True, crossing_result: True, direction: A_TO_B
2026-08-29 11:31:57 [DEBUG] uvh_test.main: frame=208321 COUNTED track_id=2308 class=Two-wheeler
2026-08-29 11:32:01 [DEBUG] uvh_test.counter: track_id: 2309, frame: 208432, previous_bottom_center: (1295.736572265625, 398.06152), current_bottom_center: (1315.3955078125, 394.1726), previous_side: -13.74, current_side: 2.47, side_transition: True, crossing_result: True, direction: A_TO_B
2026-08-29 11:32:01 [INFO] uvh_test.counter: SAFETY NET REJECTION: Rejecting tid=2309 as duplicate of class Two-wheeler, prev_tid=2308, dist=75.3px, thresh=150.0px, bbox_size=165.7x151.1
2026-08-29 11:32:05 [DEBUG] uvh_test.counter: track_id: 2311, frame: 208531, previous_bottom_center: (1284.70703125, 394.47302), current_bottom_center: (1333.72119140625, 385.1032), previous_side: -18.60, current_side: 21.58, side_transition: True, crossing_result: True, direction: A_TO_B
2026-08-29 11:32:05 [DEBUG] uvh_test.main: frame=208531 COUNTED track_id=2311 class=Two-wheeler
2026-08-29 11:32:26 [DEBUG] uvh_test.counter: track_id: 2320, frame: 209191, previous_bottom_center: (1509.169189453125, 597.2422), current_bottom_center: (1573.295654296875, 597.54675), previous_side: -14.89, current_side: 28.46, side_transition: True, crossing_result: True, direction: A_TO_B
2026-08-29 11:32:26 [DEBUG] uvh_test.main: frame=209191 COUNTED track_id=2320 class=MUV
2026-08-29 11:32:34 [DEBUG] uvh_test.counter: track_id: 2326, frame: 209423, previous_bottom_center: (1285.268798828125, 380.18762), current_bottom_center: (1308.1636962890625, 374.95886), previous_side: -7.73, current_side: 11.66, side_transition: True, crossing_result: True, direction: A_TO_B
2026-08-29 11:32:34 [DEBUG] uvh_test.main: frame=209423 COUNTED track_id=2326 class=Three-wheeler
2026-08-29 11:32:49 [DEBUG] uvh_test.counter: track_id: 2332, frame: 209836, previous_bottom_center: (1271.5244140625, 366.8005), current_bottom_center: (1280.35595703125, 364.83932), previous_side: -7.25, current_side: 0.19, side_transition: True, crossing_result: True, direction: A_TO_B
2026-08-29 11:32:49 [DEBUG] uvh_test.main: frame=209836 COUNTED track_id=2332 class=Two-wheeler
2026-08-29 11:32:49 [DEBUG] uvh_test.counter: track_id: 2335, frame: 209851, previous_bottom_center: (1348.25390625, 493.17166), current_bottom_center: (1416.7763671875, 472.736), previous_side: -47.85, current_side: 13.70, side_transition: True, crossing_result: True, direction: A_TO_B
2026-08-29 11:32:49 [DEBUG] uvh_test.main: frame=209851 COUNTED track_id=2335 class=Two-wheeler
2026-08-29 11:32:55 [DEBUG] uvh_test.counter: track_id: 2336, frame: 210019, previous_bottom_center: (1279.3341064453125, 370.03934), current_bottom_center: (1299.872802734375, 366.7708), previous_side: -4.32, current_side: 12.03, side_transition: True, crossing_result: True, direction: A_TO_B
2026-08-29 11:32:55 [DEBUG] uvh_test.main: frame=210019 COUNTED track_id=2336 class=Two-wheeler
2026-08-29 11:33:01 [DEBUG] uvh_test.counter: track_id: 2337, frame: 210195, previous_bottom_center: (1297.198974609375, 385.44263), current_bottom_center: (1321.590087890625, 381.48178), previous_side: -3.48, current_side: 15.99, side_transition: True, crossing_result: True, direction: A_TO_B
2026-08-29 11:33:01 [DEBUG] uvh_test.main: frame=210195 COUNTED track_id=2337 class=Two-wheeler
2026-08-29 11:33:14 [DEBUG] uvh_test.counter: track_id: 2339, frame: 210599, previous_bottom_center: (1274.13623046875, 361.1846), current_bottom_center: (1297.029541015625, 358.19925), previous_side: -1.35, current_side: 16.39, side_transition: True, crossing_result: True, direction: A_TO_B
2026-08-29 11:33:14 [DEBUG] uvh_test.main: frame=210599 COUNTED track_id=2339 class=Two-wheeler
2026-08-29 11:33:55 [DEBUG] uvh_test.counter: track_id: 2342, frame: 212020, previous_bottom_center: (1543.462646484375, 662.62396), current_bottom_center: (1590.9078369140625, 650.8094), previous_side: -39.56, current_side: 1.34, side_transition: True, crossing_result: True, direction: A_TO_B
2026-08-29 11:33:55 [DEBUG] uvh_test.main: frame=212020 COUNTED track_id=2342 class=LCV
2026-08-29 11:33:56 [DEBUG] uvh_test.counter: track_id: 2344, frame: 212031, previous_bottom_center: (1609.0599365234375, 695.7358), current_bottom_center: (1641.7274169921875, 695.7033), previous_side: -19.29, current_side: 2.92, side_transition: True, crossing_result: True, direction: A_TO_B
2026-08-29 11:33:56 [INFO] uvh_test.counter: SAFETY NET REJECTION: Rejecting tid=2344 as duplicate of class LCV, prev_tid=2342, dist=67.8px, thresh=150.0px, bbox_size=459.0x384.3
2026-08-29 11:33:56 [DEBUG] uvh_test.counter: track_id: 2345, frame: 212034, previous_bottom_center: (1560.1630859375, 648.1379), current_bottom_center: (1624.065185546875, 615.6588), previous_side: -17.59, current_side: 49.66, side_transition: True, crossing_result: True, direction: A_TO_B
2026-08-29 11:33:56 [INFO] uvh_test.counter: SAFETY NET REJECTION: Rejecting tid=2345 as duplicate of class LCV, prev_tid=2342, dist=48.3px, thresh=150.0px, bbox_size=459.1x384.5
2026-08-29 11:34:02 [DEBUG] uvh_test.counter: track_id: 2349, frame: 212151, previous_bottom_center: (1270.638427734375, 503.83453), current_bottom_center: (1365.6109619140625, 440.29675), previous_side: -108.40, current_side: 2.74, side_transition: True, crossing_result: True, direction: A_TO_B
2026-08-29 11:34:02 [DEBUG] uvh_test.counter: track_id: 2352, frame: 212151, previous_bottom_center: (1320.384033203125, 552.1105), current_bottom_center: (1457.8485107421875, 459.433), previous_side: -110.03, current_side: 51.37, side_transition: True, crossing_result: True, direction: A_TO_B
2026-08-29 11:34:02 [INFO] uvh_test.counter: SAFETY NET REJECTION: Rejecting tid=2352 as duplicate of class Truck, prev_tid=2349, dist=94.2px, thresh=300.0px, bbox_size=458.9x384.3
2026-08-29 11:34:02 [DEBUG] uvh_test.main: frame=212151 COUNTED track_id=2349 class=Truck
2026-08-29 11:34:02 [DEBUG] uvh_test.counter: track_id: 2351, frame: 212159, previous_bottom_center: (1367.30859375, 455.71082), current_bottom_center: (1398.77392578125, 455.69104), previous_side: -7.41, current_side: 13.98, side_transition: True, crossing_result: True, direction: A_TO_B
2026-08-29 11:34:02 [INFO] uvh_test.counter: SAFETY NET REJECTION: Rejecting tid=2351 as duplicate of class Truck, prev_tid=2349, dist=36.6px, thresh=300.0px, bbox_size=458.9x384.3
2026-08-29 11:34:02 [DEBUG] uvh_test.counter: track_id: 2353, frame: 212159, previous_bottom_center: (1415.186279296875, 503.70383), current_bottom_center: (1446.665771484375, 503.69138), previous_side: -10.10, current_side: 11.29, side_transition: True, crossing_result: True, direction: A_TO_B
2026-08-29 11:34:02 [INFO] uvh_test.counter: SAFETY NET REJECTION: Rejecting tid=2353 as duplicate of class Truck, prev_tid=2349, dist=102.9px, thresh=300.0px, bbox_size=458.9x384.3
2026-08-29 11:34:05 [DEBUG] uvh_test.counter: track_id: 2357, frame: 212216, previous_bottom_center: (1562.610107421875, 661.8216), current_bottom_center: (1598.117919921875, 650.0852), previous_side: -25.97, current_side: 6.77, side_transition: True, crossing_result: True, direction: A_TO_B
2026-08-29 11:34:05 [DEBUG] uvh_test.main: frame=212216 COUNTED track_id=2357 class=SUV
2026-08-29 11:34:06 [DEBUG] uvh_test.counter: track_id: 2359, frame: 212219, previous_bottom_center: (1513.761474609375, 743.7131), current_bottom_center: (1602.018310546875, 611.47766), previous_side: -119.24, current_side: 37.75, side_transition: True, crossing_result: True, direction: A_TO_B
2026-08-29 11:34:06 [INFO] uvh_test.counter: SAFETY NET REJECTION: Rejecting tid=2359 as duplicate of class SUV, prev_tid=2357, dist=38.8px, thresh=150.0px, bbox_size=458.9x384.3
2026-08-29 11:34:06 [DEBUG] uvh_test.counter: track_id: 2360, frame: 212223, previous_bottom_center: (1607.685302734375, 695.7163), current_bottom_center: (1610.5911865234375, 598.46545), previous_side: -20.21, current_side: 53.12, side_transition: True, crossing_result: True, direction: A_TO_B
2026-08-29 11:34:06 [INFO] uvh_test.counter: SAFETY NET REJECTION: Rejecting tid=2360 as duplicate of class SUV, prev_tid=2357, dist=53.1px, thresh=150.0px, bbox_size=355.6x291.9
2026-08-29 11:34:11 [DEBUG] uvh_test.counter: track_id: 2365, frame: 212363, previous_bottom_center: (1285.426513671875, 395.04108), current_bottom_center: (1310.059326171875, 389.76495), previous_side: -18.52, current_side: 2.08, side_transition: True, crossing_result: True, direction: A_TO_B
2026-08-29 11:34:11 [DEBUG] uvh_test.main: frame=212363 COUNTED track_id=2365 class=Two-wheeler
2026-08-29 11:34:14 [DEBUG] uvh_test.counter: track_id: 2364, frame: 212451, previous_bottom_center: (1248.670166015625, 349.8314), current_bottom_center: (1280.052001953125, 345.19894), previous_side: -10.32, current_side: 14.40, side_transition: True, crossing_result: True, direction: A_TO_B
2026-08-29 11:34:14 [INFO] uvh_test.counter: SAFETY NET REJECTION: Rejecting tid=2364 as duplicate of class Two-wheeler, prev_tid=2365, dist=53.7px, thresh=150.0px, bbox_size=132.5x115.6
2026-08-29 11:34:19 [DEBUG] uvh_test.counter: track_id: 2368, frame: 212591, previous_bottom_center: (1509.11669921875, 647.7632), current_bottom_center: (1636.89501953125, 647.7247), previous_side: -51.99, current_side: 34.85, side_transition: True, crossing_result: True, direction: A_TO_B
2026-08-29 11:34:19 [DEBUG] uvh_test.main: frame=212591 COUNTED track_id=2368 class=Truck
2026-08-29 11:34:21 [DEBUG] uvh_test.counter: track_id: 2367, frame: 212635, previous_bottom_center: (1274.309814453125, 365.29352), current_bottom_center: (1292.784912109375, 362.02792), previous_side: -4.25, current_side: 10.70, side_transition: True, crossing_result: True, direction: A_TO_B
2026-08-29 11:34:21 [DEBUG] uvh_test.main: frame=212635 COUNTED track_id=2367 class=Two-wheeler
2026-08-29 11:34:26 [DEBUG] uvh_test.counter: track_id: 2375, frame: 212795, previous_bottom_center: (1294.8271484375, 381.17596), current_bottom_center: (1312.463623046875, 376.95502), previous_side: -1.96, current_side: 13.12, side_transition: True, crossing_result: True, direction: A_TO_B
2026-08-29 11:34:26 [DEBUG] uvh_test.main: frame=212795 COUNTED track_id=2375 class=Two-wheeler
2026-08-29 11:34:31 [DEBUG] uvh_test.counter: track_id: 2380, frame: 212935, previous_bottom_center: (1272.3231201171875, 358.59045), current_bottom_center: (1285.19677734375, 355.82404), previous_side: -0.68, current_side: 10.10, side_transition: True, crossing_result: True, direction: A_TO_B
2026-08-29 11:34:31 [DEBUG] uvh_test.main: frame=212935 COUNTED track_id=2380 class=Truck
2026-08-29 11:34:40 [DEBUG] uvh_test.counter: track_id: 2384, frame: 213173, previous_bottom_center: (1356.701416015625, 435.93024), current_bottom_center: (1362.9266357421875, 433.98163), previous_side: -0.10, current_side: 5.55, side_transition: True, crossing_result: True, direction: A_TO_B
2026-08-29 11:34:40 [DEBUG] uvh_test.main: frame=213173 COUNTED track_id=2384 class=Two-wheeler
2026-08-29 11:34:42 [DEBUG] uvh_test.counter: track_id: 2382, frame: 213251, previous_bottom_center: (1285.196044921875, 387.98074), current_bottom_center: (1315.8603515625, 380.71384), previous_side: -13.50, current_side: 12.66, side_transition: True, crossing_result: True, direction: A_TO_B
2026-08-29 11:34:42 [INFO] uvh_test.counter: SAFETY NET REJECTION: Rejecting tid=2382 as duplicate of class Two-wheeler, prev_tid=2384, dist=71.1px, thresh=150.0px, bbox_size=135.6x142.3
2026-08-29 11:35:06 [DEBUG] uvh_test.counter: track_id: 2385, frame: 213995, previous_bottom_center: (1278.3802490234375, 365.27103), current_bottom_center: (1301.461669921875, 361.3785), previous_side: -1.47, current_side: 17.07, side_transition: True, crossing_result: True, direction: A_TO_B
2026-08-29 11:35:06 [DEBUG] uvh_test.main: frame=213995 COUNTED track_id=2385 class=Two-wheeler
2026-08-29 11:35:09 [DEBUG] uvh_test.counter: track_id: 2390, frame: 214075, previous_bottom_center: (1557.1153564453125, 647.7133), current_bottom_center: (1629.1038818359375, 647.6756), previous_side: -19.35, current_side: 29.59, side_transition: True, crossing_result: True, direction: A_TO_B
2026-08-29 11:35:09 [DEBUG] uvh_test.main: frame=214075 COUNTED track_id=2390 class=MUV
2026-08-29 11:35:09 [DEBUG] uvh_test.counter: track_id: 2389, frame: 214079, previous_bottom_center: (1605.118896484375, 695.7057), current_bottom_center: (1630.4775390625, 623.0343), previous_side: -21.95, current_side: 48.60, side_transition: True, crossing_result: True, direction: A_TO_B
2026-08-29 11:35:09 [INFO] uvh_test.counter: SAFETY NET REJECTION: Rejecting tid=2389 as duplicate of class MUV, prev_tid=2390, dist=24.7px, thresh=150.0px, bbox_size=377.6x313.1
2026-08-29 11:35:15 [DEBUG] uvh_test.counter: track_id: 2399, frame: 214191, previous_bottom_center: (1319.922119140625, 455.7006), current_bottom_center: (1383.034423828125, 455.7043), previous_side: -39.60, current_side: 3.28, side_transition: True, crossing_result: True, direction: A_TO_B
2026-08-29 11:35:15 [DEBUG] uvh_test.main: frame=214191 COUNTED track_id=2399 class=Truck
2026-08-29 11:35:22 [DEBUG] uvh_test.counter: track_id: 2401, frame: 214411, previous_bottom_center: (1243.89599609375, 358.09094), current_bottom_center: (1276.3623046875, 351.93878), previous_side: -19.63, current_side: 6.94, side_transition: True, crossing_result: True, direction: A_TO_B
2026-08-29 11:35:22 [DEBUG] uvh_test.main: frame=214411 COUNTED track_id=2401 class=Two-wheeler
2026-08-29 11:35:37 [DEBUG] uvh_test.counter: track_id: 2405, frame: 214843, previous_bottom_center: (1561.936279296875, 645.34393), current_bottom_center: (1625.9921875, 645.1088), previous_side: -14.33, current_side: 29.36, side_transition: True, crossing_result: True, direction: A_TO_B
2026-08-29 11:35:37 [DEBUG] uvh_test.main: frame=214843 COUNTED track_id=2405 class=Sedan
2026-08-29 11:35:37 [DEBUG] uvh_test.counter: track_id: 2404, frame: 214851, previous_bottom_center: (1509.3873291015625, 694.6555), current_bottom_center: (1580.317138671875, 609.2194), previous_side: -86.22, current_side: 24.66, side_transition: True, crossing_result: True, direction: A_TO_B
2026-08-29 11:35:37 [DEBUG] uvh_test.main: frame=214851 COUNTED track_id=2404 class=SUV
2026-08-29 11:35:43 [DEBUG] uvh_test.counter: track_id: 2408, frame: 215011, previous_bottom_center: (1247.980224609375, 370.34384), current_bottom_center: (1283.0830078125, 365.2669), previous_side: -25.84, current_side: 1.73, side_transition: True, crossing_result: True, direction: A_TO_B
2026-08-29 11:35:43 [DEBUG] uvh_test.main: frame=215011 COUNTED track_id=2408 class=Two-wheeler
2026-08-29 11:35:47 [DEBUG] uvh_test.counter: track_id: 2410, frame: 215155, previous_bottom_center: (1286.31689453125, 405.75262), current_bottom_center: (1324.26953125, 397.96118), previous_side: -25.78, current_side: 5.72, side_transition: True, crossing_result: True, direction: A_TO_B
2026-08-29 11:35:47 [INFO] uvh_test.counter: SAFETY NET REJECTION: Rejecting tid=2410 as duplicate of class Two-wheeler, prev_tid=2408, dist=52.6px, thresh=150.0px, bbox_size=189.1x154.6
2026-08-29 11:35:55 [DEBUG] uvh_test.counter: track_id: 2413, frame: 215379, previous_bottom_center: (1258.9837646484375, 367.19052), current_bottom_center: (1286.9725341796875, 362.25726), previous_side: -16.05, current_side: 6.58, side_transition: True, crossing_result: True, direction: A_TO_B
2026-08-29 11:35:55 [DEBUG] uvh_test.main: frame=215379 COUNTED track_id=2413 class=Two-wheeler
2026-08-29 11:36:15 [DEBUG] uvh_test.counter: track_id: 2414, frame: 216016, previous_bottom_center: (1287.760009765625, 376.28027), current_bottom_center: (1296.7034912109375, 374.53796), previous_side: -3.17, current_side: 4.18, side_transition: True, crossing_result: True, direction: A_TO_B
2026-08-29 11:36:15 [DEBUG] uvh_test.main: frame=216016 COUNTED track_id=2414 class=Two-wheeler
2026-08-29 11:36:39 [DEBUG] uvh_test.counter: track_id: 2423, frame: 216719, previous_bottom_center: (1427.028564453125, 542.2752), current_bottom_center: (1467.36279296875, 525.81866), previous_side: -30.36, current_side: 9.12, side_transition: True, crossing_result: True, direction: A_TO_B
2026-08-29 11:36:39 [DEBUG] uvh_test.main: frame=216719 COUNTED track_id=2423 class=Two-wheeler
2026-08-29 11:36:57 [DEBUG] uvh_test.counter: track_id: 2425, frame: 217319, previous_bottom_center: (1292.150634765625, 390.97058), current_bottom_center: (1321.6025390625, 385.0847), previous_side: -10.97, current_side: 13.36, side_transition: True, crossing_result: True, direction: A_TO_B
2026-08-29 11:36:57 [DEBUG] uvh_test.main: frame=217319 COUNTED track_id=2425 class=Two-wheeler
2026-08-29 11:37:05 [DEBUG] uvh_test.counter: track_id: 2431, frame: 217543, previous_bottom_center: (1298.9744873046875, 401.28134), current_bottom_center: (1322.42578125, 396.56497), previous_side: -13.90, current_side: 5.49, side_transition: True, crossing_result: True, direction: A_TO_B
2026-08-29 11:37:05 [DEBUG] uvh_test.main: frame=217543 COUNTED track_id=2431 class=SUV
2026-08-29 11:37:06 [DEBUG] uvh_test.counter: track_id: 2430, frame: 217591, previous_bottom_center: (1244.0556640625, 346.44983), current_bottom_center: (1269.2890625, 343.04465), previous_side: -10.98, current_side: 8.67, side_transition: True, crossing_result: True, direction: A_TO_B
2026-08-29 11:37:06 [DEBUG] uvh_test.main: frame=217591 COUNTED track_id=2430 class=Two-wheeler
2026-08-29 11:37:08 [DEBUG] uvh_test.counter: track_id: 2434, frame: 217655, previous_bottom_center: (1557.164306640625, 647.918), current_bottom_center: (1629.1485595703125, 647.7873), previous_side: -19.46, current_side: 29.54, side_transition: True, crossing_result: True, direction: A_TO_B
2026-08-29 11:37:08 [DEBUG] uvh_test.main: frame=217655 COUNTED track_id=2434 class=LCV
2026-08-29 11:37:09 [DEBUG] uvh_test.counter: track_id: 2433, frame: 217676, previous_bottom_center: (1305.146240234375, 389.69385), current_bottom_center: (1315.83837890625, 387.58783), previous_side: -1.20, current_side: 7.61, side_transition: True, crossing_result: True, direction: A_TO_B
2026-08-29 11:37:09 [INFO] uvh_test.counter: SAFETY NET REJECTION: Rejecting tid=2433 as duplicate of class Two-wheeler, prev_tid=2430, dist=64.4px, thresh=150.0px, bbox_size=159.9x142.7
2026-08-29 11:37:13 [DEBUG] uvh_test.counter: track_id: 2439, frame: 217775, previous_bottom_center: (1530.39794921875, 608.4061), current_bottom_center: (1577.314453125, 584.1149), previous_side: -8.66, current_side: 41.04, side_transition: True, crossing_result: True, direction: A_TO_B
2026-08-29 11:37:13 [DEBUG] uvh_test.main: frame=217775 COUNTED track_id=2439 class=Two-wheeler
2026-08-29 11:37:17 [DEBUG] uvh_test.counter: track_id: 2446, frame: 217911, previous_bottom_center: (1361.13232421875, 453.232), current_bottom_center: (1413.341064453125, 437.4341), previous_side: -9.79, current_side: 37.27, side_transition: True, crossing_result: True, direction: A_TO_B
2026-08-29 11:37:17 [DEBUG] uvh_test.main: frame=217911 COUNTED track_id=2446 class=SUV
2026-08-29 11:37:20 [DEBUG] uvh_test.counter: track_id: 2444, frame: 217983, previous_bottom_center: (1259.845947265625, 356.03043), current_bottom_center: (1272.4775390625, 353.9214), previous_side: -7.28, current_side: 2.85, side_transition: True, crossing_result: True, direction: A_TO_B
2026-08-29 11:37:20 [DEBUG] uvh_test.main: frame=217983 COUNTED track_id=2444 class=Two-wheeler
2026-08-29 11:37:34 [DEBUG] uvh_test.counter: track_id: 2452, frame: 218396, previous_bottom_center: (1274.1326904296875, 360.78452), current_bottom_center: (1280.935546875, 359.6527), previous_side: -1.06, current_side: 4.39, side_transition: True, crossing_result: True, direction: A_TO_B
2026-08-29 11:37:34 [DEBUG] uvh_test.main: frame=218396 COUNTED track_id=2452 class=Two-wheeler
2026-08-29 11:37:46 [DEBUG] uvh_test.counter: track_id: 2463, frame: 218753, previous_bottom_center: (1416.068359375, 505.77618), current_bottom_center: (1423.57958984375, 495.52036), previous_side: -11.02, current_side: 1.61, side_transition: True, crossing_result: True, direction: A_TO_B
2026-08-29 11:37:46 [DEBUG] uvh_test.main: frame=218753 COUNTED track_id=2463 class=Sedan
2026-08-29 11:37:46 [DEBUG] uvh_test.counter: track_id: 2459, frame: 218755, previous_bottom_center: (1517.20703125, 597.4212), current_bottom_center: (1517.3857421875, 565.40894), previous_side: -9.56, current_side: 14.05, side_transition: True, crossing_result: True, direction: A_TO_B
2026-08-29 11:37:46 [INFO] uvh_test.counter: SAFETY NET REJECTION: Rejecting tid=2459 as duplicate of class Sedan, prev_tid=2463, dist=117.0px, thresh=150.0px, bbox_size=458.9x384.3
2026-08-29 11:37:47 [DEBUG] uvh_test.counter: track_id: 2461, frame: 218796, previous_bottom_center: (1311.115966796875, 405.03116), current_bottom_center: (1324.1280517578125, 401.9299), previous_side: -8.40, current_side: 2.71, side_transition: True, crossing_result: True, direction: A_TO_B
2026-08-29 11:37:47 [DEBUG] uvh_test.main: frame=218796 COUNTED track_id=2461 class=Two-wheeler
2026-08-29 11:38:05 [DEBUG] uvh_test.counter: track_id: 2477, frame: 219340, previous_bottom_center: (1420.5040283203125, 499.93732), current_bottom_center: (1417.09326171875, 457.46582), previous_side: -3.73, current_side: 25.12, side_transition: True, crossing_result: True, direction: A_TO_B
2026-08-29 11:38:05 [DEBUG] uvh_test.main: frame=219340 COUNTED track_id=2477 class=Sedan
2026-08-29 11:38:11 [DEBUG] uvh_test.counter: track_id: 2480, frame: 219511, previous_bottom_center: (1560.408935546875, 646.52734), current_bottom_center: (1591.771728515625, 615.01825), previous_side: -16.24, current_side: 28.19, side_transition: True, crossing_result: True, direction: A_TO_B
2026-08-29 11:38:11 [DEBUG] uvh_test.main: frame=219511 COUNTED track_id=2480 class=Truck
2026-08-29 11:38:15 [DEBUG] uvh_test.counter: track_id: 2487, frame: 219611, previous_bottom_center: (1291.9852294921875, 414.57452), current_bottom_center: (1350.0174560546875, 400.90958), previous_side: -28.40, current_side: 21.05, side_transition: True, crossing_result: True, direction: A_TO_B
2026-08-29 11:38:15 [DEBUG] uvh_test.main: frame=219611 COUNTED track_id=2487 class=Two-wheeler
2026-08-29 11:38:43 [DEBUG] uvh_test.counter: track_id: 2489, frame: 220539, previous_bottom_center: (1521.3143310546875, 693.662), current_bottom_center: (1529.9737548828125, 587.43854), previous_side: -77.39, current_side: 6.44, side_transition: True, crossing_result: True, direction: A_TO_B
2026-08-29 11:38:43 [DEBUG] uvh_test.counter: track_id: 2491, frame: 220539, previous_bottom_center: (1518.337890625, 596.0669), current_bottom_center: (1550.74658203125, 595.3763), previous_side: -7.80, current_side: 14.73, side_transition: True, crossing_result: True, direction: A_TO_B
2026-08-29 11:38:43 [INFO] uvh_test.counter: SAFETY NET REJECTION: Rejecting tid=2491 as duplicate of class Sedan, prev_tid=2489, dist=22.2px, thresh=150.0px, bbox_size=458.9x384.2
2026-08-29 11:38:43 [DEBUG] uvh_test.main: frame=220539 COUNTED track_id=2489 class=Sedan
2026-08-29 11:38:43 [DEBUG] uvh_test.counter: track_id: 2492, frame: 220540, previous_bottom_center: (1466.205322265625, 584.03687), current_bottom_center: (1501.59765625, 560.0964), previous_side: -34.39, current_side: 7.23, side_transition: True, crossing_result: True, direction: A_TO_B
2026-08-29 11:38:43 [INFO] uvh_test.counter: SAFETY NET REJECTION: Rejecting tid=2492 as duplicate of class Sedan, prev_tid=2489, dist=39.4px, thresh=150.0px, bbox_size=458.8x384.3
2026-08-29 11:38:47 [DEBUG] uvh_test.counter: track_id: 2495, frame: 220671, previous_bottom_center: (1239.855224609375, 379.3883), current_bottom_center: (1285.9599609375, 370.19147), previous_side: -38.00, current_side: 0.07, side_transition: True, crossing_result: True, direction: A_TO_B
2026-08-29 11:38:47 [DEBUG] uvh_test.main: frame=220671 COUNTED track_id=2495 class=Two-wheeler
2026-08-29 11:39:00 [DEBUG] uvh_test.counter: track_id: 2498, frame: 221091, previous_bottom_center: (1561.773681640625, 644.0542), current_bottom_center: (1592.9659423828125, 644.46), previous_side: -13.50, current_side: 7.40, side_transition: True, crossing_result: True, direction: A_TO_B
2026-08-29 11:39:00 [DEBUG] uvh_test.counter: track_id: 2499, frame: 221091, previous_bottom_center: (1509.19677734375, 692.64557), current_bottom_center: (1596.301513671875, 618.88776), previous_side: -84.87, current_side: 28.43, side_transition: True, crossing_result: True, direction: A_TO_B
2026-08-29 11:39:00 [INFO] uvh_test.counter: SAFETY NET REJECTION: Rejecting tid=2499 as duplicate of class SUV, prev_tid=2498, dist=25.8px, thresh=150.0px, bbox_size=378.4x311.5
2026-08-29 11:39:00 [DEBUG] uvh_test.counter: track_id: 2501, frame: 221091, previous_bottom_center: (1606.787841796875, 695.6885), current_bottom_center: (1667.186279296875, 695.6899), previous_side: -20.80, current_side: 20.23, side_transition: True, crossing_result: True, direction: A_TO_B
2026-08-29 11:39:00 [INFO] uvh_test.counter: SAFETY NET REJECTION: Rejecting tid=2501 as duplicate of class SUV, prev_tid=2498, dist=90.2px, thresh=150.0px, bbox_size=458.1x384.3
2026-08-29 11:39:00 [DEBUG] uvh_test.main: frame=221091 COUNTED track_id=2498 class=SUV
2026-08-29 11:39:06 [DEBUG] uvh_test.counter: track_id: 2504, frame: 221263, previous_bottom_center: (1250.8994140625, 354.52158), current_bottom_center: (1267.1339111328125, 351.1606), previous_side: -12.25, current_side: 1.25, side_transition: True, crossing_result: True, direction: A_TO_B
2026-08-29 11:39:06 [DEBUG] uvh_test.main: frame=221263 COUNTED track_id=2504 class=tempo-traveller
2026-08-29 11:39:07 [DEBUG] uvh_test.counter: track_id: 2508, frame: 221311, previous_bottom_center: (1322.456787109375, 435.6378), current_bottom_center: (1375.0390625, 423.6221), previous_side: -23.16, current_side: 21.38, side_transition: True, crossing_result: True, direction: A_TO_B
2026-08-29 11:39:07 [DEBUG] uvh_test.main: frame=221311 COUNTED track_id=2508 class=Two-wheeler
2026-08-29 11:39:30 [DEBUG] uvh_test.counter: track_id: 2511, frame: 222051, previous_bottom_center: (1266.4818115234375, 386.1316), current_bottom_center: (1309.0556640625, 377.79797), previous_side: -24.86, current_side: 10.18, side_transition: True, crossing_result: True, direction: A_TO_B
2026-08-29 11:39:30 [DEBUG] uvh_test.main: frame=222051 COUNTED track_id=2511 class=Two-wheeler
2026-08-29 11:39:58 [DEBUG] uvh_test.counter: track_id: 2516, frame: 222959, previous_bottom_center: (1291.396728515625, 390.77347), current_bottom_center: (1326.571044921875, 383.65146), previous_side: -11.34, current_side: 17.79, side_transition: True, crossing_result: True, direction: A_TO_B
2026-08-29 11:39:58 [DEBUG] uvh_test.main: frame=222959 COUNTED track_id=2516 class=Two-wheeler
2026-08-29 11:40:56 [DEBUG] uvh_test.counter: track_id: 2529, frame: 224895, previous_bottom_center: (1611.296630859375, 693.4054), current_bottom_center: (1646.539306640625, 693.1557), previous_side: -16.07, current_side: 8.06, side_transition: True, crossing_result: True, direction: A_TO_B
2026-08-29 11:40:56 [DEBUG] uvh_test.main: frame=224895 COUNTED track_id=2529 class=tempo-traveller
2026-08-29 11:41:10 [DEBUG] uvh_test.counter: track_id: 2531, frame: 225383, previous_bottom_center: (1306.561767578125, 393.93256), current_bottom_center: (1328.72216796875, 389.26642), previous_side: -3.35, current_side: 15.13, side_transition: True, crossing_result: True, direction: A_TO_B
2026-08-29 11:41:10 [DEBUG] uvh_test.main: frame=225383 COUNTED track_id=2531 class=Two-wheeler
2026-08-29 11:41:16 [DEBUG] uvh_test.counter: track_id: 2535, frame: 225572, previous_bottom_center: (1301.8590087890625, 392.91672), current_bottom_center: (1313.086181640625, 390.75647), previous_side: -5.80, current_side: 3.41, side_transition: True, crossing_result: True, direction: A_TO_B
2026-08-29 11:41:16 [DEBUG] uvh_test.main: frame=225572 COUNTED track_id=2535 class=Two-wheeler
2026-08-29 11:41:17 [DEBUG] uvh_test.counter: track_id: 2536, frame: 225579, previous_bottom_center: (1266.0931396484375, 360.84967), current_bottom_center: (1281.7738037109375, 359.15265), previous_side: -6.57, current_side: 5.33, side_transition: True, crossing_result: True, direction: A_TO_B
2026-08-29 11:41:17 [INFO] uvh_test.counter: SAFETY NET REJECTION: Rejecting tid=2536 as duplicate of class Two-wheeler, prev_tid=2535, dist=44.5px, thresh=150.0px, bbox_size=100.6x125.3
2026-08-29 11:41:29 [DEBUG] uvh_test.counter: track_id: 2540, frame: 225951, previous_bottom_center: (1299.94287109375, 384.90497), current_bottom_center: (1339.816162109375, 377.37436), previous_side: -1.22, current_side: 31.39, side_transition: True, crossing_result: True, direction: A_TO_B
2026-08-29 11:41:29 [DEBUG] uvh_test.main: frame=225951 COUNTED track_id=2540 class=Two-wheeler
2026-08-29 11:41:46 [INFO] uvh_test.counter: SAFETY NET MERGE: Merging current tid=2544 into lost_tid=2544, dist=85.6px
2026-08-29 11:41:46 [DEBUG] uvh_test.main: frame=226512 COUNTED track_id=2544 class=Two-wheeler
2026-08-29 11:42:00 [DEBUG] uvh_test.counter: track_id: 2548, frame: 226992, previous_bottom_center: (1389.49267578125, 498.03345), current_bottom_center: (1417.989501953125, 488.6349), previous_side: -23.40, current_side: 2.86, side_transition: True, crossing_result: True, direction: A_TO_B
2026-08-29 11:42:00 [DEBUG] uvh_test.main: frame=226992 COUNTED track_id=2548 class=Two-wheeler
2026-08-29 11:42:00 [DEBUG] uvh_test.counter: track_id: 2546, frame: 226995, previous_bottom_center: (1280.192626953125, 376.8283), current_bottom_center: (1302.555419921875, 372.2145), previous_side: -8.72, current_side: 9.86, side_transition: True, crossing_result: True, direction: A_TO_B
2026-08-29 11:42:00 [DEBUG] uvh_test.main: frame=226995 COUNTED track_id=2546 class=Two-wheeler
2026-08-29 11:42:18 [DEBUG] uvh_test.counter: track_id: 2550, frame: 227572, previous_bottom_center: (1273.48876953125, 365.0292), current_bottom_center: (1292.976806640625, 361.83917), previous_side: -4.61, current_side: 10.97, side_transition: True, crossing_result: True, direction: A_TO_B
2026-08-29 11:42:18 [DEBUG] uvh_test.main: frame=227572 COUNTED track_id=2550 class=Two-wheeler
2026-08-29 11:42:21 [DEBUG] uvh_test.counter: track_id: 2554, frame: 227659, previous_bottom_center: (1557.0157470703125, 646.14667), current_bottom_center: (1625.90478515625, 591.20795), previous_side: -18.27, current_side: 68.85, side_transition: True, crossing_result: True, direction: A_TO_B
2026-08-29 11:42:21 [DEBUG] uvh_test.main: frame=227659 COUNTED track_id=2554 class=Sedan
2026-08-29 11:42:31 [DEBUG] uvh_test.counter: track_id: 2569, frame: 227955, previous_bottom_center: (1283.735107421875, 377.71603), current_bottom_center: (1304.118408203125, 373.30182), previous_side: -6.96, current_side: 10.13, side_transition: True, crossing_result: True, direction: A_TO_B
2026-08-29 11:42:31 [DEBUG] uvh_test.main: frame=227955 COUNTED track_id=2569 class=Truck
2026-08-29 11:42:46 [DEBUG] uvh_test.counter: track_id: 2570, frame: 228435, previous_bottom_center: (1294.00341796875, 386.4027), current_bottom_center: (1318.638916015625, 381.9128), previous_side: -6.36, current_side: 13.67, side_transition: True, crossing_result: True, direction: A_TO_B
2026-08-29 11:42:46 [DEBUG] uvh_test.main: frame=228435 COUNTED track_id=2570 class=Two-wheeler
2026-08-29 11:42:49 [DEBUG] uvh_test.counter: track_id: 2573, frame: 228512, previous_bottom_center: (1292.7137451171875, 390.20374), current_bottom_center: (1310.6572265625, 385.8679), previous_side: -10.02, current_side: 5.35, side_transition: True, crossing_result: True, direction: A_TO_B
2026-08-29 11:42:49 [INFO] uvh_test.counter: SAFETY NET REJECTION: Rejecting tid=2573 as duplicate of class Two-wheeler, prev_tid=2570, dist=8.9px, thresh=150.0px, bbox_size=153.8x142.8
2026-08-29 11:42:53 [DEBUG] uvh_test.counter: track_id: 2575, frame: 228651, previous_bottom_center: (1257.2626953125, 366.74857), current_bottom_center: (1289.0673828125, 362.07745), previous_side: -16.90, current_side: 8.14, side_transition: True, crossing_result: True, direction: A_TO_B
2026-08-29 11:42:53 [DEBUG] uvh_test.main: frame=228651 COUNTED track_id=2575 class=Two-wheeler
2026-08-29 11:43:04 [DEBUG] uvh_test.counter: track_id: 2578, frame: 228955, previous_bottom_center: (1296.74951171875, 402.2871), current_bottom_center: (1327.6768798828125, 395.36716), previous_side: -16.15, current_side: 9.94, side_transition: True, crossing_result: True, direction: A_TO_B
2026-08-29 11:43:04 [DEBUG] uvh_test.main: frame=228955 COUNTED track_id=2578 class=Two-wheeler
2026-08-29 11:43:07 [DEBUG] uvh_test.counter: track_id: 2580, frame: 229063, previous_bottom_center: (1259.550537109375, 359.3306), current_bottom_center: (1274.976318359375, 356.54193), previous_side: -9.90, current_side: 2.63, side_transition: True, crossing_result: True, direction: A_TO_B
2026-08-29 11:43:07 [DEBUG] uvh_test.main: frame=229063 COUNTED track_id=2580 class=LCV
2026-08-29 11:43:36 [DEBUG] uvh_test.counter: track_id: 2585, frame: 230039, previous_bottom_center: (1557.107177734375, 695.70575), current_bottom_center: (1582.219482421875, 602.4541), previous_side: -54.57, current_side: 30.92, side_transition: True, crossing_result: True, direction: A_TO_B
2026-08-29 11:43:36 [DEBUG] uvh_test.main: frame=230039 COUNTED track_id=2585 class=Sedan
2026-08-29 11:44:19 [DEBUG] uvh_test.counter: track_id: 2589, frame: 231516, previous_bottom_center: (1270.580322265625, 357.5072), current_bottom_center: (1279.200927734375, 356.31097), previous_side: -1.07, current_side: 5.66, side_transition: True, crossing_result: True, direction: A_TO_B
2026-08-29 11:44:19 [DEBUG] uvh_test.main: frame=231516 COUNTED track_id=2589 class=Two-wheeler
2026-08-29 11:44:31 [DEBUG] uvh_test.counter: track_id: 2596, frame: 231912, previous_bottom_center: (1508.520263671875, 586.0985), current_bottom_center: (1526.324951171875, 577.32886), previous_side: -7.15, current_side: 11.38, side_transition: True, crossing_result: True, direction: A_TO_B
2026-08-29 11:44:31 [DEBUG] uvh_test.main: frame=231912 COUNTED track_id=2596 class=Two-wheeler
2026-08-29 11:44:32 [DEBUG] uvh_test.counter: track_id: 2591, frame: 231925, previous_bottom_center: (1258.79296875, 345.23865), current_bottom_center: (1260.46728515625, 344.93384), previous_side: -0.08, current_side: 1.29, side_transition: True, crossing_result: True, direction: A_TO_B
2026-08-29 11:44:32 [DEBUG] uvh_test.main: frame=231925 COUNTED track_id=2591 class=Two-wheeler
2026-08-29 11:44:34 [DEBUG] uvh_test.counter: track_id: 2598, frame: 231996, previous_bottom_center: (1459.117431640625, 534.7179), current_bottom_center: (1473.34521484375, 527.52734), previous_side: -3.01, current_side: 11.93, side_transition: True, crossing_result: True, direction: A_TO_B
2026-08-29 11:44:34 [INFO] uvh_test.counter: SAFETY NET REJECTION: Rejecting tid=2598 as duplicate of class Two-wheeler, prev_tid=2596, dist=72.7px, thresh=150.0px, bbox_size=203.4x214.7
2026-08-29 11:44:47 [DEBUG] uvh_test.counter: track_id: 2602, frame: 232355, previous_bottom_center: (1267.17431640625, 354.23276), current_bottom_center: (1277.80712890625, 349.24402), previous_side: -0.98, current_side: 9.90, side_transition: True, crossing_result: True, direction: A_TO_B
2026-08-29 11:44:47 [DEBUG] uvh_test.main: frame=232355 COUNTED track_id=2602 class=LCV
2026-08-29 11:44:48 [DEBUG] uvh_test.counter: track_id: 2600, frame: 232364, previous_bottom_center: (1333.6710205078125, 414.60815), current_bottom_center: (1341.894775390625, 412.8779), previous_side: -0.11, current_side: 6.75, side_transition: True, crossing_result: True, direction: A_TO_B
2026-08-29 11:44:48 [DEBUG] uvh_test.main: frame=232364 COUNTED track_id=2600 class=Two-wheeler
2026-08-29 11:44:56 [DEBUG] uvh_test.counter: track_id: 2607, frame: 232616, previous_bottom_center: (1304.6370849609375, 392.24268), current_bottom_center: (1311.494873046875, 390.9464), previous_side: -3.42, current_side: 2.19, side_transition: True, crossing_result: True, direction: A_TO_B
2026-08-29 11:44:56 [DEBUG] uvh_test.main: frame=232616 COUNTED track_id=2607 class=Two-wheeler
2026-08-29 11:45:05 [DEBUG] uvh_test.counter: track_id: 2612, frame: 232871, previous_bottom_center: (1243.4359130859375, 374.48422), current_bottom_center: (1286.065185546875, 367.4998), previous_side: -31.97, current_side: 2.12, side_transition: True, crossing_result: True, direction: A_TO_B
2026-08-29 11:45:05 [DEBUG] uvh_test.main: frame=232871 COUNTED track_id=2612 class=Two-wheeler
2026-08-29 11:45:48 [DEBUG] uvh_test.counter: track_id: 2620, frame: 234312, previous_bottom_center: (1308.046142578125, 396.62775), current_bottom_center: (1324.447998046875, 393.12784), previous_side: -4.32, current_side: 9.39, side_transition: True, crossing_result: True, direction: A_TO_B
2026-08-29 11:45:48 [DEBUG] uvh_test.main: frame=234312 COUNTED track_id=2620 class=Two-wheeler
2026-08-29 11:45:49 [DEBUG] uvh_test.counter: track_id: 2621, frame: 234351, previous_bottom_center: (1253.953857421875, 365.4252), current_bottom_center: (1283.107666015625, 361.00906), previous_side: -18.18, current_side: 4.87, side_transition: True, crossing_result: True, direction: A_TO_B
2026-08-29 11:45:49 [INFO] uvh_test.counter: SAFETY NET REJECTION: Rejecting tid=2621 as duplicate of class Two-wheeler, prev_tid=2620, dist=52.4px, thresh=150.0px, bbox_size=152.4x115.9
2026-08-29 11:46:03 [DEBUG] uvh_test.counter: track_id: 2624, frame: 234771, previous_bottom_center: (1509.09521484375, 647.7084), current_bottom_center: (1607.6466064453125, 647.67487), previous_side: -51.97, current_side: 15.01, side_transition: True, crossing_result: True, direction: A_TO_B
2026-08-29 11:46:03 [DEBUG] uvh_test.main: frame=234771 COUNTED track_id=2624 class=tempo-traveller
2026-08-29 11:46:57 [DEBUG] uvh_test.counter: track_id: 2628, frame: 236660, previous_bottom_center: (1277.994873046875, 366.83417), current_bottom_center: (1286.825439453125, 365.51334), previous_side: -2.88, current_side: 4.09, side_transition: True, crossing_result: True, direction: A_TO_B
2026-08-29 11:46:57 [DEBUG] uvh_test.main: frame=236660 COUNTED track_id=2628 class=Two-wheeler
2026-08-29 11:47:01 [DEBUG] uvh_test.counter: track_id: 2632, frame: 236792, previous_bottom_center: (1261.58984375, 357.22528), current_bottom_center: (1278.497802734375, 353.93875), previous_side: -6.97, current_side: 6.93, side_transition: True, crossing_result: True, direction: A_TO_B
2026-08-29 11:47:01 [DEBUG] uvh_test.main: frame=236792 COUNTED track_id=2632 class=SUV
2026-08-29 11:47:15 [DEBUG] uvh_test.counter: track_id: 2634, frame: 237224, previous_bottom_center: (1301.4970703125, 384.72552), current_bottom_center: (1304.58154296875, 384.1409), previous_side: -0.04, current_side: 2.49, side_transition: True, crossing_result: True, direction: A_TO_B
2026-08-29 11:47:15 [DEBUG] uvh_test.main: frame=237224 COUNTED track_id=2634 class=Two-wheeler
2026-08-29 11:47:19 [DEBUG] uvh_test.counter: track_id: 2635, frame: 237351, previous_bottom_center: (1332.300537109375, 439.31268), current_bottom_center: (1394.7215576171875, 425.36017), previous_side: -19.16, current_side: 33.48, side_transition: True, crossing_result: True, direction: A_TO_B
2026-08-29 11:47:19 [INFO] uvh_test.counter: SAFETY NET REJECTION: Rejecting tid=2635 as duplicate of class Two-wheeler, prev_tid=2634, dist=99.1px, thresh=150.0px, bbox_size=171.1x164.7
2026-08-29 11:47:22 [DEBUG] uvh_test.counter: track_id: 2638, frame: 237464, previous_bottom_center: (1272.942138671875, 359.7024), current_bottom_center: (1276.084228515625, 359.14014), previous_side: -1.08, current_side: 1.47, side_transition: True, crossing_result: True, direction: A_TO_B
2026-08-29 11:47:22 [DEBUG] uvh_test.main: frame=237464 COUNTED track_id=2638 class=Two-wheeler
2026-08-29 11:47:31 [DEBUG] uvh_test.counter: track_id: 2642, frame: 237743, previous_bottom_center: (1254.719970703125, 342.08963), current_bottom_center: (1269.630859375, 339.29), previous_side: -0.53, current_side: 11.65, side_transition: True, crossing_result: True, direction: A_TO_B
2026-08-29 11:47:31 [DEBUG] uvh_test.main: frame=237743 COUNTED track_id=2642 class=Two-wheeler
2026-08-29 11:47:32 [DEBUG] uvh_test.counter: track_id: 2643, frame: 237775, previous_bottom_center: (1308.2974853515625, 407.392), current_bottom_center: (1326.95166015625, 404.00024), previous_side: -12.05, current_side: 3.11, side_transition: True, crossing_result: True, direction: A_TO_B
2026-08-29 11:47:32 [INFO] uvh_test.counter: SAFETY NET REJECTION: Rejecting tid=2643 as duplicate of class Two-wheeler, prev_tid=2642, dist=86.4px, thresh=150.0px, bbox_size=170.3x150.8
2026-08-29 11:47:52 [DEBUG] uvh_test.counter: track_id: 2649, frame: 238392, previous_bottom_center: (1544.492431640625, 677.9836), current_bottom_center: (1592.423095703125, 653.9962), previous_side: -50.14, current_side: 0.03, side_transition: True, crossing_result: True, direction: A_TO_B
2026-08-29 11:47:52 [DEBUG] uvh_test.main: frame=238392 COUNTED track_id=2649 class=SUV
2026-08-29 11:47:52 [DEBUG] uvh_test.counter: track_id: 2647, frame: 238395, previous_bottom_center: (1465.827880859375, 645.61334), current_bottom_center: (1562.469970703125, 613.1311), previous_side: -79.83, current_side: 9.67, side_transition: True, crossing_result: True, direction: A_TO_B
2026-08-29 11:47:52 [INFO] uvh_test.counter: SAFETY NET REJECTION: Rejecting tid=2647 as duplicate of class SUV, prev_tid=2649, dist=50.7px, thresh=150.0px, bbox_size=459.0x384.4
2026-08-29 11:47:52 [DEBUG] uvh_test.counter: track_id: 2651, frame: 238399, previous_bottom_center: (1610.78076171875, 691.955), current_bottom_center: (1615.797607421875, 599.11865), previous_side: -15.35, current_side: 56.18, side_transition: True, crossing_result: True, direction: A_TO_B
2026-08-29 11:47:52 [INFO] uvh_test.counter: SAFETY NET REJECTION: Rejecting tid=2651 as duplicate of class SUV, prev_tid=2649, dist=59.6px, thresh=150.0px, bbox_size=362.3x296.1
2026-08-29 11:47:59 [DEBUG] uvh_test.counter: track_id: 2656, frame: 238551, previous_bottom_center: (1368.103271484375, 551.659), current_bottom_center: (1406.756103515625, 448.9869), previous_side: -77.28, current_side: 24.32, side_transition: True, crossing_result: True, direction: A_TO_B
2026-08-29 11:47:59 [DEBUG] uvh_test.counter: track_id: 2658, frame: 238551, previous_bottom_center: (1416.615966796875, 502.93246), current_bottom_center: (1447.93505859375, 503.0368), previous_side: -8.56, current_side: 12.64, side_transition: True, crossing_result: True, direction: A_TO_B
2026-08-29 11:47:59 [INFO] uvh_test.counter: SAFETY NET REJECTION: Rejecting tid=2658 as duplicate of class LCV, prev_tid=2656, dist=67.9px, thresh=150.0px, bbox_size=458.9x384.3
2026-08-29 11:47:59 [DEBUG] uvh_test.counter: track_id: 2652, frame: 238551, previous_bottom_center: (1369.368408203125, 455.14093), current_bottom_center: (1400.6016845703125, 455.22684), previous_side: -5.60, current_side: 15.56, side_transition: True, crossing_result: True, direction: A_TO_B
2026-08-29 11:47:59 [INFO] uvh_test.counter: SAFETY NET REJECTION: Rejecting tid=2652 as duplicate of class LCV, prev_tid=2656, dist=8.8px, thresh=150.0px, bbox_size=458.9x384.3
2026-08-29 11:47:59 [DEBUG] uvh_test.main: frame=238551 COUNTED track_id=2656 class=LCV
2026-08-29 11:48:06 [DEBUG] uvh_test.counter: track_id: 2661, frame: 238737, previous_bottom_center: (1258.854736328125, 346.03662), current_bottom_center: (1260.855224609375, 345.99414), previous_side: -0.62, current_side: 0.77, side_transition: True, crossing_result: True, direction: A_TO_B
2026-08-29 11:48:06 [DEBUG] uvh_test.main: frame=238737 COUNTED track_id=2661 class=Two-wheeler
2026-08-29 11:48:06 [DEBUG] uvh_test.counter: track_id: 2665, frame: 238751, previous_bottom_center: (1386.229248046875, 480.25238), current_bottom_center: (1450.2794189453125, 463.12537), previous_side: -12.57, current_side: 43.52, side_transition: True, crossing_result: True, direction: A_TO_B
2026-08-29 11:48:06 [DEBUG] uvh_test.main: frame=238751 COUNTED track_id=2665 class=Two-wheeler
2026-08-29 11:48:08 [DEBUG] uvh_test.counter: track_id: 2666, frame: 238804, previous_bottom_center: (1304.4453125, 397.227), current_bottom_center: (1316.0406494140625, 394.4511), previous_side: -7.21, current_side: 2.71, side_transition: True, crossing_result: True, direction: A_TO_B
2026-08-29 11:48:08 [INFO] uvh_test.counter: SAFETY NET REJECTION: Rejecting tid=2666 as duplicate of class Two-wheeler, prev_tid=2661, dist=73.4px, thresh=150.0px, bbox_size=174.3x146.8
2026-08-29 11:48:31 [DEBUG] uvh_test.counter: track_id: 2669, frame: 239523, previous_bottom_center: (1267.017822265625, 374.97043), current_bottom_center: (1291.7432861328125, 370.07977), previous_side: -16.30, current_side: 4.08, side_transition: True, crossing_result: True, direction: A_TO_B
2026-08-29 11:48:31 [DEBUG] uvh_test.main: frame=239523 COUNTED track_id=2669 class=Two-wheeler
2026-08-29 11:48:36 [DEBUG] uvh_test.counter: track_id: 2671, frame: 239695, previous_bottom_center: (1270.71923828125, 360.1546), current_bottom_center: (1292.455322265625, 357.1071), previous_side: -2.92, current_side: 14.09, side_transition: True, crossing_result: True, direction: A_TO_B
2026-08-29 11:48:36 [DEBUG] uvh_test.main: frame=239695 COUNTED track_id=2671 class=Two-wheeler
2026-08-29 11:48:47 [DEBUG] uvh_test.counter: track_id: 2676, frame: 240031, previous_bottom_center: (1365.650146484375, 598.3445), current_bottom_center: (1436.9349365234375, 497.69244), previous_side: -113.20, current_side: 9.09, side_transition: True, crossing_result: True, direction: A_TO_B
2026-08-29 11:48:47 [DEBUG] uvh_test.main: frame=240031 COUNTED track_id=2676 class=Truck
2026-08-29 11:48:47 [DEBUG] uvh_test.counter: track_id: 2675, frame: 240032, previous_bottom_center: (1447.998046875, 551.40326), current_bottom_center: (1495.2958984375, 551.3828), previous_side: -22.81, current_side: 9.34, side_transition: True, crossing_result: True, direction: A_TO_B
2026-08-29 11:48:47 [INFO] uvh_test.counter: SAFETY NET REJECTION: Rejecting tid=2675 as duplicate of class Truck, prev_tid=2676, dist=79.3px, thresh=300.0px, bbox_size=458.9x384.3
2026-08-29 11:48:55 [DEBUG] uvh_test.counter: track_id: 2681, frame: 240275, previous_bottom_center: (1605.076904296875, 695.66656), current_bottom_center: (1605.082763671875, 659.66516), previous_side: -21.95, current_side: 4.47, side_transition: True, crossing_result: True, direction: A_TO_B
2026-08-29 11:48:55 [DEBUG] uvh_test.main: frame=240275 COUNTED track_id=2681 class=MUV
2026-08-29 11:48:56 [DEBUG] uvh_test.counter: track_id: 2680, frame: 240284, previous_bottom_center: (1624.237060546875, 694.66394), current_bottom_center: (1647.9168701171875, 694.7619), previous_side: -8.20, current_side: 7.82, side_transition: True, crossing_result: True, direction: A_TO_B
2026-08-29 11:48:56 [DEBUG] uvh_test.counter: track_id: 2682, frame: 240284, previous_bottom_center: (1570.714599609375, 647.8448), current_bottom_center: (1594.781005859375, 647.7804), previous_side: -10.21, current_side: 6.19, side_transition: True, crossing_result: True, direction: A_TO_B
2026-08-29 11:48:56 [INFO] uvh_test.counter: SAFETY NET REJECTION: Rejecting tid=2682 as duplicate of class SUV, prev_tid=2680, dist=70.9px, thresh=150.0px, bbox_size=459.0x384.4
2026-08-29 11:48:56 [DEBUG] uvh_test.main: frame=240284 COUNTED track_id=2680 class=SUV
2026-08-29 11:49:09 [DEBUG] uvh_test.counter: track_id: 2685, frame: 240671, previous_bottom_center: (1564.380126953125, 645.6942), current_bottom_center: (1627.1934814453125, 645.9348), previous_side: -12.93, current_side: 29.57, side_transition: True, crossing_result: True, direction: A_TO_B
2026-08-29 11:49:09 [DEBUG] uvh_test.main: frame=240671 COUNTED track_id=2685 class=Sedan
2026-08-29 11:49:09 [DEBUG] uvh_test.counter: track_id: 2687, frame: 240675, previous_bottom_center: (1609.787109375, 693.8784), current_bottom_center: (1614.757080078125, 608.929), previous_side: -17.44, current_side: 48.27, side_transition: True, crossing_result: True, direction: A_TO_B
2026-08-29 11:49:09 [INFO] uvh_test.counter: SAFETY NET REJECTION: Rejecting tid=2687 as duplicate of class Sedan, prev_tid=2685, dist=39.0px, thresh=150.0px, bbox_size=363.1x297.5
2026-08-29 11:49:09 [DEBUG] uvh_test.counter: track_id: 2686, frame: 240679, previous_bottom_center: (1558.73388671875, 646.0679), current_bottom_center: (1590.8740234375, 646.2248), previous_side: -17.04, current_side: 4.68, side_transition: True, crossing_result: True, direction: A_TO_B
2026-08-29 11:49:09 [INFO] uvh_test.counter: SAFETY NET REJECTION: Rejecting tid=2686 as duplicate of class Sedan, prev_tid=2685, dist=36.3px, thresh=150.0px, bbox_size=459.0x384.3
2026-08-29 11:49:20 [DEBUG] uvh_test.counter: track_id: 2691, frame: 240963, previous_bottom_center: (1367.724609375, 455.84872), current_bottom_center: (1399.1728515625, 455.80267), previous_side: -7.23, current_side: 14.17, side_transition: True, crossing_result: True, direction: A_TO_B
2026-08-29 11:49:20 [DEBUG] uvh_test.counter: track_id: 2694, frame: 240963, previous_bottom_center: (1414.966064453125, 503.2371), current_bottom_center: (1446.484130859375, 503.26938), previous_side: -9.91, current_side: 11.48, side_transition: True, crossing_result: True, direction: A_TO_B
2026-08-29 11:49:20 [INFO] uvh_test.counter: SAFETY NET REJECTION: Rejecting tid=2694 as duplicate of class Truck, prev_tid=2691, dist=67.0px, thresh=300.0px, bbox_size=459.0x384.3
2026-08-29 11:49:20 [DEBUG] uvh_test.main: frame=240963 COUNTED track_id=2691 class=Truck
2026-08-29 11:49:21 [DEBUG] uvh_test.counter: track_id: 2689, frame: 240979, previous_bottom_center: (1463.799072265625, 551.7498), current_bottom_center: (1495.201904296875, 551.72107), previous_side: -12.33, current_side: 9.03, side_transition: True, crossing_result: True, direction: A_TO_B
2026-08-29 11:49:21 [INFO] uvh_test.counter: SAFETY NET REJECTION: Rejecting tid=2689 as duplicate of class Truck, prev_tid=2691, dist=135.7px, thresh=300.0px, bbox_size=458.9x384.3
2026-08-29 11:49:21 [DEBUG] uvh_test.counter: track_id: 2693, frame: 240983, previous_bottom_center: (1415.269775390625, 503.7948), current_bottom_center: (1415.60791015625, 472.14655), previous_side: -10.11, current_side: 13.34, side_transition: True, crossing_result: True, direction: A_TO_B
2026-08-29 11:49:21 [INFO] uvh_test.counter: SAFETY NET REJECTION: Rejecting tid=2693 as duplicate of class Truck, prev_tid=2691, dist=23.2px, thresh=300.0px, bbox_size=458.9x384.5
2026-08-29 11:49:22 [DEBUG] uvh_test.counter: track_id: 2696, frame: 240999, previous_bottom_center: (1609.021484375, 695.676), current_bottom_center: (1608.87744140625, 662.88336), previous_side: -19.28, current_side: 4.69, side_transition: True, crossing_result: True, direction: A_TO_B
2026-08-29 11:49:22 [DEBUG] uvh_test.counter: track_id: 2697, frame: 240999, previous_bottom_center: (1653.0743408203125, 743.6803), current_bottom_center: (1653.097412109375, 707.6981), previous_side: -24.57, current_side: 1.85, side_transition: True, crossing_result: True, direction: A_TO_B
2026-08-29 11:49:22 [INFO] uvh_test.counter: SAFETY NET REJECTION: Rejecting tid=2697 as duplicate of class MUV, prev_tid=2696, dist=63.0px, thresh=150.0px, bbox_size=458.9x384.3
2026-08-29 11:49:22 [DEBUG] uvh_test.main: frame=240999 COUNTED track_id=2696 class=MUV
2026-08-29 11:49:24 [DEBUG] uvh_test.counter: track_id: 2695, frame: 241023, previous_bottom_center: (1513.11767578125, 692.0979), current_bottom_center: (1693.831787109375, 503.6435), previous_side: -81.81, current_side: 179.25, side_transition: True, crossing_result: True, direction: A_TO_B
2026-08-29 11:49:24 [DEBUG] uvh_test.main: frame=241023 COUNTED track_id=2695 class=SUV
2026-08-29 11:50:12 [DEBUG] uvh_test.counter: track_id: 2702, frame: 242579, previous_bottom_center: (1275.396728515625, 368.77393), current_bottom_center: (1295.291015625, 365.78284), previous_side: -6.06, current_side: 9.65, side_transition: True, crossing_result: True, direction: A_TO_B
2026-08-29 11:50:12 [DEBUG] uvh_test.main: frame=242579 COUNTED track_id=2702 class=LCV
2026-08-29 11:50:22 [DEBUG] uvh_test.counter: track_id: 2704, frame: 242883, previous_bottom_center: (1274.9671630859375, 372.46762), current_bottom_center: (1298.766845703125, 368.45605), previous_side: -9.07, current_side: 10.05, side_transition: True, crossing_result: True, direction: A_TO_B
2026-08-29 11:50:22 [DEBUG] uvh_test.main: frame=242883 COUNTED track_id=2704 class=Two-wheeler
2026-08-29 11:50:56 [DEBUG] uvh_test.counter: track_id: 2709, frame: 243923, previous_bottom_center: (1468.7791748046875, 596.8673), current_bottom_center: (1493.37060546875, 558.63434), previous_side: -42.05, current_side: 2.71, side_transition: True, crossing_result: True, direction: A_TO_B
2026-08-29 11:50:56 [DEBUG] uvh_test.counter: track_id: 2710, frame: 243923, previous_bottom_center: (1516.77880859375, 644.87146), current_bottom_center: (1549.3326416015625, 612.88043), previous_side: -44.67, current_side: 0.92, side_transition: True, crossing_result: True, direction: A_TO_B
2026-08-29 11:50:56 [INFO] uvh_test.counter: SAFETY NET REJECTION: Rejecting tid=2710 as duplicate of class Sedan, prev_tid=2709, dist=77.9px, thresh=150.0px, bbox_size=458.9x384.3
2026-08-29 11:50:56 [DEBUG] uvh_test.main: frame=243923 COUNTED track_id=2709 class=Sedan
2026-08-29 11:50:59 [DEBUG] uvh_test.counter: track_id: 2718, frame: 244012, previous_bottom_center: (1349.2890625, 488.9798), current_bottom_center: (1379.094970703125, 442.79282), previous_side: -44.07, current_side: 10.07, side_transition: True, crossing_result: True, direction: A_TO_B
2026-08-29 11:50:59 [DEBUG] uvh_test.main: frame=244012 COUNTED track_id=2718 class=SUV
2026-08-29 11:50:59 [DEBUG] uvh_test.counter: track_id: 2711, frame: 244015, previous_bottom_center: (1419.745361328125, 501.91852), current_bottom_center: (1452.3885498046875, 502.1519), previous_side: -5.69, current_side: 16.31, side_transition: True, crossing_result: True, direction: A_TO_B
2026-08-29 11:50:59 [INFO] uvh_test.counter: SAFETY NET REJECTION: Rejecting tid=2711 as duplicate of class SUV, prev_tid=2718, dist=94.3px, thresh=150.0px, bbox_size=459.0x384.3
2026-08-29 11:51:12 [DEBUG] uvh_test.counter: track_id: 2721, frame: 244404, previous_bottom_center: (1279.663330078125, 364.8673), current_bottom_center: (1286.2357177734375, 363.5692), previous_side: -0.30, current_side: 5.12, side_transition: True, crossing_result: True, direction: A_TO_B
2026-08-29 11:51:12 [DEBUG] uvh_test.main: frame=244404 COUNTED track_id=2721 class=Two-wheeler
2026-08-29 11:51:41 [DEBUG] uvh_test.counter: track_id: 2727, frame: 245332, previous_bottom_center: (1569.231201171875, 655.5392), current_bottom_center: (1590.04443359375, 641.86957), previous_side: -16.86, current_side: 7.31, side_transition: True, crossing_result: True, direction: A_TO_B
2026-08-29 11:51:41 [DEBUG] uvh_test.main: frame=245332 COUNTED track_id=2727 class=Two-wheeler
2026-08-29 11:51:44 [DEBUG] uvh_test.counter: track_id: 2732, frame: 245423, previous_bottom_center: (1272.182861328125, 358.8116), current_bottom_center: (1289.1380615234375, 355.6208), previous_side: -0.94, current_side: 12.92, side_transition: True, crossing_result: True, direction: A_TO_B
2026-08-29 11:51:44 [DEBUG] uvh_test.main: frame=245423 COUNTED track_id=2732 class=Truck
2026-08-29 11:52:46 [DEBUG] uvh_test.counter: track_id: 2743, frame: 247424, previous_bottom_center: (1253.0291748046875, 339.85263), current_bottom_center: (1258.5537109375, 339.00092), previous_side: -0.04, current_side: 4.34, side_transition: True, crossing_result: True, direction: A_TO_B
2026-08-29 11:52:46 [DEBUG] uvh_test.main: frame=247424 COUNTED track_id=2743 class=Two-wheeler
2026-08-29 11:53:10 [DEBUG] uvh_test.counter: track_id: 2748, frame: 248195, previous_bottom_center: (1279.787109375, 376.55145), current_bottom_center: (1305.479736328125, 371.81116), previous_side: -8.79, current_side: 12.14, side_transition: True, crossing_result: True, direction: A_TO_B
2026-08-29 11:53:10 [DEBUG] uvh_test.main: frame=248195 COUNTED track_id=2748 class=tempo-traveller
2026-08-29 11:53:27 [DEBUG] uvh_test.counter: track_id: 2752, frame: 248783, previous_bottom_center: (1521.8572998046875, 598.81555), current_bottom_center: (1557.653076171875, 580.6138), previous_side: -7.42, current_side: 30.25, side_transition: True, crossing_result: True, direction: A_TO_B
2026-08-29 11:53:27 [DEBUG] uvh_test.main: frame=248783 COUNTED track_id=2752 class=Two-wheeler
2026-08-29 11:53:30 [DEBUG] uvh_test.counter: track_id: 2759, frame: 248872, previous_bottom_center: (1362.443603515625, 461.54214), current_bottom_center: (1378.992431640625, 454.45602), previous_side: -15.00, current_side: 1.45, side_transition: True, crossing_result: True, direction: A_TO_B
2026-08-29 11:53:30 [DEBUG] uvh_test.main: frame=248872 COUNTED track_id=2759 class=Sedan
2026-08-29 11:53:41 [INFO] uvh_test.counter: SAFETY NET MERGE: Merging current tid=2765 into lost_tid=2765, dist=82.5px
2026-08-29 11:53:41 [DEBUG] uvh_test.main: frame=249192 COUNTED track_id=2765 class=Two-wheeler
2026-08-29 11:53:59 [DEBUG] uvh_test.counter: track_id: 2771, frame: 249775, previous_bottom_center: (1563.4150390625, 644.0892), current_bottom_center: (1564.335693359375, 611.5835), previous_side: -12.41, current_side: 12.07, side_transition: True, crossing_result: True, direction: A_TO_B
2026-08-29 11:53:59 [DEBUG] uvh_test.counter: track_id: 2773, frame: 249775, previous_bottom_center: (1605.072509765625, 695.6669), current_bottom_center: (1605.08154296875, 659.6587), previous_side: -21.95, current_side: 4.47, side_transition: True, crossing_result: True, direction: A_TO_B
2026-08-29 11:53:59 [INFO] uvh_test.counter: SAFETY NET REJECTION: Rejecting tid=2773 as duplicate of class SUV, prev_tid=2771, dist=63.0px, thresh=150.0px, bbox_size=458.9x384.3
2026-08-29 11:53:59 [DEBUG] uvh_test.main: frame=249775 COUNTED track_id=2771 class=SUV
2026-08-29 11:53:59 [DEBUG] uvh_test.counter: track_id: 2772, frame: 249779, previous_bottom_center: (1560.864013671875, 695.7322), current_bottom_center: (1587.904296875, 601.1895), previous_side: -52.04, current_side: 35.71, side_transition: True, crossing_result: True, direction: A_TO_B
2026-08-29 11:53:59 [INFO] uvh_test.counter: SAFETY NET REJECTION: Rejecting tid=2772 as duplicate of class SUV, prev_tid=2771, dist=25.8px, thresh=150.0px, bbox_size=364.1x296.5
2026-08-29 11:53:59 [INFO] uvh_test.counter: SAFETY NET MERGE: Merging current tid=2770 into lost_tid=2770, dist=89.9px
2026-08-29 11:53:59 [INFO] uvh_test.counter: SAFETY NET REJECTION (MERGE PATH): Rejecting tid=2770 as duplicate of class SUV, prev_tid=2771, dist=95.6px, thresh=150.0px
2026-08-29 11:54:03 [DEBUG] uvh_test.counter: track_id: 2779, frame: 249919, previous_bottom_center: (1465.067138671875, 647.8135), current_bottom_center: (1539.535888671875, 587.5346), previous_side: -81.96, current_side: 12.87, side_transition: True, crossing_result: True, direction: A_TO_B
2026-08-29 11:54:03 [INFO] uvh_test.counter: SAFETY NET REJECTION: Rejecting tid=2779 as duplicate of class SUV, prev_tid=2771, dist=34.5px, thresh=150.0px, bbox_size=352.4x288.8
2026-08-29 11:54:04 [DEBUG] uvh_test.counter: track_id: 2780, frame: 249919, previous_bottom_center: (1557.078857421875, 647.6573), current_bottom_center: (1593.089111328125, 647.6614), previous_side: -19.33, current_side: 5.13, side_transition: True, crossing_result: True, direction: A_TO_B
2026-08-29 11:54:04 [INFO] uvh_test.counter: SAFETY NET REJECTION: Rejecting tid=2780 as duplicate of class SUV, prev_tid=2771, dist=46.1px, thresh=150.0px, bbox_size=459.0x384.3
2026-08-29 11:54:05 [DEBUG] uvh_test.counter: track_id: 2785, frame: 249979, previous_bottom_center: (1311.869140625, 406.34915), current_bottom_center: (1342.90771484375, 398.06793), previous_side: -8.86, current_side: 18.31, side_transition: True, crossing_result: True, direction: A_TO_B
2026-08-29 11:54:05 [DEBUG] uvh_test.main: frame=249979 COUNTED track_id=2785 class=Two-wheeler
2026-08-29 11:54:15 [DEBUG] uvh_test.counter: track_id: 2795, frame: 250294, previous_bottom_center: (1416.8074951171875, 501.6831), current_bottom_center: (1448.34619140625, 501.6417), previous_side: -7.52, current_side: 13.94, side_transition: True, crossing_result: True, direction: A_TO_B
2026-08-29 11:54:15 [DEBUG] uvh_test.main: frame=250294 COUNTED track_id=2795 class=SUV
2026-08-29 11:54:16 [DEBUG] uvh_test.counter: track_id: 2796, frame: 250299, previous_bottom_center: (1413.0816650390625, 599.6792), current_bottom_center: (1403.3681640625, 437.0826), previous_side: -81.96, current_side: 30.75, side_transition: True, crossing_result: True, direction: A_TO_B
2026-08-29 11:54:16 [INFO] uvh_test.counter: SAFETY NET REJECTION: Rejecting tid=2796 as duplicate of class SUV, prev_tid=2795, dist=78.7px, thresh=150.0px, bbox_size=256.5x204.0
2026-08-29 11:54:16 [DEBUG] uvh_test.counter: track_id: 2792, frame: 250311, previous_bottom_center: (1462.8770751953125, 551.3276), current_bottom_center: (1494.3807373046875, 551.3755), previous_side: -12.65, current_side: 8.72, side_transition: True, crossing_result: True, direction: A_TO_B
2026-08-29 11:54:16 [INFO] uvh_test.counter: SAFETY NET REJECTION: Rejecting tid=2792 as duplicate of class SUV, prev_tid=2795, dist=67.8px, thresh=150.0px, bbox_size=459.0x384.3
2026-08-29 11:54:23 [DEBUG] uvh_test.counter: track_id: 2800, frame: 250531, previous_bottom_center: (1308.456298828125, 403.33685), current_bottom_center: (1341.06689453125, 393.88773), previous_side: -8.97, current_side: 20.12, side_transition: True, crossing_result: True, direction: A_TO_B
2026-08-29 11:54:23 [DEBUG] uvh_test.main: frame=250531 COUNTED track_id=2800 class=SUV
2026-08-29 11:54:23 [DEBUG] uvh_test.counter: track_id: 2804, frame: 250532, previous_bottom_center: (1479.2408447265625, 568.93176), current_bottom_center: (1507.6318359375, 557.9073), previous_side: -14.45, current_side: 12.93, side_transition: True, crossing_result: True, direction: A_TO_B
2026-08-29 11:54:23 [DEBUG] uvh_test.main: frame=250532 COUNTED track_id=2804 class=Two-wheeler
2026-08-29 11:54:45 [DEBUG] uvh_test.counter: track_id: 2808, frame: 251222, previous_bottom_center: (1277.299072265625, 366.86148), current_bottom_center: (1296.2830810546875, 363.3917), previous_side: -3.37, current_side: 12.07, side_transition: True, crossing_result: True, direction: A_TO_B
2026-08-29 11:54:45 [DEBUG] uvh_test.main: frame=251222 COUNTED track_id=2808 class=Two-wheeler
2026-08-29 11:54:49 [DEBUG] uvh_test.counter: track_id: 2809, frame: 251333, previous_bottom_center: (1273.40771484375, 360.5257), current_bottom_center: (1278.5487060546875, 359.67792), previous_side: -1.36, current_side: 2.75, side_transition: True, crossing_result: True, direction: A_TO_B
2026-08-29 11:54:49 [INFO] uvh_test.counter: SAFETY NET REJECTION: Rejecting tid=2809 as duplicate of class Two-wheeler, prev_tid=2808, dist=18.1px, thresh=150.0px, bbox_size=138.4x129.2
2026-08-29 11:55:16 [DEBUG] uvh_test.counter: track_id: 2813, frame: 252196, previous_bottom_center: (1281.3314208984375, 367.0703), current_bottom_center: (1290.2918701171875, 365.6184), previous_side: -0.78, current_side: 6.37, side_transition: True, crossing_result: True, direction: A_TO_B
2026-08-29 11:55:16 [DEBUG] uvh_test.main: frame=252196 COUNTED track_id=2813 class=Two-wheeler
2026-08-29 11:55:19 [DEBUG] uvh_test.counter: track_id: 2816, frame: 252283, previous_bottom_center: (1577.158447265625, 645.8314), current_bottom_center: (1616.713134765625, 619.6955), previous_side: -4.35, current_side: 41.70, side_transition: True, crossing_result: True, direction: A_TO_B
2026-08-29 11:55:19 [DEBUG] uvh_test.main: frame=252283 COUNTED track_id=2816 class=Two-wheeler
2026-08-29 11:55:31 [DEBUG] uvh_test.counter: track_id: 2820, frame: 252651, previous_bottom_center: (1306.0926513671875, 456.25998), current_bottom_center: (1391.662109375, 433.8118), previous_side: -49.41, current_side: 25.20, side_transition: True, crossing_result: True, direction: A_TO_B
2026-08-29 11:55:31 [DEBUG] uvh_test.main: frame=252651 COUNTED track_id=2820 class=Two-wheeler
2026-08-29 11:55:35 [DEBUG] uvh_test.counter: track_id: 2818, frame: 252751, previous_bottom_center: (1230.11328125, 365.35193), current_bottom_center: (1272.9097900390625, 358.0551), previous_side: -34.32, current_side: 0.11, side_transition: True, crossing_result: True, direction: A_TO_B
2026-08-29 11:55:35 [INFO] uvh_test.counter: SAFETY NET REJECTION: Rejecting tid=2818 as duplicate of class Two-wheeler, prev_tid=2820, dist=140.9px, thresh=150.0px, bbox_size=140.7x126.2
2026-08-29 11:55:43 [DEBUG] uvh_test.counter: track_id: 2823, frame: 252973, previous_bottom_center: (1264.6025390625, 353.966), current_bottom_center: (1270.105224609375, 353.02484), previous_side: -2.53, current_side: 1.90, side_transition: True, crossing_result: True, direction: A_TO_B
2026-08-29 11:55:43 [DEBUG] uvh_test.main: frame=252973 COUNTED track_id=2823 class=Two-wheeler
2026-08-29 11:55:55 [DEBUG] uvh_test.counter: track_id: 2826, frame: 253360, previous_bottom_center: (1256.95751953125, 348.00565), current_bottom_center: (1263.311279296875, 346.87003), previous_side: -3.35, current_side: 1.80, side_transition: True, crossing_result: True, direction: A_TO_B
2026-08-29 11:55:55 [DEBUG] uvh_test.main: frame=253360 COUNTED track_id=2826 class=Two-wheeler
2026-08-29 11:56:05 [DEBUG] uvh_test.counter: track_id: 2828, frame: 253663, previous_bottom_center: (1274.86083984375, 377.95212), current_bottom_center: (1302.56591796875, 372.33307), previous_side: -13.16, current_side: 9.78, side_transition: True, crossing_result: True, direction: A_TO_B
2026-08-29 11:56:05 [DEBUG] uvh_test.main: frame=253663 COUNTED track_id=2828 class=Two-wheeler
2026-08-29 11:56:21 [DEBUG] uvh_test.counter: track_id: 2835, frame: 254152, previous_bottom_center: (1560.00390625, 646.3095), current_bottom_center: (1598.799072265625, 608.10504), previous_side: -16.36, current_side: 38.04, side_transition: True, crossing_result: True, direction: A_TO_B
2026-08-29 11:56:21 [DEBUG] uvh_test.main: frame=254152 COUNTED track_id=2835 class=Two-wheeler
2026-08-29 11:56:23 [DEBUG] uvh_test.counter: track_id: 2832, frame: 254211, previous_bottom_center: (1269.7325439453125, 356.48914), current_bottom_center: (1300.399169921875, 350.89478), previous_side: -0.90, current_side: 24.04, side_transition: True, crossing_result: True, direction: A_TO_B
2026-08-29 11:56:23 [DEBUG] uvh_test.main: frame=254211 COUNTED track_id=2832 class=Two-wheeler
2026-08-29 11:56:30 [DEBUG] uvh_test.counter: track_id: 2836, frame: 254411, previous_bottom_center: (1272.398681640625, 380.28842), current_bottom_center: (1310.37109375, 372.2011), previous_side: -16.55, current_side: 15.18, side_transition: True, crossing_result: True, direction: A_TO_B
2026-08-29 11:56:30 [DEBUG] uvh_test.main: frame=254411 COUNTED track_id=2836 class=Two-wheeler
2026-08-29 11:56:40 [DEBUG] uvh_test.counter: track_id: 2838, frame: 254695, previous_bottom_center: (1297.3994140625, 393.0419), current_bottom_center: (1326.2371826171875, 386.55115), previous_side: -8.92, current_side: 15.43, side_transition: True, crossing_result: True, direction: A_TO_B
2026-08-29 11:56:40 [DEBUG] uvh_test.main: frame=254695 COUNTED track_id=2838 class=Two-wheeler
2026-08-29 11:57:46 [DEBUG] uvh_test.counter: track_id: 2842, frame: 256959, previous_bottom_center: (1536.154296875, 606.7877), current_bottom_center: (1558.1934814453125, 593.80225), previous_side: -3.56, current_side: 20.94, side_transition: True, crossing_result: True, direction: A_TO_B
2026-08-29 11:57:46 [DEBUG] uvh_test.main: frame=256959 COUNTED track_id=2842 class=Two-wheeler
2026-08-29 11:58:03 [DEBUG] uvh_test.counter: track_id: 2845, frame: 257495, previous_bottom_center: (1257.90625, 357.52835), current_bottom_center: (1273.932861328125, 354.91635), previous_side: -9.70, current_side: 3.11, side_transition: True, crossing_result: True, direction: A_TO_B
2026-08-29 11:58:03 [DEBUG] uvh_test.main: frame=257495 COUNTED track_id=2845 class=Two-wheeler
2026-08-29 11:58:07 [DEBUG] uvh_test.counter: track_id: 2846, frame: 257615, previous_bottom_center: (1293.3223876953125, 381.91266), current_bottom_center: (1309.0587158203125, 378.08878), previous_side: -3.53, current_side: 9.97, side_transition: True, crossing_result: True, direction: A_TO_B
2026-08-29 11:58:07 [INFO] uvh_test.counter: SAFETY NET REJECTION: Rejecting tid=2846 as duplicate of class Two-wheeler, prev_tid=2845, dist=42.1px, thresh=150.0px, bbox_size=156.4x142.1
2026-08-29 11:58:17 [INFO] uvh_test.counter: SAFETY NET MERGE: Merging current tid=2850 into lost_tid=2850, dist=90.4px
2026-08-29 11:58:17 [DEBUG] uvh_test.main: frame=257892 COUNTED track_id=2850 class=Two-wheeler
2026-08-29 11:58:45 [DEBUG] uvh_test.counter: track_id: 2853, frame: 258803, previous_bottom_center: (1257.72216796875, 361.27457), current_bottom_center: (1275.0693359375, 358.5333), previous_side: -12.57, current_side: 1.23, side_transition: True, crossing_result: True, direction: A_TO_B
2026-08-29 11:58:45 [DEBUG] uvh_test.main: frame=258803 COUNTED track_id=2853 class=Two-wheeler
2026-08-29 11:58:58 [DEBUG] uvh_test.counter: track_id: 2854, frame: 259172, previous_bottom_center: (1284.900390625, 372.2821), current_bottom_center: (1302.427001953125, 368.77188), previous_side: -2.18, current_side: 12.30, side_transition: True, crossing_result: True, direction: A_TO_B
2026-08-29 11:58:58 [DEBUG] uvh_test.main: frame=259172 COUNTED track_id=2854 class=Two-wheeler
2026-08-29 11:59:02 [DEBUG] uvh_test.counter: track_id: 2858, frame: 259274, previous_bottom_center: (1350.218017578125, 431.89758), current_bottom_center: (1353.489990234375, 431.03946), previous_side: -1.55, current_side: 1.30, side_transition: True, crossing_result: True, direction: A_TO_B
2026-08-29 11:59:02 [INFO] uvh_test.counter: SAFETY NET REJECTION: Rejecting tid=2858 as duplicate of class Two-wheeler, prev_tid=2854, dist=80.5px, thresh=150.0px, bbox_size=200.1x166.6
2026-08-29 11:59:15 [DEBUG] uvh_test.counter: track_id: 2863, frame: 259657, previous_bottom_center: (1336.4581298828125, 420.50412), current_bottom_center: (1339.7119140625, 419.65775), previous_side: -2.54, current_side: 0.29, side_transition: True, crossing_result: True, direction: A_TO_B
2026-08-29 11:59:15 [DEBUG] uvh_test.main: frame=259657 COUNTED track_id=2863 class=SUV
2026-08-29 12:00:22 [DEBUG] uvh_test.counter: track_id: 2867, frame: 261873, previous_bottom_center: (1245.886474609375, 340.98904), current_bottom_center: (1251.643798828125, 338.17227), previous_side: -5.73, current_side: 0.25, side_transition: True, crossing_result: True, direction: A_TO_B
2026-08-29 12:00:22 [DEBUG] uvh_test.main: frame=261873 COUNTED track_id=2867 class=Two-wheeler
2026-08-29 12:00:23 [DEBUG] uvh_test.counter: track_id: 2872, frame: 261891, previous_bottom_center: (1465.74755859375, 646.619), current_bottom_center: (1560.462158203125, 614.9266), previous_side: -80.62, current_side: 6.98, side_transition: True, crossing_result: True, direction: A_TO_B
2026-08-29 12:00:23 [DEBUG] uvh_test.counter: track_id: 2873, frame: 261891, previous_bottom_center: (1511.060302734375, 695.69574), current_bottom_center: (1553.9765625, 588.0822), previous_side: -85.85, current_side: 22.28, side_transition: True, crossing_result: True, direction: A_TO_B
2026-08-29 12:00:23 [INFO] uvh_test.counter: SAFETY NET REJECTION: Rejecting tid=2873 as duplicate of class SUV, prev_tid=2872, dist=27.6px, thresh=150.0px, bbox_size=359.3x291.0
2026-08-29 12:00:23 [DEBUG] uvh_test.main: frame=261891 COUNTED track_id=2872 class=SUV
2026-08-29 12:00:45 [DEBUG] uvh_test.counter: track_id: 2878, frame: 262631, previous_bottom_center: (1250.869873046875, 356.1322), current_bottom_center: (1294.337158203125, 347.7858), previous_side: -13.45, current_side: 22.20, side_transition: True, crossing_result: True, direction: A_TO_B
2026-08-29 12:00:45 [DEBUG] uvh_test.main: frame=262631 COUNTED track_id=2878 class=Two-wheeler
2026-08-29 12:01:13 [DEBUG] uvh_test.counter: track_id: 2880, frame: 263553, previous_bottom_center: (1253.66162109375, 343.6697), current_bottom_center: (1258.816650390625, 342.86374), previous_side: -2.41, current_side: 1.68, side_transition: True, crossing_result: True, direction: A_TO_B
2026-08-29 12:01:13 [DEBUG] uvh_test.main: frame=263553 COUNTED track_id=2880 class=Two-wheeler
2026-08-29 12:01:32 [DEBUG] uvh_test.counter: track_id: 2881, frame: 264179, previous_bottom_center: (1256.0452880859375, 351.0705), current_bottom_center: (1271.718017578125, 348.06998), previous_side: -6.22, current_side: 6.63, side_transition: True, crossing_result: True, direction: A_TO_B
2026-08-29 12:01:32 [DEBUG] uvh_test.main: frame=264179 COUNTED track_id=2881 class=Two-wheeler
2026-08-29 12:01:42 [DEBUG] uvh_test.counter: track_id: 2883, frame: 264494, previous_bottom_center: (1309.309326171875, 393.40692), current_bottom_center: (1330.9593505859375, 388.4109), previous_side: -1.10, current_side: 17.27, side_transition: True, crossing_result: True, direction: A_TO_B
2026-08-29 12:01:42 [DEBUG] uvh_test.main: frame=264494 COUNTED track_id=2883 class=Two-wheeler
2026-08-29 12:01:53 [DEBUG] uvh_test.counter: track_id: 2885, frame: 264820, previous_bottom_center: (1317.9747314453125, 399.93216), current_bottom_center: (1328.000244140625, 397.68283), previous_side: -0.00, current_side: 8.46, side_transition: True, crossing_result: True, direction: A_TO_B
2026-08-29 12:01:53 [DEBUG] uvh_test.main: frame=264820 COUNTED track_id=2885 class=Two-wheeler
2026-08-29 12:02:21 [DEBUG] uvh_test.counter: track_id: 2887, frame: 265752, previous_bottom_center: (1236.62060546875, 328.77502), current_bottom_center: (1242.10400390625, 327.87964), previous_side: -3.06, current_side: 1.32, side_transition: True, crossing_result: True, direction: A_TO_B
2026-08-29 12:02:21 [DEBUG] uvh_test.main: frame=265752 COUNTED track_id=2887 class=Two-wheeler
2026-08-29 12:02:24 [DEBUG] uvh_test.counter: track_id: 2890, frame: 265831, previous_bottom_center: (1262.06103515625, 371.38474), current_bottom_center: (1289.850341796875, 366.91968), previous_side: -17.04, current_side: 5.12, side_transition: True, crossing_result: True, direction: A_TO_B
2026-08-29 12:02:24 [INFO] uvh_test.counter: SAFETY NET REJECTION: Rejecting tid=2890 as duplicate of class Two-wheeler, prev_tid=2887, dist=61.7px, thresh=150.0px, bbox_size=152.5x130.5
2026-08-29 12:02:39 [DEBUG] uvh_test.counter: track_id: 2892, frame: 266294, previous_bottom_center: (1317.67724609375, 400.13004), current_bottom_center: (1341.908447265625, 394.55942), previous_side: -0.35, current_side: 20.20, side_transition: True, crossing_result: True, direction: A_TO_B
2026-08-29 12:02:39 [DEBUG] uvh_test.main: frame=266294 COUNTED track_id=2892 class=Two-wheeler
2026-08-29 12:02:42 [DEBUG] uvh_test.counter: track_id: 2891, frame: 266367, previous_bottom_center: (1306.1907958984375, 405.11353), current_bottom_center: (1349.0006103515625, 395.5933), previous_side: -11.81, current_side: 24.26, side_transition: True, crossing_result: True, direction: A_TO_B
2026-08-29 12:02:42 [INFO] uvh_test.counter: SAFETY NET REJECTION: Rejecting tid=2891 as duplicate of class Two-wheeler, prev_tid=2892, dist=7.2px, thresh=150.0px, bbox_size=158.0x143.6
2026-08-29 12:02:49 [DEBUG] uvh_test.counter: track_id: 2898, frame: 266571, previous_bottom_center: (1368.8203125, 596.96277), current_bottom_center: (1543.33251953125, 553.5836), previous_side: -110.03, current_side: 40.36, side_transition: True, crossing_result: True, direction: A_TO_B
2026-08-29 12:02:49 [DEBUG] uvh_test.main: frame=266571 COUNTED track_id=2898 class=Truck
2026-08-29 12:02:49 [DEBUG] uvh_test.counter: track_id: 2901, frame: 266575, previous_bottom_center: (1560.9892578125, 645.8852), current_bottom_center: (1592.3682861328125, 645.5437), previous_side: -15.37, current_side: 6.19, side_transition: True, crossing_result: True, direction: A_TO_B
2026-08-29 12:02:49 [INFO] uvh_test.counter: SAFETY NET REJECTION: Rejecting tid=2901 as duplicate of class Truck, prev_tid=2898, dist=104.2px, thresh=300.0px, bbox_size=458.9x384.3
2026-08-29 12:02:49 [DEBUG] uvh_test.counter: track_id: 2902, frame: 266575, previous_bottom_center: (1511.071533203125, 599.72864), current_bottom_center: (1542.684326171875, 599.71875), previous_side: -15.42, current_side: 6.07, side_transition: True, crossing_result: True, direction: A_TO_B
2026-08-29 12:02:49 [INFO] uvh_test.counter: SAFETY NET REJECTION: Rejecting tid=2902 as duplicate of class Truck, prev_tid=2898, dist=46.1px, thresh=300.0px, bbox_size=459.0x384.3
2026-08-29 12:02:49 [DEBUG] uvh_test.counter: track_id: 2900, frame: 266575, previous_bottom_center: (1464.351806640625, 646.2688), current_bottom_center: (1639.85693359375, 602.64014), previous_side: -81.31, current_side: 69.94, side_transition: True, crossing_result: True, direction: A_TO_B
2026-08-29 12:02:49 [INFO] uvh_test.counter: SAFETY NET REJECTION: Rejecting tid=2900 as duplicate of class Truck, prev_tid=2898, dist=108.3px, thresh=300.0px, bbox_size=458.8x384.3
2026-08-29 12:03:24 [DEBUG] uvh_test.counter: track_id: 2908, frame: 267708, previous_bottom_center: (1641.185302734375, 710.0933), current_bottom_center: (1652.6165771484375, 698.33875), previous_side: -8.00, current_side: 8.39, side_transition: True, crossing_result: True, direction: A_TO_B
2026-08-29 12:03:24 [DEBUG] uvh_test.main: frame=267708 COUNTED track_id=2908 class=Sedan
2026-08-29 12:03:45 [DEBUG] uvh_test.counter: track_id: 2910, frame: 268455, previous_bottom_center: (1518.9825439453125, 627.69257), current_bottom_center: (1563.21435546875, 602.0275), previous_side: -30.56, current_side: 18.32, side_transition: True, crossing_result: True, direction: A_TO_B
2026-08-29 12:03:45 [DEBUG] uvh_test.main: frame=268455 COUNTED track_id=2910 class=Two-wheeler
2026-08-29 12:03:55 [DEBUG] uvh_test.counter: track_id: 2920, frame: 268771, previous_bottom_center: (1324.298583984375, 414.83887), current_bottom_center: (1350.53515625, 408.51352), previous_side: -6.64, current_side: 15.82, side_transition: True, crossing_result: True, direction: A_TO_B
2026-08-29 12:03:55 [DEBUG] uvh_test.counter: track_id: 2921, frame: 268771, previous_bottom_center: (1319.5245361328125, 415.92288), current_bottom_center: (1354.31982421875, 408.89313), previous_side: -10.68, current_side: 18.12, side_transition: True, crossing_result: True, direction: A_TO_B
2026-08-29 12:03:55 [DEBUG] uvh_test.main: frame=268771 COUNTED track_id=2920 class=Sedan
2026-08-29 12:03:55 [DEBUG] uvh_test.main: frame=268771 COUNTED track_id=2921 class=Hatchback
2026-08-29 12:04:08 [DEBUG] uvh_test.counter: track_id: 2923, frame: 269207, previous_bottom_center: (1238.644287109375, 360.37506), current_bottom_center: (1271.8751220703125, 354.2073), previous_side: -24.87, current_side: 2.23, side_transition: True, crossing_result: True, direction: A_TO_B
2026-08-29 12:04:08 [DEBUG] uvh_test.main: frame=269207 COUNTED track_id=2923 class=Two-wheeler
2026-08-29 12:04:35 [DEBUG] uvh_test.counter: track_id: 2933, frame: 270039, previous_bottom_center: (1276.931396484375, 372.72708), current_bottom_center: (1302.694580078125, 368.18997), previous_side: -7.92, current_side: 12.91, side_transition: True, crossing_result: True, direction: A_TO_B
2026-08-29 12:04:35 [DEBUG] uvh_test.main: frame=270039 COUNTED track_id=2933 class=Two-wheeler
2026-08-29 12:04:42 [DEBUG] uvh_test.counter: track_id: 2936, frame: 270271, previous_bottom_center: (1294.8795166015625, 397.46478), current_bottom_center: (1325.744140625, 390.8504), previous_side: -13.88, current_side: 11.94, side_transition: True, crossing_result: True, direction: A_TO_B
2026-08-29 12:04:42 [DEBUG] uvh_test.main: frame=270271 COUNTED track_id=2936 class=Two-wheeler
2026-08-29 12:04:58 [DEBUG] uvh_test.counter: track_id: 2941, frame: 270774, previous_bottom_center: (1265.9417724609375, 351.84296), current_bottom_center: (1266.423095703125, 351.7247), previous_side: -0.06, current_side: 0.35, side_transition: True, crossing_result: True, direction: A_TO_B
2026-08-29 12:04:58 [DEBUG] uvh_test.main: frame=270774 COUNTED track_id=2941 class=Two-wheeler
2026-08-29 12:05:08 [DEBUG] uvh_test.counter: track_id: 2949, frame: 271087, previous_bottom_center: (1461.0823974609375, 647.6786), current_bottom_center: (1492.00537109375, 521.8584), previous_side: -84.57, current_side: 28.77, side_transition: True, crossing_result: True, direction: A_TO_B
2026-08-29 12:05:08 [DEBUG] uvh_test.main: frame=271087 COUNTED track_id=2949 class=SUV
2026-08-29 12:05:15 [DEBUG] uvh_test.counter: track_id: 2951, frame: 271327, previous_bottom_center: (1417.9747314453125, 741.2973), current_bottom_center: (1601.638671875, 649.7082), previous_side: -182.55, current_side: 9.44, side_transition: True, crossing_result: True, direction: A_TO_B
2026-08-29 12:05:15 [DEBUG] uvh_test.main: frame=271327 COUNTED track_id=2951 class=Truck
2026-08-29 12:05:16 [DEBUG] uvh_test.counter: track_id: 2952, frame: 271329, previous_bottom_center: (1641.227783203125, 699.64276), current_bottom_center: (1654.17431640625, 695.32135), previous_side: -0.31, current_side: 11.66, side_transition: True, crossing_result: True, direction: A_TO_B
2026-08-29 12:05:16 [DEBUG] uvh_test.main: frame=271329 COUNTED track_id=2952 class=Bus
2026-08-29 12:05:22 [DEBUG] uvh_test.counter: track_id: 2956, frame: 271511, previous_bottom_center: (1258.683349609375, 357.33203), current_bottom_center: (1275.0914306640625, 353.88815), previous_side: -9.02, current_side: 4.65, side_transition: True, crossing_result: True, direction: A_TO_B
2026-08-29 12:05:22 [DEBUG] uvh_test.main: frame=271511 COUNTED track_id=2956 class=Two-wheeler
2026-08-29 12:05:26 [DEBUG] uvh_test.counter: track_id: 2960, frame: 271628, previous_bottom_center: (1299.49072265625, 388.39862), current_bottom_center: (1323.7978515625, 383.78958), previous_side: -4.10, current_side: 15.80, side_transition: True, crossing_result: True, direction: A_TO_B
2026-08-29 12:05:26 [INFO] uvh_test.counter: SAFETY NET REJECTION: Rejecting tid=2960 as duplicate of class Two-wheeler, prev_tid=2956, dist=57.2px, thresh=150.0px, bbox_size=174.6x142.5
2026-08-29 12:05:43 [DEBUG] uvh_test.counter: track_id: 2961, frame: 272187, previous_bottom_center: (1295.135009765625, 419.14175), current_bottom_center: (1337.0848388671875, 410.15234), previous_side: -29.61, current_side: 5.48, side_transition: True, crossing_result: True, direction: A_TO_B
2026-08-29 12:05:43 [DEBUG] uvh_test.main: frame=272187 COUNTED track_id=2961 class=Two-wheeler
2026-08-29 12:05:45 [DEBUG] uvh_test.counter: track_id: 2962, frame: 272228, previous_bottom_center: (1266.4158935546875, 353.33163), current_bottom_center: (1279.13427734375, 351.03366), previous_side: -0.83, current_side: 9.49, side_transition: True, crossing_result: True, direction: A_TO_B
2026-08-29 12:05:45 [INFO] uvh_test.counter: SAFETY NET REJECTION: Rejecting tid=2962 as duplicate of class Two-wheeler, prev_tid=2961, dist=82.8px, thresh=150.0px, bbox_size=162.9x114.1
2026-08-29 12:05:59 [DEBUG] uvh_test.counter: track_id: 2968, frame: 272667, previous_bottom_center: (1261.358642578125, 370.1661), current_bottom_center: (1299.791259765625, 363.2863), previous_side: -16.62, current_side: 14.54, side_transition: True, crossing_result: True, direction: A_TO_B
2026-08-29 12:05:59 [DEBUG] uvh_test.main: frame=272667 COUNTED track_id=2968 class=Two-wheeler
2026-08-29 12:06:15 [DEBUG] uvh_test.counter: track_id: 2974, frame: 273140, previous_bottom_center: (1332.84033203125, 416.06134), current_bottom_center: (1334.0528564453125, 413.8498), previous_side: -1.74, current_side: 0.71, side_transition: True, crossing_result: True, direction: A_TO_B
2026-08-29 12:06:15 [DEBUG] uvh_test.main: frame=273140 COUNTED track_id=2974 class=tempo-traveller
2026-08-29 12:06:40 [DEBUG] uvh_test.counter: track_id: 2983, frame: 274007, previous_bottom_center: (1557.21728515625, 644.2008), current_bottom_center: (1610.2974853515625, 611.8946), previous_side: -16.70, current_side: 43.07, side_transition: True, crossing_result: True, direction: A_TO_B
2026-08-29 12:06:40 [DEBUG] uvh_test.main: frame=274007 COUNTED track_id=2983 class=Two-wheeler
2026-08-29 12:06:50 [DEBUG] uvh_test.counter: track_id: 2985, frame: 274307, previous_bottom_center: (1265.243408203125, 363.76465), current_bottom_center: (1386.971435546875, 408.46664), previous_side: -9.29, current_side: 40.61, side_transition: True, crossing_result: True, direction: A_TO_B
2026-08-29 12:06:50 [DEBUG] uvh_test.main: frame=274307 COUNTED track_id=2985 class=Two-wheeler
2026-08-29 12:06:50 [DEBUG] uvh_test.counter: track_id: 2986, frame: 274315, previous_bottom_center: (1328.623046875, 421.42038), current_bottom_center: (1439.028076171875, 395.79306), previous_side: -8.53, current_side: 85.28, side_transition: True, crossing_result: True, direction: A_TO_B
2026-08-29 12:06:50 [INFO] uvh_test.counter: SAFETY NET REJECTION: Rejecting tid=2986 as duplicate of class Two-wheeler, prev_tid=2985, dist=53.6px, thresh=150.0px, bbox_size=144.8x145.0
2026-08-29 12:07:20 [DEBUG] uvh_test.counter: track_id: 2991, frame: 275315, previous_bottom_center: (1370.926513671875, 598.0469), current_bottom_center: (1431.84033203125, 502.70972), previous_side: -109.40, current_side: 1.94, side_transition: True, crossing_result: True, direction: A_TO_B
2026-08-29 12:07:20 [DEBUG] uvh_test.main: frame=275315 COUNTED track_id=2991 class=Sedan
2026-08-29 12:07:24 [DEBUG] uvh_test.counter: track_id: 2996, frame: 275452, previous_bottom_center: (1586.1748046875, 650.25665), current_bottom_center: (1597.537353515625, 643.20593), previous_side: -1.47, current_side: 11.42, side_transition: True, crossing_result: True, direction: A_TO_B
2026-08-29 12:07:24 [DEBUG] uvh_test.main: frame=275452 COUNTED track_id=2996 class=Two-wheeler
2026-08-29 12:07:29 [DEBUG] uvh_test.counter: track_id: 2998, frame: 275595, previous_bottom_center: (1278.530029296875, 384.96323), current_bottom_center: (1301.835693359375, 379.43173), previous_side: -15.82, current_side: 4.08, side_transition: True, crossing_result: True, direction: A_TO_B
2026-08-29 12:07:29 [DEBUG] uvh_test.counter: track_id: 3004, frame: 275595, previous_bottom_center: (1509.090087890625, 599.66547), current_bottom_center: (1545.0966796875, 599.6954), previous_side: -16.72, current_side: 7.72, side_transition: True, crossing_result: True, direction: A_TO_B
2026-08-29 12:07:29 [DEBUG] uvh_test.main: frame=275595 COUNTED track_id=2998 class=Two-wheeler
2026-08-29 12:07:29 [DEBUG] uvh_test.main: frame=275595 COUNTED track_id=3004 class=Sedan
2026-08-29 12:07:38 [DEBUG] uvh_test.counter: track_id: 3010, frame: 275847, previous_bottom_center: (1263.325439453125, 389.9704), current_bottom_center: (1304.421875, 381.9077), previous_side: -29.82, current_side: 4.02, side_transition: True, crossing_result: True, direction: A_TO_B
2026-08-29 12:07:38 [DEBUG] uvh_test.main: frame=275847 COUNTED track_id=3010 class=Truck
2026-08-29 12:07:52 [DEBUG] uvh_test.counter: track_id: 3014, frame: 276307, previous_bottom_center: (1276.311279296875, 365.44815), current_bottom_center: (1311.23291015625, 359.48917), previous_side: -3.00, current_side: 25.10, side_transition: True, crossing_result: True, direction: A_TO_B
2026-08-29 12:07:52 [DEBUG] uvh_test.main: frame=276307 COUNTED track_id=3014 class=Two-wheeler
2026-08-29 12:08:01 [DEBUG] uvh_test.counter: track_id: 3017, frame: 276571, previous_bottom_center: (1285.17578125, 390.2547), current_bottom_center: (1304.44091796875, 385.9861), previous_side: -15.18, current_side: 1.04, side_transition: True, crossing_result: True, direction: A_TO_B
2026-08-29 12:08:01 [DEBUG] uvh_test.main: frame=276571 COUNTED track_id=3017 class=LCV
2026-08-29 12:08:25 [DEBUG] uvh_test.counter: track_id: 3020, frame: 277387, previous_bottom_center: (1253.6611328125, 392.6492), current_bottom_center: (1311.593017578125, 380.775), previous_side: -38.35, current_side: 9.72, side_transition: True, crossing_result: True, direction: A_TO_B
2026-08-29 12:08:25 [DEBUG] uvh_test.main: frame=277387 COUNTED track_id=3020 class=Two-wheeler
2026-08-29 12:09:16 [DEBUG] uvh_test.counter: track_id: 3025, frame: 279128, previous_bottom_center: (1268.3389892578125, 391.79437), current_bottom_center: (1320.6583251953125, 381.48752), previous_side: -27.75, current_side: 15.36, side_transition: True, crossing_result: True, direction: A_TO_B
2026-08-29 12:09:16 [DEBUG] uvh_test.main: frame=279128 COUNTED track_id=3025 class=Two-wheeler
2026-08-29 12:09:33 [DEBUG] uvh_test.counter: track_id: 3028, frame: 279716, previous_bottom_center: (1274.9521484375, 360.39035), current_bottom_center: (1295.0555419921875, 357.1107), previous_side: -0.21, current_side: 15.85, side_transition: True, crossing_result: True, direction: A_TO_B
2026-08-29 12:09:33 [DEBUG] uvh_test.main: frame=279716 COUNTED track_id=3028 class=Two-wheeler
2026-08-29 12:09:54 [INFO] uvh_test.counter: SAFETY NET MERGE: Merging current tid=3034 into lost_tid=3034, dist=85.3px
2026-08-29 12:09:54 [DEBUG] uvh_test.main: frame=280429 COUNTED track_id=3034 class=Two-wheeler
2026-08-29 12:10:16 [DEBUG] uvh_test.counter: track_id: 3037, frame: 281155, previous_bottom_center: (1577.2650146484375, 650.5781), current_bottom_center: (1602.3887939453125, 633.9984), previous_side: -7.76, current_side: 21.47, side_transition: True, crossing_result: True, direction: A_TO_B
2026-08-29 12:10:16 [DEBUG] uvh_test.main: frame=281155 COUNTED track_id=3037 class=Two-wheeler
2026-08-29 12:10:32 [DEBUG] uvh_test.counter: track_id: 3040, frame: 281731, previous_bottom_center: (1560.7215576171875, 646.36676), current_bottom_center: (1607.125, 600.4322), previous_side: -15.91, current_side: 49.32, side_transition: True, crossing_result: True, direction: A_TO_B
2026-08-29 12:10:32 [DEBUG] uvh_test.main: frame=281731 COUNTED track_id=3040 class=MUV
2026-08-29 12:10:47 [DEBUG] uvh_test.counter: track_id: 3043, frame: 282227, previous_bottom_center: (1277.773681640625, 391.00772), current_bottom_center: (1330.229736328125, 380.07574), previous_side: -20.76, current_side: 22.90, side_transition: True, crossing_result: True, direction: A_TO_B
2026-08-29 12:10:47 [DEBUG] uvh_test.main: frame=282227 COUNTED track_id=3043 class=Two-wheeler
2026-08-29 12:11:20 [DEBUG] uvh_test.counter: track_id: 3044, frame: 283388, previous_bottom_center: (1559.705322265625, 647.7617), current_bottom_center: (1595.662353515625, 647.7576), previous_side: -17.62, current_side: 6.81, side_transition: True, crossing_result: True, direction: A_TO_B
2026-08-29 12:11:20 [DEBUG] uvh_test.main: frame=283388 COUNTED track_id=3044 class=Truck
2026-08-29 12:11:28 [DEBUG] uvh_test.counter: track_id: 3052, frame: 283628, previous_bottom_center: (1476.80419921875, 551.7555), current_bottom_center: (1500.664306640625, 551.7284), previous_side: -3.50, current_side: 12.73, side_transition: True, crossing_result: True, direction: A_TO_B
2026-08-29 12:11:28 [DEBUG] uvh_test.main: frame=283628 COUNTED track_id=3052 class=Bus
2026-08-29 12:11:29 [DEBUG] uvh_test.counter: track_id: 3055, frame: 283636, previous_bottom_center: (1544.117919921875, 616.06104), current_bottom_center: (1556.1192626953125, 604.09717), previous_side: -4.95, current_side: 11.98, side_transition: True, crossing_result: True, direction: A_TO_B
2026-08-29 12:11:29 [INFO] uvh_test.counter: SAFETY NET REJECTION: Rejecting tid=3055 as duplicate of class Bus, prev_tid=3052, dist=76.3px, thresh=344.2px, bbox_size=458.9x384.4
2026-08-29 12:11:29 [DEBUG] uvh_test.counter: track_id: 3053, frame: 283659, previous_bottom_center: (1509.509033203125, 599.8589), current_bottom_center: (1509.457763671875, 536.4602), previous_side: -16.58, current_side: 29.91, side_transition: True, crossing_result: True, direction: A_TO_B
2026-08-29 12:11:29 [INFO] uvh_test.counter: SAFETY NET REJECTION: Rejecting tid=3053 as duplicate of class Bus, prev_tid=3052, dist=17.6px, thresh=344.2px, bbox_size=459.0x384.6
2026-08-29 12:11:46 [DEBUG] uvh_test.counter: track_id: 3068, frame: 284099, previous_bottom_center: (1370.651123046875, 455.65918), current_bottom_center: (1402.3046875, 455.67715), previous_side: -5.10, current_side: 16.39, side_transition: True, crossing_result: True, direction: A_TO_B
2026-08-29 12:11:46 [DEBUG] uvh_test.main: frame=284099 COUNTED track_id=3068 class=Truck
2026-08-29 12:11:47 [DEBUG] uvh_test.counter: track_id: 3066, frame: 284111, previous_bottom_center: (1278.3646240234375, 366.77167), current_bottom_center: (1296.026611328125, 364.01648), previous_side: -2.58, current_side: 11.44, side_transition: True, crossing_result: True, direction: A_TO_B
2026-08-29 12:11:47 [INFO] uvh_test.counter: SAFETY NET REJECTION: Rejecting tid=3066 as duplicate of class Truck, prev_tid=3068, dist=140.3px, thresh=244.4px, bbox_size=325.9x156.9
2026-08-29 12:11:48 [DEBUG] uvh_test.counter: track_id: 3067, frame: 284119, previous_bottom_center: (1368.135986328125, 455.717), current_bottom_center: (1399.504150390625, 455.69006), previous_side: -6.86, current_side: 14.48, side_transition: True, crossing_result: True, direction: A_TO_B
2026-08-29 12:11:48 [INFO] uvh_test.counter: SAFETY NET REJECTION: Rejecting tid=3067 as duplicate of class Truck, prev_tid=3068, dist=2.8px, thresh=300.0px, bbox_size=458.9x384.3
2026-08-29 12:11:48 [INFO] uvh_test.counter: SAFETY NET MERGE: Merging current tid=3062 into lost_tid=3058, dist=88.6px
2026-08-29 12:11:48 [INFO] uvh_test.counter: SAFETY NET REJECTION (MERGE PATH): Rejecting tid=3062 as duplicate of class Truck, prev_tid=3068, dist=75.0px, thresh=300.0px
2026-08-29 12:12:00 [DEBUG] uvh_test.counter: track_id: 3071, frame: 284428, previous_bottom_center: (1301.5931396484375, 399.5749), current_bottom_center: (1317.0185546875, 396.46252), previous_side: -10.87, current_side: 1.90, side_transition: True, crossing_result: True, direction: A_TO_B
2026-08-29 12:12:00 [DEBUG] uvh_test.main: frame=284428 COUNTED track_id=3071 class=LCV
2026-08-29 12:12:19 [DEBUG] uvh_test.counter: track_id: 3079, frame: 285079, previous_bottom_center: (1577.66845703125, 674.2723), current_bottom_center: (1604.3436279296875, 655.2451), previous_side: -24.87, current_side: 7.21, side_transition: True, crossing_result: True, direction: A_TO_B
2026-08-29 12:12:19 [DEBUG] uvh_test.main: frame=285079 COUNTED track_id=3079 class=Two-wheeler
2026-08-29 12:12:46 [DEBUG] uvh_test.counter: track_id: 3080, frame: 286035, previous_bottom_center: (1517.0050048828125, 599.8309), current_bottom_center: (1549.512939453125, 599.78613), previous_side: -11.46, current_side: 10.66, side_transition: True, crossing_result: True, direction: A_TO_B
2026-08-29 12:12:46 [DEBUG] uvh_test.main: frame=286035 COUNTED track_id=3080 class=Bus
2026-08-29 12:12:49 [DEBUG] uvh_test.counter: track_id: 3082, frame: 286131, previous_bottom_center: (1273.4588623046875, 359.1983), current_bottom_center: (1292.589111328125, 356.55), previous_side: -0.35, current_side: 14.59, side_transition: True, crossing_result: True, direction: A_TO_B
2026-08-29 12:12:49 [DEBUG] uvh_test.main: frame=286131 COUNTED track_id=3082 class=Two-wheeler
2026-08-29 12:13:10 [DEBUG] uvh_test.counter: track_id: 3085, frame: 286790, previous_bottom_center: (1262.8153076171875, 349.52823), current_bottom_center: (1264.1871337890625, 349.26834), previous_side: -0.49, current_side: 0.63, side_transition: True, crossing_result: True, direction: A_TO_B
2026-08-29 12:13:10 [DEBUG] uvh_test.main: frame=286790 COUNTED track_id=3085 class=Two-wheeler
2026-08-29 12:13:12 [DEBUG] uvh_test.counter: track_id: 3092, frame: 286860, previous_bottom_center: (1348.097900390625, 437.0064), current_bottom_center: (1356.758056640625, 433.72473), previous_side: -6.74, current_side: 1.55, side_transition: True, crossing_result: True, direction: A_TO_B
2026-08-29 12:13:12 [DEBUG] uvh_test.counter: track_id: 3093, frame: 286860, previous_bottom_center: (1350.5322265625, 436.9031), current_bottom_center: (1360.08349609375, 433.9078), previous_side: -5.01, current_side: 3.68, side_transition: True, crossing_result: True, direction: A_TO_B
2026-08-29 12:13:12 [DEBUG] uvh_test.main: frame=286860 COUNTED track_id=3092 class=MUV
2026-08-29 12:13:12 [DEBUG] uvh_test.main: frame=286860 COUNTED track_id=3093 class=Sedan
2026-08-29 12:13:26 [DEBUG] uvh_test.counter: track_id: 3096, frame: 287307, previous_bottom_center: (1279.673095703125, 368.76617), current_bottom_center: (1309.6763916015625, 363.56686), previous_side: -3.15, current_side: 21.05, side_transition: True, crossing_result: True, direction: A_TO_B
2026-08-29 12:13:26 [DEBUG] uvh_test.main: frame=287307 COUNTED track_id=3096 class=Three-wheeler
2026-08-29 12:13:41 [DEBUG] uvh_test.counter: track_id: 3102, frame: 287785, previous_bottom_center: (1563.3704833984375, 647.7094), current_bottom_center: (1595.25, 647.6831), previous_side: -15.10, current_side: 6.58, side_transition: True, crossing_result: True, direction: A_TO_B
2026-08-29 12:13:41 [DEBUG] uvh_test.main: frame=287785 COUNTED track_id=3102 class=tempo-traveller
2026-08-29 12:13:51 [DEBUG] uvh_test.counter: track_id: 3106, frame: 288131, previous_bottom_center: (1563.05908203125, 643.58484), current_bottom_center: (1594.6668701171875, 642.9414), previous_side: -12.28, current_side: 9.67, side_transition: True, crossing_result: True, direction: A_TO_B
2026-08-29 12:13:51 [DEBUG] uvh_test.counter: track_id: 3105, frame: 288131, previous_bottom_center: (1368.63720703125, 644.58685), current_bottom_center: (1543.310791015625, 601.19086), previous_side: -145.10, current_side: 5.41, side_transition: True, crossing_result: True, direction: A_TO_B
2026-08-29 12:13:51 [INFO] uvh_test.counter: SAFETY NET REJECTION: Rejecting tid=3105 as duplicate of class SUV, prev_tid=3106, dist=66.2px, thresh=150.0px, bbox_size=458.9x384.3
2026-08-29 12:13:51 [DEBUG] uvh_test.main: frame=288131 COUNTED track_id=3106 class=SUV
2026-08-29 12:13:51 [DEBUG] uvh_test.counter: track_id: 3107, frame: 288135, previous_bottom_center: (1562.15283203125, 695.71564), current_bottom_center: (1586.9210205078125, 599.84436), previous_side: -51.15, current_side: 36.03, side_transition: True, crossing_result: True, direction: A_TO_B
2026-08-29 12:13:51 [INFO] uvh_test.counter: SAFETY NET REJECTION: Rejecting tid=3107 as duplicate of class SUV, prev_tid=3106, dist=43.8px, thresh=150.0px, bbox_size=364.0x297.4
2026-08-29 12:13:51 [DEBUG] uvh_test.counter: track_id: 3108, frame: 288136, previous_bottom_center: (1574.93115234375, 647.7312), current_bottom_center: (1598.7900390625, 647.7127), previous_side: -7.26, current_side: 8.97, side_transition: True, crossing_result: True, direction: A_TO_B
2026-08-29 12:13:51 [INFO] uvh_test.counter: SAFETY NET REJECTION: Rejecting tid=3108 as duplicate of class SUV, prev_tid=3106, dist=6.3px, thresh=150.0px, bbox_size=458.9x384.3
2026-08-29 12:13:53 [DEBUG] uvh_test.counter: track_id: 3109, frame: 288187, previous_bottom_center: (1239.47900390625, 368.4656), current_bottom_center: (1294.369384765625, 359.47955), previous_side: -30.24, current_side: 13.65, side_transition: True, crossing_result: True, direction: A_TO_B
2026-08-29 12:13:53 [DEBUG] uvh_test.main: frame=288187 COUNTED track_id=3109 class=Two-wheeler
2026-08-29 12:14:06 [DEBUG] uvh_test.counter: track_id: 3119, frame: 288607, previous_bottom_center: (1559.63427734375, 695.7097), current_bottom_center: (1588.5391845703125, 572.4945), previous_side: -52.86, current_side: 57.20, side_transition: True, crossing_result: True, direction: A_TO_B
2026-08-29 12:14:06 [DEBUG] uvh_test.main: frame=288607 COUNTED track_id=3119 class=Hatchback
2026-08-29 12:14:10 [DEBUG] uvh_test.counter: track_id: 3120, frame: 288729, previous_bottom_center: (1255.744140625, 346.1145), current_bottom_center: (1260.79345703125, 345.2938), previous_side: -2.79, current_side: 1.24, side_transition: True, crossing_result: True, direction: A_TO_B
2026-08-29 12:14:10 [DEBUG] uvh_test.main: frame=288729 COUNTED track_id=3120 class=Two-wheeler
2026-08-29 12:14:38 [DEBUG] uvh_test.counter: track_id: 3122, frame: 289671, previous_bottom_center: (1265.783203125, 352.36584), current_bottom_center: (1285.739990234375, 348.36514), previous_side: -0.56, current_side: 15.94, side_transition: True, crossing_result: True, direction: A_TO_B
2026-08-29 12:14:38 [DEBUG] uvh_test.main: frame=289671 COUNTED track_id=3122 class=Two-wheeler
2026-08-29 12:15:04 [DEBUG] uvh_test.counter: track_id: 3125, frame: 290555, previous_bottom_center: (1520.905517578125, 643.7761), current_bottom_center: (1553.2613525390625, 611.0893), previous_side: -41.06, current_side: 4.91, side_transition: True, crossing_result: True, direction: A_TO_B
2026-08-29 12:15:04 [DEBUG] uvh_test.main: frame=290555 COUNTED track_id=3125 class=SUV
2026-08-29 12:15:04 [DEBUG] uvh_test.counter: track_id: 3127, frame: 290556, previous_bottom_center: (1607.651611328125, 677.9784), current_bottom_center: (1643.5908203125, 653.9982), previous_side: -7.22, current_side: 34.79, side_transition: True, crossing_result: True, direction: A_TO_B
2026-08-29 12:15:04 [INFO] uvh_test.counter: SAFETY NET REJECTION: Rejecting tid=3127 as duplicate of class SUV, prev_tid=3125, dist=100.0px, thresh=150.0px, bbox_size=458.9x384.3
2026-08-29 12:15:04 [DEBUG] uvh_test.counter: track_id: 3128, frame: 290559, previous_bottom_center: (1609.02001953125, 695.6655), current_bottom_center: (1641.70751953125, 695.6931), previous_side: -19.27, current_side: 2.92, side_transition: True, crossing_result: True, direction: A_TO_B
2026-08-29 12:15:04 [INFO] uvh_test.counter: SAFETY NET REJECTION: Rejecting tid=3128 as duplicate of class SUV, prev_tid=3125, dist=122.4px, thresh=150.0px, bbox_size=459.0x384.3
2026-08-29 12:15:22 [DEBUG] uvh_test.counter: track_id: 3131, frame: 291167, previous_bottom_center: (1289.93505859375, 395.1102), current_bottom_center: (1327.3333740234375, 387.26053), previous_side: -15.51, current_side: 15.66, side_transition: True, crossing_result: True, direction: A_TO_B
2026-08-29 12:15:22 [DEBUG] uvh_test.main: frame=291167 COUNTED track_id=3131 class=Two-wheeler
2026-08-29 12:15:25 [DEBUG] uvh_test.counter: track_id: 3133, frame: 291275, previous_bottom_center: (1315.377197265625, 426.75037), current_bottom_center: (1342.942626953125, 420.3286), previous_side: -21.44, current_side: 2.00, side_transition: True, crossing_result: True, direction: A_TO_B
2026-08-29 12:15:25 [INFO] uvh_test.counter: SAFETY NET REJECTION: Rejecting tid=3133 as duplicate of class Two-wheeler, prev_tid=3131, dist=36.6px, thresh=150.0px, bbox_size=163.5x160.3
2026-08-29 12:15:28 [DEBUG] uvh_test.counter: track_id: 3134, frame: 291369, previous_bottom_center: (1273.750732421875, 360.1925), current_bottom_center: (1278.5858154296875, 359.43286), previous_side: -0.89, current_side: 2.96, side_transition: True, crossing_result: True, direction: A_TO_B
2026-08-29 12:15:28 [DEBUG] uvh_test.main: frame=291369 COUNTED track_id=3134 class=Two-wheeler
2026-08-29 12:15:30 [DEBUG] uvh_test.counter: track_id: 3135, frame: 291415, previous_bottom_center: (1287.30322265625, 374.60983), current_bottom_center: (1305.90966796875, 371.46112), previous_side: -2.26, current_side: 12.69, side_transition: True, crossing_result: True, direction: A_TO_B
2026-08-29 12:15:30 [INFO] uvh_test.counter: SAFETY NET REJECTION: Rejecting tid=3135 as duplicate of class Two-wheeler, prev_tid=3134, dist=29.9px, thresh=150.0px, bbox_size=138.7x127.7
2026-08-29 12:15:34 [DEBUG] uvh_test.counter: track_id: 3136, frame: 291528, previous_bottom_center: (1267.640380859375, 362.31195), current_bottom_center: (1283.21826171875, 359.6936), previous_side: -6.59, current_side: 5.91, side_transition: True, crossing_result: True, direction: A_TO_B
2026-08-29 12:15:34 [DEBUG] uvh_test.main: frame=291528 COUNTED track_id=3136 class=Two-wheeler
2026-08-29 12:15:40 [DEBUG] uvh_test.counter: track_id: 3139, frame: 291707, previous_bottom_center: (1267.087158203125, 357.9488), current_bottom_center: (1302.543212890625, 351.8173), previous_side: -3.77, current_side: 24.82, side_transition: True, crossing_result: True, direction: A_TO_B
2026-08-29 12:15:40 [DEBUG] uvh_test.main: frame=291707 COUNTED track_id=3139 class=Two-wheeler
2026-08-29 12:15:59 [DEBUG] uvh_test.counter: track_id: 3140, frame: 292311, previous_bottom_center: (1253.97314453125, 344.2939), current_bottom_center: (1269.832763671875, 342.49838), previous_side: -2.66, current_side: 9.44, side_transition: True, crossing_result: True, direction: A_TO_B
2026-08-29 12:15:59 [DEBUG] uvh_test.main: frame=292311 COUNTED track_id=3140 class=Two-wheeler
2026-08-29 12:16:06 [DEBUG] uvh_test.counter: track_id: 3145, frame: 292535, previous_bottom_center: (1462.462646484375, 539.74396), current_bottom_center: (1492.7640380859375, 529.043), previous_side: -4.43, current_side: 24.01, side_transition: True, crossing_result: True, direction: A_TO_B
2026-08-29 12:16:06 [DEBUG] uvh_test.main: frame=292535 COUNTED track_id=3145 class=Two-wheeler
2026-08-29 12:16:11 [DEBUG] uvh_test.counter: track_id: 3148, frame: 292687, previous_bottom_center: (1243.7822265625, 358.02435), current_bottom_center: (1270.4390869140625, 353.5771), previous_side: -19.66, current_side: 1.72, side_transition: True, crossing_result: True, direction: A_TO_B
2026-08-29 12:16:11 [DEBUG] uvh_test.main: frame=292687 COUNTED track_id=3148 class=SUV
2026-08-29 12:16:24 [DEBUG] uvh_test.counter: track_id: 3152, frame: 293152, previous_bottom_center: (1517.0430908203125, 610.566), current_bottom_center: (1552.54638671875, 598.785), previous_side: -19.31, current_side: 13.45, side_transition: True, crossing_result: True, direction: A_TO_B
2026-08-29 12:16:24 [DEBUG] uvh_test.counter: track_id: 3153, frame: 293152, previous_bottom_center: (1569.10693359375, 659.65857), current_bottom_center: (1604.269775390625, 647.9156), previous_side: -19.97, current_side: 12.54, side_transition: True, crossing_result: True, direction: A_TO_B
2026-08-29 12:16:24 [INFO] uvh_test.counter: SAFETY NET REJECTION: Rejecting tid=3153 as duplicate of class SUV, prev_tid=3152, dist=71.3px, thresh=150.0px, bbox_size=459.0x384.3
2026-08-29 12:16:24 [DEBUG] uvh_test.main: frame=293152 COUNTED track_id=3152 class=SUV
2026-08-29 12:16:24 [DEBUG] uvh_test.counter: track_id: 3154, frame: 293155, previous_bottom_center: (1557.0982666015625, 695.68536), current_bottom_center: (1579.478759765625, 600.5167), previous_side: -54.56, current_side: 30.48, side_transition: True, crossing_result: True, direction: A_TO_B
2026-08-29 12:16:24 [INFO] uvh_test.counter: SAFETY NET REJECTION: Rejecting tid=3154 as duplicate of class SUV, prev_tid=3152, dist=27.0px, thresh=150.0px, bbox_size=358.4x294.1
2026-08-29 12:16:31 [DEBUG] uvh_test.counter: track_id: 3159, frame: 293348, previous_bottom_center: (1234.51318359375, 393.00122), current_bottom_center: (1378.388671875, 364.66663), previous_side: -51.62, current_side: 66.92, side_transition: True, crossing_result: True, direction: A_TO_B
2026-08-29 12:16:31 [DEBUG] uvh_test.main: frame=293348 COUNTED track_id=3159 class=LCV
2026-08-29 12:16:39 [DEBUG] uvh_test.counter: track_id: 3160, frame: 293616, previous_bottom_center: (1256.5328369140625, 343.33838), current_bottom_center: (1262.864013671875, 342.30264), previous_side: -0.22, current_side: 4.84, side_transition: True, crossing_result: True, direction: A_TO_B
2026-08-29 12:16:39 [DEBUG] uvh_test.main: frame=293616 COUNTED track_id=3160 class=Two-wheeler
2026-08-29 12:16:50 [DEBUG] uvh_test.counter: track_id: 3168, frame: 293948, previous_bottom_center: (1284.1136474609375, 379.86856), current_bottom_center: (1326.237060546875, 371.30295), previous_side: -8.28, current_side: 26.62, side_transition: True, crossing_result: True, direction: A_TO_B
2026-08-29 12:16:50 [DEBUG] uvh_test.main: frame=293948 COUNTED track_id=3168 class=Two-wheeler
2026-08-29 12:17:39 [DEBUG] uvh_test.counter: track_id: 3182, frame: 295575, previous_bottom_center: (1319.4248046875, 599.70355), current_bottom_center: (1406.2808837890625, 458.85638), previous_side: -145.60, current_side: 16.76, side_transition: True, crossing_result: True, direction: A_TO_B
2026-08-29 12:17:39 [DEBUG] uvh_test.main: frame=295575 COUNTED track_id=3182 class=SUV
2026-08-29 12:17:39 [DEBUG] uvh_test.counter: track_id: 3183, frame: 295580, previous_bottom_center: (1477.259521484375, 551.35864), current_bottom_center: (1501.1943359375, 551.29895), previous_side: -2.90, current_side: 13.41, side_transition: True, crossing_result: True, direction: A_TO_B
2026-08-29 12:17:39 [INFO] uvh_test.counter: SAFETY NET REJECTION: Rejecting tid=3183 as duplicate of class SUV, prev_tid=3182, dist=132.5px, thresh=150.0px, bbox_size=459.0x384.3
2026-08-29 12:17:45 [DEBUG] uvh_test.counter: track_id: 3188, frame: 295787, previous_bottom_center: (1605.0732421875, 695.66), current_bottom_center: (1611.454345703125, 603.383), previous_side: -21.95, current_side: 50.10, side_transition: True, crossing_result: True, direction: A_TO_B
2026-08-29 12:17:45 [DEBUG] uvh_test.main: frame=295787 COUNTED track_id=3188 class=Sedan
2026-08-29 12:17:46 [DEBUG] uvh_test.counter: track_id: 3185, frame: 295791, previous_bottom_center: (1561.200927734375, 694.2149), current_bottom_center: (1652.4691162109375, 661.9909), previous_side: -50.69, current_side: 34.96, side_transition: True, crossing_result: True, direction: A_TO_B
2026-08-29 12:17:46 [INFO] uvh_test.counter: SAFETY NET REJECTION: Rejecting tid=3185 as duplicate of class Sedan, prev_tid=3188, dist=71.5px, thresh=150.0px, bbox_size=458.0x384.4
2026-08-29 12:17:46 [INFO] uvh_test.counter: SAFETY NET MERGE: Merging current tid=3186 into lost_tid=3186, dist=95.9px
2026-08-29 12:17:46 [INFO] uvh_test.counter: SAFETY NET REJECTION (MERGE PATH): Rejecting tid=3186 as duplicate of class Sedan, prev_tid=3188, dist=40.3px, thresh=150.0px
2026-08-29 12:17:46 [DEBUG] uvh_test.counter: track_id: 3187, frame: 295792, previous_bottom_center: (1572.802734375, 645.6626), current_bottom_center: (1596.7138671875, 645.6716), previous_side: -7.19, current_side: 9.05, side_transition: True, crossing_result: True, direction: A_TO_B
2026-08-29 12:17:46 [INFO] uvh_test.counter: SAFETY NET REJECTION: Rejecting tid=3187 as duplicate of class Sedan, prev_tid=3188, dist=44.8px, thresh=150.0px, bbox_size=459.0x384.4
2026-08-29 12:17:59 [DEBUG] uvh_test.counter: track_id: 3189, frame: 296227, previous_bottom_center: (1245.2366943359375, 343.04556), current_bottom_center: (1271.83984375, 338.95734), previous_side: -7.68, current_side: 13.40, side_transition: True, crossing_result: True, direction: A_TO_B
2026-08-29 12:17:59 [DEBUG] uvh_test.main: frame=296227 COUNTED track_id=3189 class=Two-wheeler
2026-08-29 12:18:04 [DEBUG] uvh_test.counter: track_id: 3190, frame: 296367, previous_bottom_center: (1261.162841796875, 372.17007), current_bottom_center: (1304.024169921875, 364.9417), previous_side: -18.23, current_side: 16.20, side_transition: True, crossing_result: True, direction: A_TO_B
2026-08-29 12:18:04 [INFO] uvh_test.counter: SAFETY NET REJECTION: Rejecting tid=3190 as duplicate of class Two-wheeler, prev_tid=3189, dist=41.4px, thresh=150.0px, bbox_size=144.7x130.5
2026-08-29 12:18:33 [DEBUG] uvh_test.counter: track_id: 3193, frame: 297335, previous_bottom_center: (1266.494384765625, 362.96057), current_bottom_center: (1287.933349609375, 360.11874), previous_side: -7.85, current_side: 8.80, side_transition: True, crossing_result: True, direction: A_TO_B
2026-08-29 12:18:33 [DEBUG] uvh_test.main: frame=297335 COUNTED track_id=3193 class=Two-wheeler
2026-08-29 12:18:37 [DEBUG] uvh_test.counter: track_id: 3194, frame: 297459, previous_bottom_center: (1278.56298828125, 384.03152), current_bottom_center: (1307.814697265625, 378.89963), previous_side: -15.11, current_side: 8.53, side_transition: True, crossing_result: True, direction: A_TO_B
2026-08-29 12:18:37 [INFO] uvh_test.counter: SAFETY NET REJECTION: Rejecting tid=3194 as duplicate of class Two-wheeler, prev_tid=3193, dist=27.3px, thresh=150.0px, bbox_size=163.5x135.1
2026-08-29 12:19:00 [DEBUG] uvh_test.counter: track_id: 3203, frame: 298215, previous_bottom_center: (1319.7978515625, 404.81464), current_bottom_center: (1351.208740234375, 403.9778), previous_side: -2.34, current_side: 19.61, side_transition: True, crossing_result: True, direction: A_TO_B
2026-08-29 12:19:00 [DEBUG] uvh_test.main: frame=298215 COUNTED track_id=3203 class=Bus
2026-08-29 12:19:01 [DEBUG] uvh_test.counter: track_id: 3200, frame: 298227, previous_bottom_center: (1320.258056640625, 407.15067), current_bottom_center: (1351.635498046875, 407.1976), previous_side: -3.75, current_side: 17.54, side_transition: True, crossing_result: True, direction: A_TO_B
2026-08-29 12:19:01 [INFO] uvh_test.counter: SAFETY NET REJECTION: Rejecting tid=3200 as duplicate of class Bus, prev_tid=3203, dist=3.2px, thresh=344.2px, bbox_size=459.0x384.5
2026-08-29 12:19:01 [DEBUG] uvh_test.counter: track_id: 3202, frame: 298239, previous_bottom_center: (1269.05126953125, 406.56015), current_bottom_center: (1400.440185546875, 450.33408), previous_side: -38.10, current_side: 19.04, side_transition: True, crossing_result: True, direction: A_TO_B
2026-08-29 12:19:01 [INFO] uvh_test.counter: SAFETY NET REJECTION: Rejecting tid=3202 as duplicate of class Bus, prev_tid=3203, dist=67.6px, thresh=344.0px, bbox_size=458.6x384.4
2026-08-29 12:19:01 [DEBUG] uvh_test.counter: track_id: 3205, frame: 298247, previous_bottom_center: (1655.680908203125, 722.2273), current_bottom_center: (1703.6025390625, 674.84973), previous_side: -7.06, current_side: 60.26, side_transition: True, crossing_result: True, direction: A_TO_B
2026-08-29 12:19:01 [DEBUG] uvh_test.main: frame=298247 COUNTED track_id=3205 class=Two-wheeler
2026-08-29 12:19:43 [DEBUG] uvh_test.counter: track_id: 3209, frame: 299647, previous_bottom_center: (1270.09423828125, 407.15555), current_bottom_center: (1320.274169921875, 395.9134), previous_side: -37.83, current_side: 4.51, side_transition: True, crossing_result: True, direction: A_TO_B
2026-08-29 12:19:43 [DEBUG] uvh_test.main: frame=299647 COUNTED track_id=3209 class=Two-wheeler
2026-08-29 12:20:00 [DEBUG] uvh_test.counter: track_id: 3214, frame: 300151, previous_bottom_center: (1276.432861328125, 386.47052), current_bottom_center: (1301.694580078125, 381.8808), previous_side: -18.35, current_side: 2.18, side_transition: True, crossing_result: True, direction: A_TO_B
2026-08-29 12:20:00 [DEBUG] uvh_test.main: frame=300151 COUNTED track_id=3214 class=LCV
2026-08-29 12:20:08 [DEBUG] uvh_test.counter: track_id: 3221, frame: 300379, previous_bottom_center: (1274.714599609375, 374.00415), current_bottom_center: (1295.2430419921875, 369.6207), previous_side: -10.37, current_side: 6.80, side_transition: True, crossing_result: True, direction: A_TO_B
2026-08-29 12:20:08 [DEBUG] uvh_test.main: frame=300379 COUNTED track_id=3221 class=Two-wheeler
2026-08-29 12:20:14 [DEBUG] uvh_test.counter: track_id: 3225, frame: 300572, previous_bottom_center: (1584.39306640625, 649.2516), current_bottom_center: (1589.81591796875, 644.8768), previous_side: -1.94, current_side: 4.95, side_transition: True, crossing_result: True, direction: A_TO_B
2026-08-29 12:20:14 [DEBUG] uvh_test.main: frame=300572 COUNTED track_id=3225 class=Two-wheeler
2026-08-29 12:20:27 [DEBUG] uvh_test.counter: track_id: 3231, frame: 300875, previous_bottom_center: (1368.439208984375, 455.7263), current_bottom_center: (1399.779296875, 455.70822), previous_side: -6.66, current_side: 14.65, side_transition: True, crossing_result: True, direction: A_TO_B
2026-08-29 12:20:27 [DEBUG] uvh_test.main: frame=300875 COUNTED track_id=3231 class=Truck
2026-08-29 12:20:33 [DEBUG] uvh_test.counter: track_id: 3239, frame: 301055, previous_bottom_center: (1325.387451171875, 422.0824), current_bottom_center: (1353.567626953125, 415.84198), previous_side: -11.22, current_side: 12.51, side_transition: True, crossing_result: True, direction: A_TO_B
2026-08-29 12:20:33 [DEBUG] uvh_test.main: frame=301055 COUNTED track_id=3239 class=Two-wheeler
2026-08-29 12:20:58 [DEBUG] uvh_test.counter: track_id: 3241, frame: 301879, previous_bottom_center: (1255.666015625, 357.3989), current_bottom_center: (1272.138427734375, 353.76752), previous_side: -11.12, current_side: 2.73, side_transition: True, crossing_result: True, direction: A_TO_B
2026-08-29 12:20:58 [DEBUG] uvh_test.main: frame=301879 COUNTED track_id=3241 class=Two-wheeler
2026-08-29 12:21:10 [DEBUG] uvh_test.counter: track_id: 3242, frame: 302251, previous_bottom_center: (1275.578125, 365.77026), current_bottom_center: (1300.638916015625, 361.15945), previous_side: -3.74, current_side: 16.67, side_transition: True, crossing_result: True, direction: A_TO_B
2026-08-29 12:21:10 [DEBUG] uvh_test.main: frame=302251 COUNTED track_id=3242 class=Two-wheeler
2026-08-29 12:21:12 [DEBUG] uvh_test.counter: track_id: 3244, frame: 302335, previous_bottom_center: (1294.103759765625, 388.3316), current_bottom_center: (1314.056396484375, 384.7573), previous_side: -7.71, current_side: 8.47, side_transition: True, crossing_result: True, direction: A_TO_B
2026-08-29 12:21:12 [INFO] uvh_test.counter: SAFETY NET REJECTION: Rejecting tid=3244 as duplicate of class Two-wheeler, prev_tid=3242, dist=27.1px, thresh=150.0px, bbox_size=145.2x142.6
2026-08-29 12:21:16 [DEBUG] uvh_test.counter: track_id: 3248, frame: 302432, previous_bottom_center: (1581.103515625, 671.69635), current_bottom_center: (1604.54541015625, 648.2411), previous_side: -20.65, current_side: 12.49, side_transition: True, crossing_result: True, direction: A_TO_B
2026-08-29 12:21:16 [DEBUG] uvh_test.main: frame=302432 COUNTED track_id=3248 class=Truck
2026-08-29 12:21:17 [DEBUG] uvh_test.counter: track_id: 3249, frame: 302447, previous_bottom_center: (1606.9412841796875, 695.9207), current_bottom_center: (1666.6873779296875, 632.29297), previous_side: -20.87, current_side: 66.41, side_transition: True, crossing_result: True, direction: A_TO_B
2026-08-29 12:21:17 [INFO] uvh_test.counter: SAFETY NET REJECTION: Rejecting tid=3249 as duplicate of class Truck, prev_tid=3248, dist=64.2px, thresh=300.0px, bbox_size=458.1x384.4
2026-08-29 12:21:17 [DEBUG] uvh_test.counter: track_id: 3250, frame: 302447, previous_bottom_center: (1655.654052734375, 743.6996), current_bottom_center: (1696.364501953125, 679.5386), previous_side: -22.83, current_side: 51.90, side_transition: True, crossing_result: True, direction: A_TO_B
2026-08-29 12:21:17 [INFO] uvh_test.counter: SAFETY NET REJECTION: Rejecting tid=3250 as duplicate of class Truck, prev_tid=3248, dist=97.0px, thresh=300.0px, bbox_size=447.3x384.3
2026-08-29 12:21:50 [DEBUG] uvh_test.counter: track_id: 3256, frame: 303567, previous_bottom_center: (1290.572998046875, 399.0172), current_bottom_center: (1350.1318359375, 386.19543), previous_side: -17.95, current_side: 31.93, side_transition: True, crossing_result: True, direction: A_TO_B
2026-08-29 12:21:50 [DEBUG] uvh_test.main: frame=303567 COUNTED track_id=3256 class=Two-wheeler
2026-08-29 12:22:15 [DEBUG] uvh_test.counter: track_id: 3257, frame: 304419, previous_bottom_center: (1265.22705078125, 359.02298), current_bottom_center: (1280.25634765625, 356.6411), previous_side: -5.82, current_side: 6.14, side_transition: True, crossing_result: True, direction: A_TO_B
2026-08-29 12:22:15 [DEBUG] uvh_test.main: frame=304419 COUNTED track_id=3257 class=Two-wheeler
2026-08-29 12:22:19 [DEBUG] uvh_test.counter: track_id: 3259, frame: 304539, previous_bottom_center: (1303.81396484375, 392.15326), current_bottom_center: (1324.2763671875, 388.02005), previous_side: -3.91, current_side: 13.02, side_transition: True, crossing_result: True, direction: A_TO_B
2026-08-29 12:22:19 [INFO] uvh_test.counter: SAFETY NET REJECTION: Rejecting tid=3259 as duplicate of class Two-wheeler, prev_tid=3257, dist=54.1px, thresh=150.0px, bbox_size=158.2x139.4
2026-08-29 12:22:31 [DEBUG] uvh_test.counter: track_id: 3262, frame: 304895, previous_bottom_center: (1618.454833984375, 711.29987), current_bottom_center: (1648.0078125, 690.26715), previous_side: -24.33, current_side: 11.18, side_transition: True, crossing_result: True, direction: A_TO_B
2026-08-29 12:22:31 [DEBUG] uvh_test.main: frame=304895 COUNTED track_id=3262 class=Two-wheeler
2026-08-29 12:22:40 [DEBUG] uvh_test.counter: track_id: 3266, frame: 305187, previous_bottom_center: (1415.852783203125, 504.56616), current_bottom_center: (1415.5465087890625, 472.79904), previous_side: -10.28, current_side: 12.82, side_transition: True, crossing_result: True, direction: A_TO_B
2026-08-29 12:22:40 [DEBUG] uvh_test.main: frame=305187 COUNTED track_id=3266 class=Bus
2026-08-29 12:22:41 [DEBUG] uvh_test.counter: track_id: 3265, frame: 305208, previous_bottom_center: (1428.8876953125, 503.79153), current_bottom_center: (1452.738525390625, 503.75592), previous_side: -0.86, current_side: 15.37, side_transition: True, crossing_result: True, direction: A_TO_B
2026-08-29 12:22:41 [INFO] uvh_test.counter: SAFETY NET REJECTION: Rejecting tid=3265 as duplicate of class Bus, prev_tid=3266, dist=48.4px, thresh=344.1px, bbox_size=458.8x384.4
2026-08-29 12:22:42 [DEBUG] uvh_test.counter: track_id: 3267, frame: 305239, previous_bottom_center: (936.5667724609375, 599.84076), current_bottom_center: (1557.1864013671875, 407.95013), previous_side: -405.81, current_side: 156.63, side_transition: True, crossing_result: True, direction: A_TO_B
2026-08-29 12:22:42 [INFO] uvh_test.counter: SAFETY NET REJECTION: Rejecting tid=3267 as duplicate of class Bus, prev_tid=3266, dist=155.8px, thresh=344.3px, bbox_size=459.0x384.6
2026-08-29 12:22:54 [DEBUG] uvh_test.counter: track_id: 3272, frame: 305659, previous_bottom_center: (1653.1072998046875, 743.7134), current_bottom_center: (1646.4703369140625, 627.1147), previous_side: -24.57, current_side: 56.47, side_transition: True, crossing_result: True, direction: A_TO_B
2026-08-29 12:22:54 [DEBUG] uvh_test.main: frame=305659 COUNTED track_id=3272 class=SUV
2026-08-29 12:23:15 [DEBUG] uvh_test.counter: track_id: 3276, frame: 306360, previous_bottom_center: (1610.2420654296875, 683.12744), current_bottom_center: (1618.906005859375, 677.91455), previous_side: -9.24, current_side: 0.47, side_transition: True, crossing_result: True, direction: A_TO_B
2026-08-29 12:23:15 [DEBUG] uvh_test.main: frame=306360 COUNTED track_id=3276 class=Two-wheeler
2026-08-29 12:23:20 [DEBUG] uvh_test.counter: track_id: 3280, frame: 306531, previous_bottom_center: (1305.4266357421875, 406.35565), current_bottom_center: (1348.8603515625, 396.095), previous_side: -13.24, current_side: 23.80, side_transition: True, crossing_result: True, direction: A_TO_B
2026-08-29 12:23:20 [DEBUG] uvh_test.main: frame=306531 COUNTED track_id=3280 class=Two-wheeler
2026-08-29 12:23:31 [DEBUG] uvh_test.counter: track_id: 3282, frame: 306868, previous_bottom_center: (1266.844482421875, 353.69678), current_bottom_center: (1281.7998046875, 351.27332), previous_side: -0.81, current_side: 11.13, side_transition: True, crossing_result: True, direction: A_TO_B
2026-08-29 12:23:31 [DEBUG] uvh_test.main: frame=306868 COUNTED track_id=3282 class=Two-wheeler
2026-08-29 12:23:40 [DEBUG] uvh_test.counter: track_id: 3285, frame: 307135, previous_bottom_center: (1289.7672119140625, 396.93402), current_bottom_center: (1322.476806640625, 390.1503), previous_side: -16.96, current_side: 10.24, side_transition: True, crossing_result: True, direction: A_TO_B
2026-08-29 12:23:40 [DEBUG] uvh_test.main: frame=307135 COUNTED track_id=3285 class=Two-wheeler
2026-08-29 12:23:52 [DEBUG] uvh_test.counter: track_id: 3290, frame: 307527, previous_bottom_center: (1607.61279296875, 693.1193), current_bottom_center: (1607.30419921875, 661.41174), previous_side: -18.36, current_side: 4.70, side_transition: True, crossing_result: True, direction: A_TO_B
2026-08-29 12:23:52 [DEBUG] uvh_test.main: frame=307527 COUNTED track_id=3290 class=MUV
2026-08-29 12:23:52 [DEBUG] uvh_test.counter: track_id: 3288, frame: 307535, previous_bottom_center: (1610.310302734375, 694.24176), current_bottom_center: (1641.4324951171875, 693.82184), previous_side: -17.35, current_side: 4.10, side_transition: True, crossing_result: True, direction: A_TO_B
2026-08-29 12:23:52 [DEBUG] uvh_test.counter: track_id: 3289, frame: 307535, previous_bottom_center: (1559.678466796875, 646.22284), current_bottom_center: (1591.163818359375, 645.80774), previous_side: -16.51, current_side: 5.18, side_transition: True, crossing_result: True, direction: A_TO_B
2026-08-29 12:23:52 [INFO] uvh_test.counter: SAFETY NET REJECTION: Rejecting tid=3289 as duplicate of class SUV, prev_tid=3288, dist=69.5px, thresh=150.0px, bbox_size=459.0x384.4
2026-08-29 12:23:52 [DEBUG] uvh_test.main: frame=307535 COUNTED track_id=3288 class=SUV
2026-08-29 12:23:55 [DEBUG] uvh_test.counter: track_id: 3295, frame: 307612, previous_bottom_center: (1294.42578125, 393.7148), current_bottom_center: (1308.94677734375, 390.2366), previous_side: -11.44, current_side: 0.98, side_transition: True, crossing_result: True, direction: A_TO_B
2026-08-29 12:23:55 [DEBUG] uvh_test.main: frame=307612 COUNTED track_id=3295 class=Two-wheeler
2026-08-29 12:24:08 [DEBUG] uvh_test.counter: track_id: 3297, frame: 308019, previous_bottom_center: (1258.71630859375, 346.14703), current_bottom_center: (1274.4365234375, 343.97568), previous_side: -0.79, current_side: 11.48, side_transition: True, crossing_result: True, direction: A_TO_B
2026-08-29 12:24:08 [DEBUG] uvh_test.main: frame=308019 COUNTED track_id=3297 class=Two-wheeler
2026-08-29 12:24:19 [DEBUG] uvh_test.counter: track_id: 3298, frame: 308388, previous_bottom_center: (1286.60302734375, 373.17493), current_bottom_center: (1326.016845703125, 366.31674), previous_side: -1.68, current_side: 30.13, side_transition: True, crossing_result: True, direction: A_TO_B
2026-08-29 12:24:19 [DEBUG] uvh_test.main: frame=308388 COUNTED track_id=3298 class=Two-wheeler
2026-08-29 12:24:46 [DEBUG] uvh_test.counter: track_id: 3299, frame: 309273, previous_bottom_center: (1256.083251953125, 343.83286), current_bottom_center: (1258.023193359375, 343.55804), previous_side: -0.88, current_side: 0.63, side_transition: True, crossing_result: True, direction: A_TO_B
2026-08-29 12:24:46 [DEBUG] uvh_test.main: frame=309273 COUNTED track_id=3299 class=Two-wheeler
2026-08-29 12:24:51 [DEBUG] uvh_test.counter: track_id: 3303, frame: 309421, previous_bottom_center: (1318.0482177734375, 400.6154), current_bottom_center: (1320.852294921875, 400.0179), previous_side: -0.45, current_side: 1.89, side_transition: True, crossing_result: True, direction: A_TO_B
2026-08-29 12:24:51 [INFO] uvh_test.counter: SAFETY NET REJECTION: Rejecting tid=3303 as duplicate of class Two-wheeler, prev_tid=3299, dist=84.5px, thresh=150.0px, bbox_size=166.2x146.7
2026-08-29 12:25:09 [DEBUG] uvh_test.counter: track_id: 3306, frame: 309992, previous_bottom_center: (1593.08544921875, 659.65875), current_bottom_center: (1604.81005859375, 647.93463), previous_side: -3.68, current_side: 12.89, side_transition: True, crossing_result: True, direction: A_TO_B
2026-08-29 12:25:09 [DEBUG] uvh_test.main: frame=309992 COUNTED track_id=3306 class=MUV
2026-08-29 12:25:10 [DEBUG] uvh_test.counter: track_id: 3305, frame: 309999, previous_bottom_center: (1564.302001953125, 645.4286), current_bottom_center: (1596.5042724609375, 645.1616), previous_side: -12.79, current_side: 9.29, side_transition: True, crossing_result: True, direction: A_TO_B
2026-08-29 12:25:10 [INFO] uvh_test.counter: SAFETY NET REJECTION: Rejecting tid=3305 as duplicate of class MUV, prev_tid=3306, dist=8.8px, thresh=150.0px, bbox_size=459.0x384.3
2026-08-29 12:25:23 [DEBUG] uvh_test.counter: track_id: 3310, frame: 310447, previous_bottom_center: (1602.7593994140625, 694.90485), current_bottom_center: (1654.2843017578125, 656.3868), previous_side: -22.97, current_side: 40.30, side_transition: True, crossing_result: True, direction: A_TO_B
2026-08-29 12:25:23 [DEBUG] uvh_test.main: frame=310447 COUNTED track_id=3310 class=Two-wheeler
2026-08-29 12:25:37 [DEBUG] uvh_test.counter: track_id: 3314, frame: 310947, previous_bottom_center: (1295.075927734375, 395.15524), current_bottom_center: (1355.8157958984375, 382.5318), previous_side: -12.05, current_side: 38.48, side_transition: True, crossing_result: True, direction: A_TO_B
2026-08-29 12:25:37 [DEBUG] uvh_test.main: frame=310947 COUNTED track_id=3314 class=Two-wheeler
2026-08-29 12:26:04 [DEBUG] uvh_test.counter: track_id: 3319, frame: 311799, previous_bottom_center: (1265.013427734375, 356.9033), current_bottom_center: (1283.875, 353.0112), previous_side: -4.41, current_side: 11.26, side_transition: True, crossing_result: True, direction: A_TO_B
2026-08-29 12:26:04 [DEBUG] uvh_test.main: frame=311799 COUNTED track_id=3319 class=Two-wheeler
2026-08-29 12:26:06 [DEBUG] uvh_test.counter: track_id: 3322, frame: 311867, previous_bottom_center: (1282.857666015625, 409.69852), current_bottom_center: (1344.9788818359375, 396.90533), previous_side: -31.03, current_side: 20.57, side_transition: True, crossing_result: True, direction: A_TO_B
2026-08-29 12:26:06 [INFO] uvh_test.counter: SAFETY NET REJECTION: Rejecting tid=3322 as duplicate of class Two-wheeler, prev_tid=3319, dist=75.2px, thresh=150.0px, bbox_size=172.2x157.7
2026-08-29 12:26:43 [DEBUG] uvh_test.counter: track_id: 3330, frame: 313095, previous_bottom_center: (1261.4249267578125, 373.4367), current_bottom_center: (1295.422119140625, 367.4824), previous_side: -18.98, current_side: 8.49, side_transition: True, crossing_result: True, direction: A_TO_B
2026-08-29 12:26:43 [DEBUG] uvh_test.main: frame=313095 COUNTED track_id=3330 class=Two-wheeler
2026-08-29 12:26:58 [DEBUG] uvh_test.counter: track_id: 3331, frame: 313556, previous_bottom_center: (1354.64404296875, 442.80844), current_bottom_center: (1364.5401611328125, 418.16336), previous_side: -6.55, current_side: 18.26, side_transition: True, crossing_result: True, direction: A_TO_B
2026-08-29 12:26:58 [DEBUG] uvh_test.main: frame=313556 COUNTED track_id=3331 class=Truck
2026-08-29 12:27:04 [DEBUG] uvh_test.counter: track_id: 3341, frame: 313727, previous_bottom_center: (1562.079833984375, 644.4047), current_bottom_center: (1624.9345703125, 644.78265), previous_side: -13.55, current_side: 28.88, side_transition: True, crossing_result: True, direction: A_TO_B
2026-08-29 12:27:04 [DEBUG] uvh_test.counter: track_id: 3342, frame: 313727, previous_bottom_center: (1560.976806640625, 743.70483), current_bottom_center: (1592.3748779296875, 648.1764), previous_side: -87.16, current_side: 4.27, side_transition: True, crossing_result: True, direction: A_TO_B
2026-08-29 12:27:04 [INFO] uvh_test.counter: SAFETY NET REJECTION: Rejecting tid=3342 as duplicate of class LCV, prev_tid=3341, dist=32.7px, thresh=150.0px, bbox_size=458.9x384.3
2026-08-29 12:27:04 [DEBUG] uvh_test.main: frame=313727 COUNTED track_id=3341 class=LCV
2026-08-29 12:27:05 [DEBUG] uvh_test.counter: track_id: 3345, frame: 313736, previous_bottom_center: (1636.982177734375, 695.7252), current_bottom_center: (1648.92822265625, 695.71124), previous_side: -0.32, current_side: 7.81, side_transition: True, crossing_result: True, direction: A_TO_B
2026-08-29 12:27:05 [INFO] uvh_test.counter: SAFETY NET REJECTION: Rejecting tid=3345 as duplicate of class LCV, prev_tid=3341, dist=56.3px, thresh=150.0px, bbox_size=459.0x384.3
2026-08-29 12:27:05 [DEBUG] uvh_test.counter: track_id: 3343, frame: 313739, previous_bottom_center: (1559.6982421875, 647.1571), current_bottom_center: (1622.7877197265625, 583.5575), previous_side: -17.18, current_side: 72.35, side_transition: True, crossing_result: True, direction: A_TO_B
2026-08-29 12:27:05 [INFO] uvh_test.counter: SAFETY NET REJECTION: Rejecting tid=3343 as duplicate of class LCV, prev_tid=3341, dist=61.3px, thresh=150.0px, bbox_size=458.9x384.5
2026-08-29 12:27:10 [DEBUG] uvh_test.counter: track_id: 3347, frame: 313897, previous_bottom_center: (1253.862060546875, 341.19565), current_bottom_center: (1256.56494140625, 340.7785), previous_side: -0.46, current_side: 1.68, side_transition: True, crossing_result: True, direction: A_TO_B
2026-08-29 12:27:10 [DEBUG] uvh_test.main: frame=313897 COUNTED track_id=3347 class=Two-wheeler
2026-08-29 12:27:22 [DEBUG] uvh_test.counter: track_id: 3350, frame: 314255, previous_bottom_center: (1509.117431640625, 599.7286), current_bottom_center: (1509.1419677734375, 563.7758), previous_side: -16.75, current_side: 9.65, side_transition: True, crossing_result: True, direction: A_TO_B
2026-08-29 12:27:22 [DEBUG] uvh_test.main: frame=314255 COUNTED track_id=3350 class=Bus
2026-08-29 12:27:22 [DEBUG] uvh_test.counter: track_id: 3348, frame: 314267, previous_bottom_center: (1512.6524658203125, 599.81757), current_bottom_center: (1543.965576171875, 599.8055), previous_side: -14.41, current_side: 6.87, side_transition: True, crossing_result: True, direction: A_TO_B
2026-08-29 12:27:22 [INFO] uvh_test.counter: SAFETY NET REJECTION: Rejecting tid=3348 as duplicate of class Bus, prev_tid=3350, dist=50.1px, thresh=344.2px, bbox_size=459.0x384.4
2026-08-29 12:27:22 [DEBUG] uvh_test.counter: track_id: 3349, frame: 314267, previous_bottom_center: (1463.44287109375, 551.97925), current_bottom_center: (1494.941650390625, 551.9506), previous_side: -12.74, current_side: 8.68, side_transition: True, crossing_result: True, direction: A_TO_B
2026-08-29 12:27:22 [INFO] uvh_test.counter: SAFETY NET REJECTION: Rejecting tid=3349 as duplicate of class Bus, prev_tid=3350, dist=18.5px, thresh=344.2px, bbox_size=459.0x384.6
2026-08-29 12:27:49 [DEBUG] uvh_test.counter: track_id: 3354, frame: 315187, previous_bottom_center: (1501.466064453125, 589.6075), current_bottom_center: (1563.961181640625, 557.89294), previous_side: -14.52, current_side: 51.21, side_transition: True, crossing_result: True, direction: A_TO_B
2026-08-29 12:27:49 [DEBUG] uvh_test.main: frame=315187 COUNTED track_id=3354 class=Two-wheeler
2026-08-29 12:28:03 [DEBUG] uvh_test.counter: track_id: 3356, frame: 315671, previous_bottom_center: (1268.424072265625, 371.40427), current_bottom_center: (1287.24365234375, 368.71716), previous_side: -12.73, current_side: 2.03, side_transition: True, crossing_result: True, direction: A_TO_B
2026-08-29 12:28:03 [DEBUG] uvh_test.main: frame=315671 COUNTED track_id=3356 class=Truck
2026-08-29 12:28:13 [DEBUG] uvh_test.counter: track_id: 3357, frame: 315987, previous_bottom_center: (1272.39599609375, 387.60126), current_bottom_center: (1315.2982177734375, 380.19592), previous_side: -21.92, current_side: 12.66, side_transition: True, crossing_result: True, direction: A_TO_B
2026-08-29 12:28:13 [DEBUG] uvh_test.main: frame=315987 COUNTED track_id=3357 class=Two-wheeler
2026-08-29 12:28:38 [DEBUG] uvh_test.counter: track_id: 3369, frame: 316787, previous_bottom_center: (1382.2015380859375, 474.98257), current_bottom_center: (1432.9384765625, 459.81976), previous_side: -11.44, current_side: 34.16, side_transition: True, crossing_result: True, direction: A_TO_B
2026-08-29 12:28:38 [DEBUG] uvh_test.main: frame=316787 COUNTED track_id=3369 class=Two-wheeler
2026-08-29 12:28:39 [DEBUG] uvh_test.counter: track_id: 3373, frame: 316799, previous_bottom_center: (1419.524169921875, 501.99133), current_bottom_center: (1419.3525390625, 471.0048), previous_side: -5.90, current_side: 16.72, side_transition: True, crossing_result: True, direction: A_TO_B
2026-08-29 12:28:39 [DEBUG] uvh_test.counter: track_id: 3374, frame: 316799, previous_bottom_center: (1368.1767578125, 457.20996), current_bottom_center: (1368.379638671875, 425.8607), previous_side: -7.92, current_side: 15.22, side_transition: True, crossing_result: True, direction: A_TO_B
2026-08-29 12:28:39 [INFO] uvh_test.counter: SAFETY NET REJECTION: Rejecting tid=3374 as duplicate of class Truck, prev_tid=3373, dist=68.1px, thresh=300.0px, bbox_size=458.9x384.3
2026-08-29 12:28:39 [DEBUG] uvh_test.main: frame=316799 COUNTED track_id=3373 class=Truck
2026-08-29 12:28:39 [DEBUG] uvh_test.counter: track_id: 3370, frame: 316807, previous_bottom_center: (1367.322021484375, 503.6751), current_bottom_center: (1430.502685546875, 503.6684), previous_side: -42.60, current_side: 0.33, side_transition: True, crossing_result: True, direction: A_TO_B
2026-08-29 12:28:39 [INFO] uvh_test.counter: SAFETY NET REJECTION: Rejecting tid=3370 as duplicate of class Truck, prev_tid=3373, dist=34.5px, thresh=300.0px, bbox_size=458.9x384.3
2026-08-29 12:28:40 [DEBUG] uvh_test.counter: track_id: 3361, frame: 316811, previous_bottom_center: (1368.010009765625, 455.7435), current_bottom_center: (1368.2392578125, 424.0419), previous_side: -6.96, current_side: 16.46, side_transition: True, crossing_result: True, direction: A_TO_B
2026-08-29 12:28:40 [INFO] uvh_test.counter: SAFETY NET REJECTION: Rejecting tid=3361 as duplicate of class Truck, prev_tid=3373, dist=69.4px, thresh=300.0px, bbox_size=459.1x384.4
2026-08-29 12:28:56 [DEBUG] uvh_test.counter: track_id: 3383, frame: 317287, previous_bottom_center: (1365.917236328125, 455.93927), current_bottom_center: (1397.545166015625, 455.89194), previous_side: -8.53, current_side: 13.00, side_transition: True, crossing_result: True, direction: A_TO_B
2026-08-29 12:28:56 [INFO] uvh_test.counter: SAFETY NET MERGE: Merging current tid=3382 into lost_tid=3382, dist=44.2px
2026-08-29 12:28:56 [INFO] uvh_test.counter: SAFETY NET REJECTION (MERGE PATH): Rejecting tid=3382 as duplicate of class Truck, prev_tid=3383, dist=80.7px, thresh=300.0px
2026-08-29 12:28:56 [DEBUG] uvh_test.main: frame=317287 COUNTED track_id=3383 class=Truck
2026-08-29 12:28:57 [DEBUG] uvh_test.counter: track_id: 3381, frame: 317307, previous_bottom_center: (1414.52685546875, 503.91367), current_bottom_center: (1414.37646484375, 472.23877), previous_side: -10.70, current_side: 12.44, side_transition: True, crossing_result: True, direction: A_TO_B
2026-08-29 12:28:57 [INFO] uvh_test.counter: SAFETY NET REJECTION: Rejecting tid=3381 as duplicate of class Truck, prev_tid=3383, dist=23.5px, thresh=300.0px, bbox_size=459.0x384.6
2026-08-29 12:28:57 [DEBUG] uvh_test.counter: track_id: 3387, frame: 317311, previous_bottom_center: (1614.0343017578125, 734.76416), current_bottom_center: (1676.17578125, 702.19995), previous_side: -44.55, current_side: 21.56, side_transition: True, crossing_result: True, direction: A_TO_B
2026-08-29 12:28:57 [DEBUG] uvh_test.main: frame=317311 COUNTED track_id=3387 class=MUV
2026-08-29 12:29:08 [DEBUG] uvh_test.counter: track_id: 3391, frame: 317659, previous_bottom_center: (1561.09912109375, 647.85815), current_bottom_center: (1593.76708984375, 647.81616), previous_side: -16.75, current_side: 5.48, side_transition: True, crossing_result: True, direction: A_TO_B
2026-08-29 12:29:08 [DEBUG] uvh_test.counter: track_id: 3392, frame: 317659, previous_bottom_center: (1605.12744140625, 695.7298), current_bottom_center: (1641.127197265625, 695.71826), previous_side: -21.96, current_side: 2.50, side_transition: True, crossing_result: True, direction: A_TO_B
2026-08-29 12:29:08 [INFO] uvh_test.counter: SAFETY NET REJECTION: Rejecting tid=3392 as duplicate of class SUV, prev_tid=3391, dist=67.4px, thresh=150.0px, bbox_size=459.0x384.3
2026-08-29 12:29:08 [DEBUG] uvh_test.main: frame=317659 COUNTED track_id=3391 class=SUV
2026-08-29 12:29:26 [DEBUG] uvh_test.counter: track_id: 3394, frame: 318312, previous_bottom_center: (1565.5369873046875, 634.3203), current_bottom_center: (1576.37841796875, 627.6841), previous_side: -3.80, current_side: 8.44, side_transition: True, crossing_result: True, direction: A_TO_B
2026-08-29 12:29:26 [DEBUG] uvh_test.main: frame=318312 COUNTED track_id=3394 class=Two-wheeler
2026-08-29 12:29:35 [DEBUG] uvh_test.counter: track_id: 3395, frame: 318595, previous_bottom_center: (1264.263671875, 361.76706), current_bottom_center: (1287.2752685546875, 358.2069), previous_side: -8.49, current_side: 9.76, side_transition: True, crossing_result: True, direction: A_TO_B
2026-08-29 12:29:35 [DEBUG] uvh_test.main: frame=318595 COUNTED track_id=3395 class=Two-wheeler
2026-08-29 12:29:43 [DEBUG] uvh_test.counter: track_id: 3396, frame: 318847, previous_bottom_center: (1278.88916015625, 366.4294), current_bottom_center: (1317.101806640625, 359.7825), previous_side: -1.97, current_side: 28.87, side_transition: True, crossing_result: True, direction: A_TO_B
2026-08-29 12:29:43 [DEBUG] uvh_test.main: frame=318847 COUNTED track_id=3396 class=Two-wheeler
2026-08-29 12:29:56 [DEBUG] uvh_test.counter: track_id: 3401, frame: 319259, previous_bottom_center: (1350.174560546875, 461.67737), current_bottom_center: (1387.7208251953125, 455.2761), previous_side: -23.43, current_side: 6.77, side_transition: True, crossing_result: True, direction: A_TO_B
2026-08-29 12:29:56 [DEBUG] uvh_test.counter: track_id: 3402, frame: 319259, previous_bottom_center: (1373.479736328125, 457.6113), current_bottom_center: (1401.017578125, 448.14462), previous_side: -4.61, current_side: 21.04, side_transition: True, crossing_result: True, direction: A_TO_B
2026-08-29 12:29:56 [DEBUG] uvh_test.main: frame=319259 COUNTED track_id=3401 class=MUV
2026-08-29 12:29:56 [DEBUG] uvh_test.main: frame=319259 COUNTED track_id=3402 class=Sedan
2026-08-29 12:30:23 [DEBUG] uvh_test.counter: track_id: 3403, frame: 320239, previous_bottom_center: (1260.0242919921875, 361.00092), current_bottom_center: (1286.155517578125, 357.0476), previous_side: -10.80, current_side: 9.85, side_transition: True, crossing_result: True, direction: A_TO_B
2026-08-29 12:30:23 [DEBUG] uvh_test.main: frame=320239 COUNTED track_id=3403 class=Two-wheeler
2026-08-29 12:30:54 [DEBUG] uvh_test.counter: track_id: 3406, frame: 321289, previous_bottom_center: (1273.43994140625, 364.71707), current_bottom_center: (1279.156982421875, 363.71936), previous_side: -4.42, current_side: 0.20, side_transition: True, crossing_result: True, direction: A_TO_B
2026-08-29 12:30:54 [DEBUG] uvh_test.main: frame=321289 COUNTED track_id=3406 class=Two-wheeler
2026-08-29 12:30:59 [DEBUG] uvh_test.counter: track_id: 3407, frame: 321459, previous_bottom_center: (1285.369140625, 394.4172), current_bottom_center: (1314.113037109375, 388.93915), previous_side: -18.11, current_side: 5.44, side_transition: True, crossing_result: True, direction: A_TO_B
2026-08-29 12:30:59 [DEBUG] uvh_test.main: frame=321459 COUNTED track_id=3407 class=Two-wheeler
2026-08-29 12:31:12 [DEBUG] uvh_test.counter: track_id: 3409, frame: 321867, previous_bottom_center: (1243.5888671875, 342.31378), current_bottom_center: (1274.107421875, 338.05823), previous_side: -8.26, current_side: 15.60, side_transition: True, crossing_result: True, direction: A_TO_B
2026-08-29 12:31:12 [DEBUG] uvh_test.main: frame=321867 COUNTED track_id=3409 class=Two-wheeler
2026-08-29 12:31:49 [DEBUG] uvh_test.counter: track_id: 3418, frame: 322882, previous_bottom_center: (1223.19873046875, 455.58746), current_bottom_center: (1411.3330078125, 455.61673), previous_side: -105.23, current_side: 22.57, side_transition: True, crossing_result: True, direction: A_TO_B
2026-08-29 12:31:49 [DEBUG] uvh_test.main: frame=322882 COUNTED track_id=3418 class=Truck
2026-08-29 12:31:49 [DEBUG] uvh_test.counter: track_id: 3425, frame: 322887, previous_bottom_center: (1276.553466796875, 364.66083), current_bottom_center: (1279.409912109375, 362.99167), previous_side: -2.26, current_side: 0.90, side_transition: True, crossing_result: True, direction: A_TO_B
2026-08-29 12:31:49 [INFO] uvh_test.counter: SAFETY NET REJECTION: Rejecting tid=3425 as duplicate of class Truck, prev_tid=3418, dist=161.2px, thresh=262.2px, bbox_size=349.6x139.9
2026-08-29 12:31:50 [DEBUG] uvh_test.counter: track_id: 3426, frame: 322902, previous_bottom_center: (1365.791015625, 455.68436), current_bottom_center: (1397.4180908203125, 455.66974), previous_side: -8.42, current_side: 13.07, side_transition: True, crossing_result: True, direction: A_TO_B
2026-08-29 12:31:50 [INFO] uvh_test.counter: SAFETY NET REJECTION: Rejecting tid=3426 as duplicate of class Truck, prev_tid=3418, dist=13.9px, thresh=300.0px, bbox_size=458.9x384.3
2026-08-29 12:31:59 [DEBUG] uvh_test.counter: track_id: 3428, frame: 323162, previous_bottom_center: (1296.816162109375, 393.6397), current_bottom_center: (1317.0423583984375, 390.69974), previous_side: -9.76, current_side: 6.14, side_transition: True, crossing_result: True, direction: A_TO_B
2026-08-29 12:31:59 [DEBUG] uvh_test.main: frame=323162 COUNTED track_id=3428 class=Two-wheeler
2026-08-29 12:32:15 [DEBUG] uvh_test.counter: track_id: 3432, frame: 323647, previous_bottom_center: (1315.351806640625, 418.89102), current_bottom_center: (1341.9622802734375, 412.8924), previous_side: -15.69, current_side: 6.79, side_transition: True, crossing_result: True, direction: A_TO_B
2026-08-29 12:32:15 [DEBUG] uvh_test.main: frame=323647 COUNTED track_id=3432 class=Two-wheeler
2026-08-29 12:32:17 [DEBUG] uvh_test.counter: track_id: 3435, frame: 323728, previous_bottom_center: (1600.6474609375, 677.958), current_bottom_center: (1611.12109375, 653.9833), previous_side: -11.97, current_side: 12.74, side_transition: True, crossing_result: True, direction: A_TO_B
2026-08-29 12:32:17 [DEBUG] uvh_test.main: frame=323728 COUNTED track_id=3435 class=SUV
2026-08-29 12:32:18 [DEBUG] uvh_test.counter: track_id: 3434, frame: 323739, previous_bottom_center: (1511.8223876953125, 647.08636), current_bottom_center: (1606.7554931640625, 615.3186), previous_side: -49.66, current_side: 38.15, side_transition: True, crossing_result: True, direction: A_TO_B
2026-08-29 12:32:18 [INFO] uvh_test.counter: SAFETY NET REJECTION: Rejecting tid=3434 as duplicate of class SUV, prev_tid=3435, dist=38.9px, thresh=150.0px, bbox_size=458.9x384.4
2026-08-29 12:32:27 [DEBUG] uvh_test.counter: track_id: 3442, frame: 324039, previous_bottom_center: (1353.90380859375, 446.69165), current_bottom_center: (1403.8765869140625, 435.63406), previous_side: -9.90, current_side: 32.16, side_transition: True, crossing_result: True, direction: A_TO_B
2026-08-29 12:32:27 [DEBUG] uvh_test.main: frame=324039 COUNTED track_id=3442 class=Three-wheeler
2026-08-29 12:32:36 [DEBUG] uvh_test.counter: track_id: 3449, frame: 324301, previous_bottom_center: (1275.802001953125, 364.17953), current_bottom_center: (1282.311279296875, 362.99887), previous_side: -2.42, current_side: 2.87, side_transition: True, crossing_result: True, direction: A_TO_B
2026-08-29 12:32:36 [DEBUG] uvh_test.main: frame=324301 COUNTED track_id=3449 class=Two-wheeler
2026-08-29 12:32:41 [DEBUG] uvh_test.counter: track_id: 3452, frame: 324459, previous_bottom_center: (1462.565673828125, 647.8116), current_bottom_center: (1589.741455078125, 647.73224), previous_side: -83.66, current_side: 2.80, side_transition: True, crossing_result: True, direction: A_TO_B
2026-08-29 12:32:41 [DEBUG] uvh_test.main: frame=324459 COUNTED track_id=3452 class=Truck
2026-08-29 12:32:41 [DEBUG] uvh_test.counter: track_id: 3451, frame: 324460, previous_bottom_center: (1478.453125, 599.821), current_bottom_center: (1597.3621826171875, 567.9831), previous_side: -37.65, current_side: 66.50, side_transition: True, crossing_result: True, direction: A_TO_B
2026-08-29 12:32:41 [INFO] uvh_test.counter: SAFETY NET REJECTION: Rejecting tid=3451 as duplicate of class Truck, prev_tid=3452, dist=80.1px, thresh=300.0px, bbox_size=458.8x384.4
2026-08-29 12:32:49 [DEBUG] uvh_test.counter: track_id: 3457, frame: 324682, previous_bottom_center: (1272.7310791015625, 359.01947), current_bottom_center: (1274.3275146484375, 358.77432), previous_side: -0.72, current_side: 0.55, side_transition: True, crossing_result: True, direction: A_TO_B
2026-08-29 12:32:49 [DEBUG] uvh_test.main: frame=324682 COUNTED track_id=3457 class=Two-wheeler
2026-08-29 12:32:55 [DEBUG] uvh_test.counter: track_id: 3459, frame: 324859, previous_bottom_center: (1512.2552490234375, 647.21356), current_bottom_center: (1575.309814453125, 615.3507), previous_side: -49.46, current_side: 16.76, side_transition: True, crossing_result: True, direction: A_TO_B
2026-08-29 12:32:55 [DEBUG] uvh_test.counter: track_id: 3460, frame: 324859, previous_bottom_center: (1557.24658203125, 695.9044), current_bottom_center: (1622.87451171875, 662.94806), previous_side: -54.62, current_side: 14.15, side_transition: True, crossing_result: True, direction: A_TO_B
2026-08-29 12:32:55 [INFO] uvh_test.counter: SAFETY NET REJECTION: Rejecting tid=3460 as duplicate of class Truck, prev_tid=3459, dist=67.3px, thresh=300.0px, bbox_size=458.9x384.4
2026-08-29 12:32:55 [DEBUG] uvh_test.main: frame=324859 COUNTED track_id=3459 class=Truck
2026-08-29 12:33:07 [DEBUG] uvh_test.counter: track_id: 3463, frame: 325244, previous_bottom_center: (1265.749755859375, 362.58453), current_bottom_center: (1276.212158203125, 360.67157), previous_side: -8.08, current_side: 0.43, side_transition: True, crossing_result: True, direction: A_TO_B
2026-08-29 12:33:07 [DEBUG] uvh_test.main: frame=325244 COUNTED track_id=3463 class=Two-wheeler
2026-08-29 12:33:10 [DEBUG] uvh_test.counter: track_id: 3465, frame: 325320, previous_bottom_center: (1287.044189453125, 396.97598), current_bottom_center: (1311.203369140625, 392.21133), previous_side: -18.85, current_side: 1.06, side_transition: True, crossing_result: True, direction: A_TO_B
2026-08-29 12:33:10 [INFO] uvh_test.counter: SAFETY NET REJECTION: Rejecting tid=3465 as duplicate of class Two-wheeler, prev_tid=3463, dist=47.1px, thresh=150.0px, bbox_size=161.6x143.9
2026-08-29 12:33:16 [DEBUG] uvh_test.counter: track_id: 3469, frame: 325511, previous_bottom_center: (1557.076416015625, 647.6706), current_bottom_center: (1593.0810546875, 647.66315), previous_side: -19.34, current_side: 5.12, side_transition: True, crossing_result: True, direction: A_TO_B
2026-08-29 12:33:16 [DEBUG] uvh_test.main: frame=325511 COUNTED track_id=3469 class=MUV
2026-08-29 12:33:16 [DEBUG] uvh_test.counter: track_id: 3468, frame: 325523, previous_bottom_center: (1561.6578369140625, 647.8319), current_bottom_center: (1625.170166015625, 647.7494), previous_side: -16.35, current_side: 26.86, side_transition: True, crossing_result: True, direction: A_TO_B
2026-08-29 12:33:16 [INFO] uvh_test.counter: SAFETY NET REJECTION: Rejecting tid=3468 as duplicate of class MUV, prev_tid=3469, dist=32.1px, thresh=150.0px, bbox_size=459.0x384.4
2026-08-29 12:33:29 [DEBUG] uvh_test.counter: track_id: 3471, frame: 325923, previous_bottom_center: (1269.216552734375, 355.85214), current_bottom_center: (1292.6884765625, 351.22168), previous_side: -0.78, current_side: 18.56, side_transition: True, crossing_result: True, direction: A_TO_B
2026-08-29 12:33:29 [DEBUG] uvh_test.main: frame=325923 COUNTED track_id=3471 class=Two-wheeler
2026-08-29 12:33:34 [DEBUG] uvh_test.counter: track_id: 3476, frame: 326084, previous_bottom_center: (1290.5703125, 375.05078), current_bottom_center: (1301.8448486328125, 372.5749), previous_side: -0.36, current_side: 9.11, side_transition: True, crossing_result: True, direction: A_TO_B
2026-08-29 12:33:34 [DEBUG] uvh_test.main: frame=326084 COUNTED track_id=3476 class=Two-wheeler
2026-08-29 12:33:44 [DEBUG] uvh_test.counter: track_id: 3479, frame: 326404, previous_bottom_center: (1630.780517578125, 693.10645), current_bottom_center: (1651.54541015625, 693.22955), previous_side: -2.61, current_side: 11.41, side_transition: True, crossing_result: True, direction: A_TO_B
2026-08-29 12:33:44 [DEBUG] uvh_test.main: frame=326404 COUNTED track_id=3479 class=Sedan
2026-08-29 12:33:45 [DEBUG] uvh_test.counter: track_id: 3480, frame: 326411, previous_bottom_center: (1555.1483154296875, 643.1531), current_bottom_center: (1587.481689453125, 642.6405), previous_side: -17.34, current_side: 5.01, side_transition: True, crossing_result: True, direction: A_TO_B
2026-08-29 12:33:45 [INFO] uvh_test.counter: SAFETY NET REJECTION: Rejecting tid=3480 as duplicate of class Sedan, prev_tid=3479, dist=81.6px, thresh=150.0px, bbox_size=459.0x384.4
2026-08-29 12:33:50 [DEBUG] uvh_test.counter: track_id: 3482, frame: 326563, previous_bottom_center: (1290.633056640625, 399.42563), current_bottom_center: (1319.47509765625, 393.3791), previous_side: -18.20, current_side: 5.83, side_transition: True, crossing_result: True, direction: A_TO_B
2026-08-29 12:33:50 [DEBUG] uvh_test.main: frame=326563 COUNTED track_id=3482 class=Two-wheeler
2026-08-29 12:33:58 [DEBUG] uvh_test.counter: track_id: 3484, frame: 326811, previous_bottom_center: (1258.53076171875, 368.42148), current_bottom_center: (1283.3209228515625, 364.41092), previous_side: -17.26, current_side: 2.52, side_transition: True, crossing_result: True, direction: A_TO_B
2026-08-29 12:33:58 [DEBUG] uvh_test.main: frame=326811 COUNTED track_id=3484 class=Two-wheeler
2026-08-29 12:34:12 [DEBUG] uvh_test.counter: track_id: 3485, frame: 327287, previous_bottom_center: (1256.907470703125, 344.0076), current_bottom_center: (1280.714111328125, 340.41043), previous_side: -0.45, current_side: 18.36, side_transition: True, crossing_result: True, direction: A_TO_B
2026-08-29 12:34:12 [DEBUG] uvh_test.main: frame=327287 COUNTED track_id=3485 class=Two-wheeler
2026-08-29 12:34:38 [DEBUG] uvh_test.counter: track_id: 3486, frame: 328171, previous_bottom_center: (1262.38525390625, 361.86185), current_bottom_center: (1288.7337646484375, 357.81345), previous_side: -9.83, current_side: 11.04, side_transition: True, crossing_result: True, direction: A_TO_B
2026-08-29 12:34:38 [DEBUG] uvh_test.main: frame=328171 COUNTED track_id=3486 class=Two-wheeler
2026-08-29 12:34:44 [DEBUG] uvh_test.counter: track_id: 3489, frame: 328347, previous_bottom_center: (1331.00732421875, 415.82288), current_bottom_center: (1353.208740234375, 410.32245), previous_side: -2.81, current_side: 16.31, side_transition: True, crossing_result: True, direction: A_TO_B
2026-08-29 12:34:44 [DEBUG] uvh_test.main: frame=328347 COUNTED track_id=3489 class=Two-wheeler
2026-08-29 12:34:51 [DEBUG] uvh_test.counter: track_id: 3490, frame: 328559, previous_bottom_center: (1248.726318359375, 375.10126), current_bottom_center: (1283.7392578125, 367.6882), previous_side: -28.83, current_side: 0.40, side_transition: True, crossing_result: True, direction: A_TO_B
2026-08-29 12:34:51 [DEBUG] uvh_test.main: frame=328559 COUNTED track_id=3490 class=Three-wheeler
2026-08-29 12:35:28 [DEBUG] uvh_test.counter: track_id: 3505, frame: 329823, previous_bottom_center: (1427.779296875, 569.15796), current_bottom_center: (1483.8062744140625, 545.5683), previous_side: -49.57, current_side: 5.80, side_transition: True, crossing_result: True, direction: A_TO_B
2026-08-29 12:35:28 [DEBUG] uvh_test.main: frame=329823 COUNTED track_id=3505 class=Two-wheeler
2026-08-29 12:35:32 [DEBUG] uvh_test.counter: track_id: 3506, frame: 329943, previous_bottom_center: (1249.81103515625, 352.27597), current_bottom_center: (1269.517822265625, 348.78552), previous_side: -11.34, current_side: 4.61, side_transition: True, crossing_result: True, direction: A_TO_B
2026-08-29 12:35:32 [DEBUG] uvh_test.main: frame=329943 COUNTED track_id=3506 class=Two-wheeler
2026-08-29 12:35:37 [DEBUG] uvh_test.counter: track_id: 3507, frame: 330087, previous_bottom_center: (1282.095703125, 367.66345), current_bottom_center: (1302.34814453125, 363.71005), previous_side: -0.70, current_side: 15.96, side_transition: True, crossing_result: True, direction: A_TO_B
2026-08-29 12:35:37 [INFO] uvh_test.counter: SAFETY NET REJECTION: Rejecting tid=3507 as duplicate of class Two-wheeler, prev_tid=3506, dist=36.1px, thresh=150.0px, bbox_size=138.4x128.7
2026-08-29 12:36:04 [DEBUG] uvh_test.counter: track_id: 3510, frame: 330982, previous_bottom_center: (1289.11279296875, 374.40887), current_bottom_center: (1290.98681640625, 374.08762), previous_side: -0.88, current_side: 0.63, side_transition: True, crossing_result: True, direction: A_TO_B
2026-08-29 12:36:04 [DEBUG] uvh_test.main: frame=330982 COUNTED track_id=3510 class=Two-wheeler
2026-08-29 12:36:39 [DEBUG] uvh_test.counter: track_id: 3517, frame: 332132, previous_bottom_center: (1311.364990234375, 397.29736), current_bottom_center: (1322.5953369140625, 394.76804), previous_side: -2.56, current_side: 6.93, side_transition: True, crossing_result: True, direction: A_TO_B
2026-08-29 12:36:39 [DEBUG] uvh_test.main: frame=332132 COUNTED track_id=3517 class=Two-wheeler
2026-08-29 12:36:41 [DEBUG] uvh_test.counter: track_id: 3516, frame: 332199, previous_bottom_center: (1242.6328125, 366.26227), current_bottom_center: (1277.246826171875, 360.5892), previous_side: -26.48, current_side: 1.20, side_transition: True, crossing_result: True, direction: A_TO_B
2026-08-29 12:36:41 [INFO] uvh_test.counter: SAFETY NET REJECTION: Rejecting tid=3516 as duplicate of class Two-wheeler, prev_tid=3517, dist=56.8px, thresh=150.0px, bbox_size=144.6x127.0
2026-08-29 12:36:49 [DEBUG] uvh_test.counter: track_id: 3520, frame: 332452, previous_bottom_center: (1274.037353515625, 362.26907), current_bottom_center: (1282.4560546875, 361.05084), previous_side: -2.22, current_side: 4.40, side_transition: True, crossing_result: True, direction: A_TO_B
2026-08-29 12:36:49 [DEBUG] uvh_test.main: frame=332452 COUNTED track_id=3520 class=Two-wheeler
2026-08-29 12:37:02 [DEBUG] uvh_test.counter: track_id: 3521, frame: 332859, previous_bottom_center: (1224.128662109375, 347.0919), current_bottom_center: (1257.615966796875, 341.7746), previous_side: -24.99, current_side: 1.67, side_transition: True, crossing_result: True, direction: A_TO_B
2026-08-29 12:37:02 [DEBUG] uvh_test.main: frame=332859 COUNTED track_id=3521 class=Two-wheeler
2026-08-29 12:37:05 [DEBUG] uvh_test.counter: track_id: 3524, frame: 332943, previous_bottom_center: (1294.843505859375, 398.55997), current_bottom_center: (1321.2958984375, 393.8542), previous_side: -14.71, current_side: 6.72, side_transition: True, crossing_result: True, direction: A_TO_B
2026-08-29 12:37:05 [INFO] uvh_test.counter: SAFETY NET REJECTION: Rejecting tid=3524 as duplicate of class Two-wheeler, prev_tid=3521, dist=82.3px, thresh=150.0px, bbox_size=168.9x148.4
2026-08-29 12:37:07 [DEBUG] uvh_test.counter: track_id: 3522, frame: 332991, previous_bottom_center: (1241.658203125, 346.04373), current_bottom_center: (1257.8450927734375, 343.6394), previous_side: -12.31, current_side: 0.45, side_transition: True, crossing_result: True, direction: A_TO_B
2026-08-29 12:37:07 [INFO] uvh_test.counter: SAFETY NET REJECTION: Rejecting tid=3522 as duplicate of class Two-wheeler, prev_tid=3521, dist=1.9px, thresh=150.0px, bbox_size=141.4x122.2
2026-08-29 12:37:24 [DEBUG] uvh_test.counter: track_id: 3529, frame: 333501, previous_bottom_center: (1271.410400390625, 358.4644), current_bottom_center: (1277.09765625, 357.61008), previous_side: -1.21, current_side: 3.28, side_transition: True, crossing_result: True, direction: A_TO_B
2026-08-29 12:37:24 [DEBUG] uvh_test.main: frame=333501 COUNTED track_id=3529 class=Two-wheeler
2026-08-29 12:37:32 [DEBUG] uvh_test.counter: track_id: 3533, frame: 333751, previous_bottom_center: (1416.6285400390625, 502.92804), current_bottom_center: (1449.126220703125, 503.00623), previous_side: -8.55, current_side: 13.47, side_transition: True, crossing_result: True, direction: A_TO_B
2026-08-29 12:37:32 [DEBUG] uvh_test.counter: track_id: 3534, frame: 333751, previous_bottom_center: (1319.1595458984375, 405.26025), current_bottom_center: (1350.865234375, 405.3302), previous_side: -3.11, current_side: 18.38, side_transition: True, crossing_result: True, direction: A_TO_B
2026-08-29 12:37:32 [INFO] uvh_test.counter: SAFETY NET REJECTION: Rejecting tid=3534 as duplicate of class Bus, prev_tid=3533, dist=138.5px, thresh=344.2px, bbox_size=458.9x384.5
2026-08-29 12:37:32 [DEBUG] uvh_test.main: frame=333751 COUNTED track_id=3533 class=Bus
2026-08-29 12:37:33 [DEBUG] uvh_test.counter: track_id: 3536, frame: 333771, previous_bottom_center: (1365.6873779296875, 455.86017), current_bottom_center: (1397.34423828125, 455.79428), previous_side: -8.62, current_side: 12.93, side_transition: True, crossing_result: True, direction: A_TO_B
2026-08-29 12:37:33 [INFO] uvh_test.counter: SAFETY NET REJECTION: Rejecting tid=3536 as duplicate of class Bus, prev_tid=3533, dist=70.1px, thresh=344.1px, bbox_size=458.8x384.4
2026-08-29 12:37:34 [DEBUG] uvh_test.counter: track_id: 3531, frame: 333827, previous_bottom_center: (1414.5101318359375, 503.73212), current_bottom_center: (1653.06005859375, 455.81454), previous_side: -10.58, current_side: 186.65, side_transition: True, crossing_result: True, direction: A_TO_B
2026-08-29 12:37:34 [INFO] uvh_test.counter: SAFETY NET REJECTION: Rejecting tid=3531 as duplicate of class Bus, prev_tid=3533, dist=209.3px, thresh=344.2px, bbox_size=459.0x384.4
2026-08-29 12:37:55 [DEBUG] uvh_test.counter: track_id: 3538, frame: 334539, previous_bottom_center: (1244.627685546875, 344.806), current_bottom_center: (1276.2440185546875, 340.3027), previous_side: -9.38, current_side: 15.40, side_transition: True, crossing_result: True, direction: A_TO_B
2026-08-29 12:37:55 [DEBUG] uvh_test.main: frame=334539 COUNTED track_id=3538 class=Two-wheeler
2026-08-29 12:38:00 [DEBUG] uvh_test.counter: track_id: 3546, frame: 334688, previous_bottom_center: (1578.3363037109375, 641.6761), current_bottom_center: (1601.78076171875, 641.9674), previous_side: -0.50, current_side: 15.21, side_transition: True, crossing_result: True, direction: A_TO_B
2026-08-29 12:38:00 [DEBUG] uvh_test.main: frame=334688 COUNTED track_id=3546 class=Sedan
2026-08-29 12:38:01 [DEBUG] uvh_test.counter: track_id: 3548, frame: 334699, previous_bottom_center: (1614.781982421875, 746.20776), current_bottom_center: (1695.09130859375, 652.35614), previous_side: -52.44, current_side: 70.98, side_transition: True, crossing_result: True, direction: A_TO_B
2026-08-29 12:38:01 [INFO] uvh_test.counter: SAFETY NET REJECTION: Rejecting tid=3548 as duplicate of class Sedan, prev_tid=3546, dist=93.9px, thresh=150.0px, bbox_size=449.8x384.3
2026-08-29 12:38:01 [DEBUG] uvh_test.counter: track_id: 3547, frame: 334700, previous_bottom_center: (1589.6591796875, 664.01575), current_bottom_center: (1601.5096435546875, 652.0646), previous_side: -9.20, current_side: 7.62, side_transition: True, crossing_result: True, direction: A_TO_B
2026-08-29 12:38:01 [INFO] uvh_test.counter: SAFETY NET REJECTION: Rejecting tid=3547 as duplicate of class Sedan, prev_tid=3546, dist=10.1px, thresh=150.0px, bbox_size=459.1x384.4
2026-08-29 12:38:01 [DEBUG] uvh_test.counter: track_id: 3544, frame: 334711, previous_bottom_center: (1252.29931640625, 345.4507), current_bottom_center: (1268.61767578125, 343.62363), previous_side: -4.64, current_side: 7.78, side_transition: True, crossing_result: True, direction: A_TO_B
2026-08-29 12:38:01 [DEBUG] uvh_test.main: frame=334711 COUNTED track_id=3544 class=Two-wheeler
2026-08-29 12:38:03 [DEBUG] uvh_test.counter: track_id: 3554, frame: 334783, previous_bottom_center: (1417.3092041015625, 550.1439), current_bottom_center: (1429.424560546875, 474.52786), previous_side: -42.74, current_side: 20.98, side_transition: True, crossing_result: True, direction: A_TO_B
2026-08-29 12:38:03 [DEBUG] uvh_test.main: frame=334783 COUNTED track_id=3554 class=Sedan
2026-08-29 12:38:04 [DEBUG] uvh_test.counter: track_id: 3553, frame: 334787, previous_bottom_center: (1418.542724609375, 503.07657), current_bottom_center: (1450.213623046875, 503.13297), previous_side: -7.36, current_side: 14.11, side_transition: True, crossing_result: True, direction: A_TO_B
2026-08-29 12:38:04 [INFO] uvh_test.counter: SAFETY NET REJECTION: Rejecting tid=3553 as duplicate of class Sedan, prev_tid=3554, dist=35.4px, thresh=150.0px, bbox_size=459.0x384.3
2026-08-29 12:38:24 [DEBUG] uvh_test.counter: track_id: 3556, frame: 335451, previous_bottom_center: (1242.828125, 346.69858), current_bottom_center: (1261.6273193359375, 344.50674), previous_side: -11.99, current_side: 2.39, side_transition: True, crossing_result: True, direction: A_TO_B
2026-08-29 12:38:24 [DEBUG] uvh_test.main: frame=335451 COUNTED track_id=3556 class=Two-wheeler
2026-08-29 12:38:33 [DEBUG] uvh_test.counter: track_id: 3559, frame: 335747, previous_bottom_center: (1293.819091796875, 396.84677), current_bottom_center: (1321.386962890625, 390.52548), previous_side: -14.15, current_side: 9.22, side_transition: True, crossing_result: True, direction: A_TO_B
2026-08-29 12:38:33 [DEBUG] uvh_test.main: frame=335747 COUNTED track_id=3559 class=Two-wheeler
2026-08-29 12:38:41 [DEBUG] uvh_test.counter: track_id: 3560, frame: 335963, previous_bottom_center: (1271.693359375, 362.9765), current_bottom_center: (1287.46728515625, 360.7194), previous_side: -4.33, current_side: 8.05, side_transition: True, crossing_result: True, direction: A_TO_B
2026-08-29 12:38:41 [DEBUG] uvh_test.main: frame=335963 COUNTED track_id=3560 class=Two-wheeler
2026-08-29 12:38:45 [DEBUG] uvh_test.counter: track_id: 3564, frame: 336083, previous_bottom_center: (1605.0736083984375, 695.6918), current_bottom_center: (1605.0732421875, 659.6511), previous_side: -21.97, current_side: 4.47, side_transition: True, crossing_result: True, direction: A_TO_B
2026-08-29 12:38:45 [DEBUG] uvh_test.main: frame=336083 COUNTED track_id=3564 class=MUV
2026-08-29 12:38:45 [DEBUG] uvh_test.counter: track_id: 3562, frame: 336087, previous_bottom_center: (1514.3233642578125, 695.8345), current_bottom_center: (1608.9500732421875, 663.9638), previous_side: -83.73, current_side: 3.94, side_transition: True, crossing_result: True, direction: A_TO_B
2026-08-29 12:38:45 [INFO] uvh_test.counter: SAFETY NET REJECTION: Rejecting tid=3562 as duplicate of class MUV, prev_tid=3564, dist=5.8px, thresh=150.0px, bbox_size=459.0x384.3
2026-08-29 12:38:57 [DEBUG] uvh_test.counter: track_id: 3568, frame: 336460, previous_bottom_center: (1305.2830810546875, 391.34885), current_bottom_center: (1325.9754638671875, 386.79227), previous_side: -2.33, current_side: 15.08, side_transition: True, crossing_result: True, direction: A_TO_B
2026-08-29 12:38:57 [DEBUG] uvh_test.main: frame=336460 COUNTED track_id=3568 class=Two-wheeler
2026-08-29 12:39:15 [DEBUG] uvh_test.counter: track_id: 3571, frame: 337079, previous_bottom_center: (1466.7392578125, 597.59454), current_bottom_center: (1520.1875, 573.854), previous_side: -43.97, current_side: 9.76, side_transition: True, crossing_result: True, direction: A_TO_B
2026-08-29 12:39:15 [DEBUG] uvh_test.main: frame=337079 COUNTED track_id=3571 class=Two-wheeler
2026-08-29 12:39:31 [DEBUG] uvh_test.counter: track_id: 3575, frame: 337622, previous_bottom_center: (1360.04541015625, 447.95963), current_bottom_center: (1404.948974609375, 432.9669), previous_side: -6.66, current_side: 34.85, side_transition: True, crossing_result: True, direction: A_TO_B
2026-08-29 12:39:31 [DEBUG] uvh_test.main: frame=337622 COUNTED track_id=3575 class=Sedan
2026-08-29 12:39:48 [DEBUG] uvh_test.counter: track_id: 3582, frame: 338180, previous_bottom_center: (1298.746337890625, 397.63586), current_bottom_center: (1314.372314453125, 394.47687), previous_side: -11.38, current_side: 1.55, side_transition: True, crossing_result: True, direction: A_TO_B
2026-08-29 12:39:48 [DEBUG] uvh_test.main: frame=338180 COUNTED track_id=3582 class=Two-wheeler
2026-08-29 12:39:49 [DEBUG] uvh_test.counter: track_id: 3583, frame: 338200, previous_bottom_center: (1257.79150390625, 347.46152), current_bottom_center: (1270.84375, 345.2613), previous_side: -2.39, current_side: 8.10, side_transition: True, crossing_result: True, direction: A_TO_B
2026-08-29 12:39:49 [INFO] uvh_test.counter: SAFETY NET REJECTION: Rejecting tid=3583 as duplicate of class Two-wheeler, prev_tid=3582, dist=65.7px, thresh=150.0px, bbox_size=137.3x118.5
2026-08-29 12:39:59 [DEBUG] uvh_test.counter: track_id: 3584, frame: 338504, previous_bottom_center: (1267.02490234375, 359.51578), current_bottom_center: (1276.46533203125, 358.04825), previous_side: -4.96, current_side: 2.53, side_transition: True, crossing_result: True, direction: A_TO_B
2026-08-29 12:39:59 [DEBUG] uvh_test.main: frame=338504 COUNTED track_id=3584 class=Two-wheeler
2026-08-29 12:40:06 [DEBUG] uvh_test.counter: track_id: 3589, frame: 338743, previous_bottom_center: (1653.08056640625, 743.6898), current_bottom_center: (1685.130859375, 707.68225), previous_side: -24.58, current_side: 23.62, side_transition: True, crossing_result: True, direction: A_TO_B
2026-08-29 12:40:06 [DEBUG] uvh_test.main: frame=338743 COUNTED track_id=3589 class=SUV
2026-08-29 12:40:19 [DEBUG] uvh_test.counter: track_id: 3592, frame: 339139, previous_bottom_center: (1245.704345703125, 336.13367), current_bottom_center: (1277.88916015625, 330.16562), previous_side: -2.29, current_side: 23.96, side_transition: True, crossing_result: True, direction: A_TO_B
2026-08-29 12:40:19 [DEBUG] uvh_test.main: frame=339139 COUNTED track_id=3592 class=Two-wheeler
2026-08-29 12:40:19 [DEBUG] uvh_test.counter: track_id: 3593, frame: 339149, previous_bottom_center: (1306.43701171875, 389.7996), current_bottom_center: (1309.02001953125, 389.491), previous_side: -0.40, current_side: 1.58, side_transition: True, crossing_result: True, direction: A_TO_B
2026-08-29 12:40:19 [INFO] uvh_test.counter: SAFETY NET REJECTION: Rejecting tid=3593 as duplicate of class Two-wheeler, prev_tid=3592, dist=67.0px, thresh=150.0px, bbox_size=170.2x159.8
2026-08-29 12:40:34 [DEBUG] uvh_test.counter: track_id: 3596, frame: 339580, previous_bottom_center: (1300.8699951171875, 398.72543), current_bottom_center: (1320.612548828125, 394.3306), previous_side: -10.74, current_side: 5.90, side_transition: True, crossing_result: True, direction: A_TO_B
2026-08-29 12:40:34 [DEBUG] uvh_test.main: frame=339580 COUNTED track_id=3596 class=Two-wheeler
2026-08-29 12:41:00 [DEBUG] uvh_test.counter: track_id: 3597, frame: 340460, previous_bottom_center: (1272.905517578125, 363.07867), current_bottom_center: (1291.1240234375, 360.09787), previous_side: -3.58, current_side: 10.99, side_transition: True, crossing_result: True, direction: A_TO_B
2026-08-29 12:41:00 [DEBUG] uvh_test.main: frame=340460 COUNTED track_id=3597 class=Two-wheeler
2026-08-29 12:41:02 [DEBUG] uvh_test.counter: track_id: 3601, frame: 340543, previous_bottom_center: (1461.07470703125, 551.6474), current_bottom_center: (1497.083740234375, 551.64056), previous_side: -14.11, current_side: 10.36, side_transition: True, crossing_result: True, direction: A_TO_B
2026-08-29 12:41:02 [DEBUG] uvh_test.main: frame=340543 COUNTED track_id=3601 class=SUV
2026-08-29 12:41:02 [DEBUG] uvh_test.counter: track_id: 3602, frame: 340547, previous_bottom_center: (1468.9544677734375, 603.60913), current_bottom_center: (1477.1707763671875, 511.4236), previous_side: -46.88, current_side: 26.35, side_transition: True, crossing_result: True, direction: A_TO_B
2026-08-29 12:41:02 [INFO] uvh_test.counter: SAFETY NET REJECTION: Rejecting tid=3602 as duplicate of class SUV, prev_tid=3601, dist=44.9px, thresh=150.0px, bbox_size=344.7x278.5
2026-08-29 12:41:31 [DEBUG] uvh_test.counter: track_id: 3606, frame: 341527, previous_bottom_center: (1265.4564208984375, 352.358), current_bottom_center: (1284.031982421875, 349.25226), previous_side: -0.77, current_side: 14.13, side_transition: True, crossing_result: True, direction: A_TO_B
2026-08-29 12:41:31 [DEBUG] uvh_test.main: frame=341527 COUNTED track_id=3606 class=Two-wheeler
2026-08-29 12:41:35 [DEBUG] uvh_test.counter: track_id: 3613, frame: 341652, previous_bottom_center: (1328.9295654296875, 413.64743), current_bottom_center: (1336.605224609375, 411.43478), previous_side: -2.62, current_side: 4.22, side_transition: True, crossing_result: True, direction: A_TO_B
2026-08-29 12:41:35 [DEBUG] uvh_test.main: frame=341652 COUNTED track_id=3613 class=SUV
2026-08-29 12:41:36 [DEBUG] uvh_test.counter: track_id: 3609, frame: 341659, previous_bottom_center: (1414.5244140625, 502.06387), current_bottom_center: (1446.1031494140625, 502.26514), previous_side: -9.35, current_side: 11.96, side_transition: True, crossing_result: True, direction: A_TO_B
2026-08-29 12:41:36 [INFO] uvh_test.counter: SAFETY NET REJECTION: Rejecting tid=3609 as duplicate of class SUV, prev_tid=3613, dist=142.3px, thresh=150.0px, bbox_size=458.9x384.3
2026-08-29 12:41:38 [DEBUG] uvh_test.counter: track_id: 3620, frame: 341727, previous_bottom_center: (1381.308837890625, 474.63324), current_bottom_center: (1413.123779296875, 463.3709), previous_side: -11.79, current_side: 18.09, side_transition: True, crossing_result: True, direction: A_TO_B
2026-08-29 12:41:38 [DEBUG] uvh_test.main: frame=341727 COUNTED track_id=3620 class=Two-wheeler
2026-08-29 12:41:53 [DEBUG] uvh_test.counter: track_id: 3623, frame: 342203, previous_bottom_center: (1465.42919921875, 549.45013), current_bottom_center: (1497.217529296875, 549.1476), previous_side: -9.53, current_side: 12.28, side_transition: True, crossing_result: True, direction: A_TO_B
2026-08-29 12:41:53 [DEBUG] uvh_test.main: frame=342203 COUNTED track_id=3623 class=SUV
2026-08-29 12:42:31 [DEBUG] uvh_test.counter: track_id: 3629, frame: 343480, previous_bottom_center: (1542.0802001953125, 615.20605), current_bottom_center: (1554.0914306640625, 603.32104), previous_side: -5.71, current_side: 11.17, side_transition: True, crossing_result: True, direction: A_TO_B
2026-08-29 12:42:31 [DEBUG] uvh_test.main: frame=343480 COUNTED track_id=3629 class=Truck
2026-08-29 12:42:50 [DEBUG] uvh_test.counter: track_id: 3636, frame: 344121, previous_bottom_center: (1285.89697265625, 374.549), current_bottom_center: (1293.386962890625, 373.02036), previous_side: -3.17, current_side: 3.04, side_transition: True, crossing_result: True, direction: A_TO_B
2026-08-29 12:42:50 [DEBUG] uvh_test.main: frame=344121 COUNTED track_id=3636 class=Two-wheeler
2026-08-29 12:43:08 [DEBUG] uvh_test.counter: track_id: 3638, frame: 344689, previous_bottom_center: (1277.415771484375, 363.77267), current_bottom_center: (1279.240478515625, 363.45615), previous_side: -1.02, current_side: 0.45, side_transition: True, crossing_result: True, direction: A_TO_B
2026-08-29 12:43:08 [DEBUG] uvh_test.main: frame=344689 COUNTED track_id=3638 class=Two-wheeler
2026-08-29 12:43:14 [DEBUG] uvh_test.counter: track_id: 3639, frame: 344872, previous_bottom_center: (1272.863525390625, 360.1889), current_bottom_center: (1278.128173828125, 359.37637), previous_side: -1.49, current_side: 2.69, side_transition: True, crossing_result: True, direction: A_TO_B
2026-08-29 12:43:14 [DEBUG] uvh_test.main: frame=344872 COUNTED track_id=3639 class=Two-wheeler
2026-08-29 12:43:32 [DEBUG] uvh_test.counter: track_id: 3641, frame: 345443, previous_bottom_center: (1596.2529296875, 716.52026), current_bottom_center: (1636.007080078125, 688.52405), previous_side: -43.25, current_side: 4.30, side_transition: True, crossing_result: True, direction: A_TO_B
2026-08-29 12:43:32 [DEBUG] uvh_test.main: frame=345443 COUNTED track_id=3641 class=Two-wheeler
2026-08-29 12:43:42 [DEBUG] uvh_test.counter: track_id: 3643, frame: 345791, previous_bottom_center: (1583.8814697265625, 646.33203), current_bottom_center: (1614.830810546875, 623.70184), previous_side: -0.15, current_side: 37.48, side_transition: True, crossing_result: True, direction: A_TO_B
2026-08-29 12:43:42 [DEBUG] uvh_test.main: frame=345791 COUNTED track_id=3643 class=Two-wheeler
2026-08-29 12:43:49 [DEBUG] uvh_test.counter: track_id: 3644, frame: 345999, previous_bottom_center: (1245.946044921875, 360.88464), current_bottom_center: (1292.78271484375, 353.068), previous_side: -20.28, current_side: 17.27, side_transition: True, crossing_result: True, direction: A_TO_B
2026-08-29 12:43:49 [DEBUG] uvh_test.main: frame=345999 COUNTED track_id=3644 class=Two-wheeler
2026-08-29 12:44:03 [DEBUG] uvh_test.counter: track_id: 3645, frame: 346464, previous_bottom_center: (1254.7139892578125, 346.619), current_bottom_center: (1260.641845703125, 345.81866), previous_side: -3.86, current_side: 0.76, side_transition: True, crossing_result: True, direction: A_TO_B
2026-08-29 12:44:03 [DEBUG] uvh_test.main: frame=346464 COUNTED track_id=3645 class=Two-wheeler
2026-08-29 12:44:10 [DEBUG] uvh_test.counter: track_id: 3646, frame: 346691, previous_bottom_center: (1288.77587890625, 381.5533), current_bottom_center: (1308.100341796875, 377.83408), previous_side: -6.35, current_side: 9.51, side_transition: True, crossing_result: True, direction: A_TO_B
2026-08-29 12:44:10 [DEBUG] uvh_test.main: frame=346691 COUNTED track_id=3646 class=Two-wheeler
2026-08-29 12:44:27 [DEBUG] uvh_test.counter: track_id: 3652, frame: 347247, previous_bottom_center: (1248.9537353515625, 355.45752), current_bottom_center: (1269.354736328125, 351.1832), previous_side: -14.26, current_side: 2.74, side_transition: True, crossing_result: True, direction: A_TO_B
2026-08-29 12:44:27 [DEBUG] uvh_test.main: frame=347247 COUNTED track_id=3652 class=Two-wheeler
2026-08-29 12:44:29 [DEBUG] uvh_test.counter: track_id: 3654, frame: 347319, previous_bottom_center: (1271.45703125, 403.03757), current_bottom_center: (1338.574462890625, 389.34082), previous_side: -33.88, current_side: 21.77, side_transition: True, crossing_result: True, direction: A_TO_B
2026-08-29 12:44:29 [INFO] uvh_test.counter: SAFETY NET REJECTION: Rejecting tid=3654 as duplicate of class Two-wheeler, prev_tid=3652, dist=79.0px, thresh=150.0px, bbox_size=162.6x146.4
2026-08-29 12:44:59 [DEBUG] uvh_test.counter: track_id: 3657, frame: 348292, previous_bottom_center: (1293.39013671875, 381.00836), current_bottom_center: (1301.1279296875, 379.18964), previous_side: -2.82, current_side: 3.77, side_transition: True, crossing_result: True, direction: A_TO_B
2026-08-29 12:44:59 [DEBUG] uvh_test.main: frame=348292 COUNTED track_id=3657 class=tempo-traveller
2026-08-29 12:45:04 [DEBUG] uvh_test.counter: track_id: 3663, frame: 348431, previous_bottom_center: (1463.38818359375, 551.6389), current_bottom_center: (1495.706787109375, 551.64496), previous_side: -12.53, current_side: 9.42, side_transition: True, crossing_result: True, direction: A_TO_B
2026-08-29 12:45:04 [DEBUG] uvh_test.counter: track_id: 3661, frame: 348431, previous_bottom_center: (1417.9781494140625, 502.68686), current_bottom_center: (1449.6968994140625, 502.80252), previous_side: -7.46, current_side: 14.01, side_transition: True, crossing_result: True, direction: A_TO_B
2026-08-29 12:45:04 [INFO] uvh_test.counter: SAFETY NET REJECTION: Rejecting tid=3661 as duplicate of class LCV, prev_tid=3663, dist=67.1px, thresh=150.0px, bbox_size=458.9x384.3
2026-08-29 12:45:04 [DEBUG] uvh_test.main: frame=348431 COUNTED track_id=3663 class=LCV
2026-08-29 12:45:04 [DEBUG] uvh_test.counter: track_id: 3664, frame: 348439, previous_bottom_center: (1367.7047119140625, 503.83063), current_bottom_center: (1463.555419921875, 471.66528), previous_side: -42.45, current_side: 46.27, side_transition: True, crossing_result: True, direction: A_TO_B
2026-08-29 12:45:04 [INFO] uvh_test.counter: SAFETY NET REJECTION: Rejecting tid=3664 as duplicate of class LCV, prev_tid=3663, dist=86.2px, thresh=150.0px, bbox_size=459.0x384.4
2026-08-29 12:45:04 [DEBUG] uvh_test.counter: track_id: 3660, frame: 348439, previous_bottom_center: (1419.5361328125, 599.7041), current_bottom_center: (1555.9666748046875, 507.24908), previous_side: -77.59, current_side: 82.94, side_transition: True, crossing_result: True, direction: A_TO_B
2026-08-29 12:45:04 [INFO] uvh_test.counter: SAFETY NET REJECTION: Rejecting tid=3660 as duplicate of class LCV, prev_tid=3663, dist=74.8px, thresh=150.0px, bbox_size=458.9x384.3
2026-08-29 12:45:15 [DEBUG] uvh_test.counter: track_id: 3669, frame: 348767, previous_bottom_center: (1300.6107177734375, 396.3469), current_bottom_center: (1322.371337890625, 391.77112), previous_side: -9.17, current_side: 8.97, side_transition: True, crossing_result: True, direction: A_TO_B
2026-08-29 12:45:15 [DEBUG] uvh_test.main: frame=348767 COUNTED track_id=3669 class=SUV
2026-08-29 12:45:23 [DEBUG] uvh_test.counter: track_id: 3672, frame: 349019, previous_bottom_center: (1261.021484375, 391.41183), current_bottom_center: (1302.341064453125, 383.973), previous_side: -32.44, current_side: 1.09, side_transition: True, crossing_result: True, direction: A_TO_B
2026-08-29 12:45:23 [DEBUG] uvh_test.main: frame=349019 COUNTED track_id=3672 class=Two-wheeler
2026-08-29 12:45:42 [DEBUG] uvh_test.counter: track_id: 3673, frame: 349629, previous_bottom_center: (1247.206298828125, 333.47275), current_bottom_center: (1245.4808349609375, 333.82144), previous_side: 0.69, current_side: -0.74, side_transition: True, crossing_result: True, direction: B_TO_A
2026-08-29 12:45:42 [DEBUG] uvh_test.main: frame=349629 COUNTED track_id=3673 class=Two-wheeler
2026-08-29 12:46:07 [DEBUG] uvh_test.counter: track_id: 3675, frame: 350479, previous_bottom_center: (1269.953369140625, 395.3914), current_bottom_center: (1314.753662109375, 387.05203), previous_side: -29.29, current_side: 7.26, side_transition: True, crossing_result: True, direction: A_TO_B
2026-08-29 12:46:07 [DEBUG] uvh_test.main: frame=350479 COUNTED track_id=3675 class=Two-wheeler
2026-08-29 12:46:44 [DEBUG] uvh_test.counter: track_id: 3679, frame: 351767, previous_bottom_center: (1283.85595703125, 391.15866), current_bottom_center: (1311.9019775390625, 386.1445), previous_side: -16.74, current_side: 5.99, side_transition: True, crossing_result: True, direction: A_TO_B
2026-08-29 12:46:44 [DEBUG] uvh_test.main: frame=351767 COUNTED track_id=3679 class=Two-wheeler
2026-08-29 12:47:36 [DEBUG] uvh_test.counter: track_id: 3680, frame: 353600, previous_bottom_center: (1249.610107421875, 337.6968), current_bottom_center: (1259.6971435546875, 336.3403), previous_side: -0.78, current_side: 7.07, side_transition: True, crossing_result: True, direction: A_TO_B
2026-08-29 12:47:36 [DEBUG] uvh_test.main: frame=353600 COUNTED track_id=3680 class=Two-wheeler
2026-08-29 12:48:00 [DEBUG] uvh_test.counter: track_id: 3683, frame: 354411, previous_bottom_center: (1256.299560546875, 347.36377), current_bottom_center: (1270.8533935546875, 345.20123), previous_side: -3.33, current_side: 8.15, side_transition: True, crossing_result: True, direction: A_TO_B
2026-08-29 12:48:00 [DEBUG] uvh_test.main: frame=354411 COUNTED track_id=3683 class=Two-wheeler
2026-08-29 12:48:10 [DEBUG] uvh_test.counter: track_id: 3685, frame: 354725, previous_bottom_center: (1325.80712890625, 410.5511), current_bottom_center: (1328.727783203125, 409.66), previous_side: -2.47, current_side: 0.17, side_transition: True, crossing_result: True, direction: A_TO_B
2026-08-29 12:48:10 [DEBUG] uvh_test.main: frame=354725 COUNTED track_id=3685 class=Two-wheeler
2026-08-29 12:48:13 [DEBUG] uvh_test.counter: track_id: 3688, frame: 354799, previous_bottom_center: (1260.74072265625, 362.87274), current_bottom_center: (1293.1494140625, 356.85272), previous_side: -11.69, current_side: 14.74, side_transition: True, crossing_result: True, direction: A_TO_B
2026-08-29 12:48:13 [INFO] uvh_test.counter: SAFETY NET REJECTION: Rejecting tid=3688 as duplicate of class Two-wheeler, prev_tid=3685, dist=63.7px, thresh=150.0px, bbox_size=136.3x122.0
2026-08-29 12:48:18 [DEBUG] uvh_test.counter: track_id: 3690, frame: 354940, previous_bottom_center: (1307.3203125, 393.74188), current_bottom_center: (1325.6123046875, 389.7756), previous_side: -2.70, current_side: 12.64, side_transition: True, crossing_result: True, direction: A_TO_B
2026-08-29 12:48:18 [DEBUG] uvh_test.main: frame=354940 COUNTED track_id=3690 class=Two-wheeler
2026-08-29 12:48:34 [DEBUG] uvh_test.counter: track_id: 3702, frame: 355487, previous_bottom_center: (1598.1357421875, 681.5833), current_bottom_center: (1619.34375, 665.3453), previous_side: -16.33, current_side: 9.99, side_transition: True, crossing_result: True, direction: A_TO_B
2026-08-29 12:48:34 [DEBUG] uvh_test.main: frame=355487 COUNTED track_id=3702 class=Two-wheeler
2026-08-29 12:48:50 [DEBUG] uvh_test.counter: track_id: 3705, frame: 356023, previous_bottom_center: (1697.17529296875, 789.37006), current_bottom_center: (1706.6533203125, 757.06445), previous_side: -28.14, current_side: 2.01, side_transition: True, crossing_result: True, direction: A_TO_B
2026-08-29 12:48:50 [DEBUG] uvh_test.main: frame=356023 COUNTED track_id=3705 class=Hatchback
2026-08-29 12:48:50 [DEBUG] uvh_test.counter: track_id: 3704, frame: 356024, previous_bottom_center: (1637.218505859375, 727.6202), current_bottom_center: (1649.1728515625, 703.65717), previous_side: -23.56, current_side: 2.14, side_transition: True, crossing_result: True, direction: A_TO_B
2026-08-29 12:48:50 [INFO] uvh_test.counter: SAFETY NET REJECTION: Rejecting tid=3704 as duplicate of class Hatchback, prev_tid=3705, dist=78.5px, thresh=150.0px, bbox_size=459.0x384.4
2026-08-29 12:49:08 [DEBUG] uvh_test.counter: track_id: 3707, frame: 356647, previous_bottom_center: (1275.859375, 374.70782), current_bottom_center: (1297.42822265625, 370.43524), previous_side: -10.10, current_side: 7.68, side_transition: True, crossing_result: True, direction: A_TO_B
2026-08-29 12:49:08 [DEBUG] uvh_test.main: frame=356647 COUNTED track_id=3707 class=Two-wheeler
2026-08-29 12:49:15 [DEBUG] uvh_test.counter: track_id: 3709, frame: 356847, previous_bottom_center: (1296.333251953125, 394.42517), current_bottom_center: (1314.5455322265625, 389.69617), previous_side: -10.66, current_side: 5.18, side_transition: True, crossing_result: True, direction: A_TO_B
2026-08-29 12:49:15 [DEBUG] uvh_test.main: frame=356847 COUNTED track_id=3709 class=tempo-traveller
2026-08-29 12:49:27 [DEBUG] uvh_test.counter: track_id: 3726, frame: 357228, previous_bottom_center: (1313.014404296875, 395.501), current_bottom_center: (1322.47509765625, 393.19446), previous_side: -0.12, current_side: 8.00, side_transition: True, crossing_result: True, direction: A_TO_B
2026-08-29 12:49:27 [DEBUG] uvh_test.main: frame=357228 COUNTED track_id=3726 class=Three-wheeler
2026-08-29 12:49:50 [DEBUG] uvh_test.counter: track_id: 3728, frame: 357959, previous_bottom_center: (1500.9205322265625, 743.72205), current_bottom_center: (1608.109619140625, 647.4356), previous_side: -127.97, current_side: 15.50, side_transition: True, crossing_result: True, direction: A_TO_B
2026-08-29 12:49:50 [DEBUG] uvh_test.counter: track_id: 3731, frame: 357959, previous_bottom_center: (1557.0765380859375, 743.70667), current_bottom_center: (1669.876708984375, 665.6128), previous_side: -89.81, current_side: 44.13, side_transition: True, crossing_result: True, direction: A_TO_B
2026-08-29 12:49:50 [INFO] uvh_test.counter: SAFETY NET REJECTION: Rejecting tid=3731 as duplicate of class SUV, prev_tid=3728, dist=64.4px, thresh=150.0px, bbox_size=458.2x384.3
2026-08-29 12:49:50 [INFO] uvh_test.counter: SAFETY NET MERGE: Merging current tid=3733 into lost_tid=3733, dist=39.1px
2026-08-29 12:49:50 [INFO] uvh_test.counter: SAFETY NET REJECTION (MERGE PATH): Rejecting tid=3733 as duplicate of class SUV, prev_tid=3728, dist=12.0px, thresh=150.0px
2026-08-29 12:49:50 [DEBUG] uvh_test.main: frame=357959 COUNTED track_id=3728 class=SUV
2026-08-29 12:49:50 [DEBUG] uvh_test.counter: track_id: 3730, frame: 357960, previous_bottom_center: (1620.0419921875, 695.701), current_bottom_center: (1648.12158203125, 695.70386), previous_side: -11.81, current_side: 7.27, side_transition: True, crossing_result: True, direction: A_TO_B
2026-08-29 12:49:50 [INFO] uvh_test.counter: SAFETY NET REJECTION: Rejecting tid=3730 as duplicate of class SUV, prev_tid=3728, dist=62.7px, thresh=150.0px, bbox_size=459.0x384.3
2026-08-29 12:49:50 [DEBUG] uvh_test.counter: track_id: 3732, frame: 357960, previous_bottom_center: (1539.2254638671875, 614.9287), current_bottom_center: (1555.3232421875, 602.96924), previous_side: -7.45, current_side: 12.27, side_transition: True, crossing_result: True, direction: A_TO_B
2026-08-29 12:49:50 [INFO] uvh_test.counter: SAFETY NET REJECTION: Rejecting tid=3732 as duplicate of class SUV, prev_tid=3728, dist=69.0px, thresh=150.0px, bbox_size=459.1x384.4
2026-08-29 12:49:52 [DEBUG] uvh_test.counter: track_id: 3735, frame: 358043, previous_bottom_center: (1285.81591796875, 380.32492), current_bottom_center: (1312.352783203125, 375.23248), previous_side: -7.46, current_side: 14.30, side_transition: True, crossing_result: True, direction: A_TO_B
2026-08-29 12:49:52 [DEBUG] uvh_test.main: frame=358043 COUNTED track_id=3735 class=Two-wheeler
2026-08-29 12:50:28 [DEBUG] uvh_test.counter: track_id: 3746, frame: 359207, previous_bottom_center: (1301.47119140625, 394.53275), current_bottom_center: (1327.5833740234375, 388.73587), previous_side: -7.25, current_side: 14.74, side_transition: True, crossing_result: True, direction: A_TO_B
2026-08-29 12:50:28 [DEBUG] uvh_test.main: frame=359207 COUNTED track_id=3746 class=Three-wheeler
2026-08-29 12:50:32 [DEBUG] uvh_test.counter: track_id: 3750, frame: 359303, previous_bottom_center: (1317.9892578125, 431.51028), current_bottom_center: (1360.0537109375, 421.56778), previous_side: -23.16, current_side: 12.71, side_transition: True, crossing_result: True, direction: A_TO_B
2026-08-29 12:50:32 [DEBUG] uvh_test.main: frame=359303 COUNTED track_id=3750 class=Two-wheeler
2026-08-29 12:50:48 [DEBUG] uvh_test.counter: track_id: 3753, frame: 359799, previous_bottom_center: (1179.196533203125, 551.0711), current_bottom_center: (1338.3525390625, 380.85504), previous_side: -205.19, current_side: 27.84, side_transition: True, crossing_result: True, direction: A_TO_B
2026-08-29 12:50:48 [DEBUG] uvh_test.main: frame=359799 COUNTED track_id=3753 class=tempo-traveller
2026-08-29 12:50:54 [INFO] uvh_test.main: Wrote results/vehicle_count_v1/tracks.jsonl
2026-08-29 12:50:56 [INFO] uvh_test.main: Wrote goods-vehicle crops for 588 track(s) under results/vehicle_count_v1/goods_tracks
2026-08-29 12:50:56 [INFO] uvh_test.main: Processing complete. Final Counts:
2026-08-29 12:50:56 [INFO] uvh_test.main: Two-wheeler: 560
2026-08-29 12:50:56 [INFO] uvh_test.main: Truck: 44
2026-08-29 12:50:56 [INFO] uvh_test.main: SUV: 72
2026-08-29 12:50:56 [INFO] uvh_test.main: Sedan: 49
2026-08-29 12:50:56 [INFO] uvh_test.main: Bus: 21
2026-08-29 12:50:56 [INFO] uvh_test.main: MUV: 31
2026-08-29 12:50:56 [INFO] uvh_test.main: Three-wheeler: 19
2026-08-29 12:50:56 [INFO] uvh_test.main: LCV: 35
2026-08-29 12:50:56 [INFO] uvh_test.main: tempo-traveller: 24
2026-08-29 12:50:56 [INFO] uvh_test.main: Hatchback: 8
VideoWriter initialized at: /storage/users/oauser/mvsa/results/vehicle_count_v1/annotated.mp4
